snapshot_version,cutoff_date,association_id,disease_code,pmid,pubmed_url,title,authors,abstract,keywords,publication_types,publication_year,journal,language_eligibility_status,eligibility_status,classification_status,semantic_status,relevance_class,decision_code,corpus_status,final_label_source,classification_version,integrity_status,integrity_last_checked_at,plain_language_explanation,eligibility_reason,language_exclusion_reason,association_updated_at
ndro-mvp-v0.1.2-20260823,2026-08-23,AD-R-001,AD,21514441,https://pubmed.ncbi.nlm.nih.gov/21514441/,Observations in APP bitransgenic mice suggest that diffuse and compact plaques form via independent processes in Alzheimer's disease.,Lord Anna; Philipson Ola; Klingstedt Therése; Westermark Gunilla; Hammarström Per; Nilsson K Peter R; Nilsson Lars N G,"Studies of familial Alzheimer's disease suggest that misfolding and aggregation of amyloid-β (Aβ) peptides initiate the pathogenesis. The Arctic mutation of Aβ precursor protein (APP) results in AD, and Arctic Aβ is more prone to form Aβ protofibrils and extracellular deposits. Herein is demonstrated that the burden of diffuse Aβ deposits but not compact plaques is increased when tg-Swe mice are crossed with tg-ArcSwe mice synthesizing low levels of Arctic Aβ. The diffuse deposits in bitransgenic mice, which contain primarily wild-type Aβ42, accumulate in regions both with and without transgene expression. However, APP processing, when compared with tg-Swe, remains unchanged in young bitransgenic mice, whereas wild-type Aβ42 aggregation is accelerated and fibril architecture is altered in vitro and in vivo when a low level of Arctic Aβ42 is introduced. Thus, the increased number of diffuse deposits is likely due to physical interactions between Arctic Aβ and wild-type Aβ42. The selective increase of a single type of parenchymal Aβ deposit suggests that different pathways lead to formation of diffuse and compact plaques. These findings could have general implications for Alzheimer's disease pathogenesis and particular relevance to patients heterozygous for the Arctic APP mutation. Moreover, it further illustrates how Aβ neuropathologic features can be manipulated in vivo by mechanisms similar to those originally conceptualized in prion research.",,"Journal Article; Research Support, Non-U.S. Gov't",2011,The American journal of pathology,eligible,eligible,final,complete,primary_focus,include,core,Consenso A+B,pilot-v1.1,no_pubmed_integrity_signal,2026-08-22 01:52:33.208402-03,This article is included in the NDRO core analytical corpus.,Estudo empírico original com abstract utilizável,,2026-08-22 01:52:33.208402-03
ndro-mvp-v0.1.2-20260823,2026-08-23,AD-R-002,AD,21996001,https://pubmed.ncbi.nlm.nih.gov/21996001/,Chronic treatment with rivastigmine in patients with Alzheimer's disease: a study on primary motor cortex excitability tested by 5 Hz-repetitive transcranial magnetic stimulation.,Trebbastoni A; Gilio F; D'Antonio F; Cambieri C; Ceccanti M; de Lena C; Inghilleri M,"OBJECTIVE: To investigate changes in cortical excitability and short-term synaptic plasticity we delivered 5 Hz repetitive transcranial magnetic stimulation (rTMS) over the primary motor cortex in 11 patients with mild-to-moderate Alzheimer's disease (AD) before and after chronic therapy with rivastigmine.
METHODS: Resting motor threshold (RMT), motor evoked potential (MEP), cortical silent period (CSP) after single stimulus and MEP facilitation during rTMS trains were tested three times during treatment. All patients underwent neuropsychological tests before and after receiving rivastigmine. rTMS data in patients were compared with those from age-matched healthy controls.
RESULTS: At baseline, RMT was significantly lower in patients than in controls whereas CSP duration and single MEP amplitude were similar in both groups. In patients, rTMS failed to induce the normal MEP facilitation during the trains. Chronic rivastigmine intake significantly increased MEP amplitude after a single stimulus, whereas it left the other neurophysiological variables studied unchanged. No significant correlation was found between patients' neuropsychological test scores and TMS measures.
CONCLUSIONS: Chronic treatment with rivastigmine has no influence on altered cortical excitability and short-term synaptic plasticity as tested by 5 Hz-rTMS.
SIGNIFICANCE: The limited clinical benefits related to cholinesterase inhibitor therapy in patients with AD depend on factors other than improved plasticity within the cortical glutamatergic circuits.",,Clinical Trial; Journal Article,2011,Clinical neurophysiology : official journal of the International Federation of Clinical Neurophysiology,eligible,eligible,final,complete,primary_focus,include,core,Consenso A+B,pilot-v1.1,no_pubmed_integrity_signal,2026-08-22 01:52:33.208402-03,This article is included in the NDRO core analytical corpus.,Estudo empírico original com abstract utilizável,,2026-08-22 01:52:33.208402-03
ndro-mvp-v0.1.2-20260823,2026-08-23,AD-R-003,AD,22835784,https://pubmed.ncbi.nlm.nih.gov/22835784/,Sphingolipids: critical players in Alzheimer's disease.,van Echten-Deckert Gerhild; Walter Jochen,"Alzheimer's disease is characterized by the progressive accumulation of extracellular deposits of the amyloid β-peptide (Aβ) and intraneuronal aggregates of the microtubule associated protein tau. Strong genetic, biochemical and cell biological evidence indicates critical roles of Aβ in the initiation of the pathogenic process, while tau might mediate its toxicity and neurodegeneration. Aβ is generated by proteolytic processing of the amyloid precursor protein (APP) by β- and γ-secretases. Alternatively, APP can also be cleaved by α-secretase within the Aβ domain, thereby precluding subsequent production of Aβ. APP and the three secretases are integral membrane proteins and follow secretory and endocytic trafficking pathways. Thus, the membrane lipid composition could play important roles in trafficking and metabolism of Alzheimer's disease related proteins. Sphingolipids and especially complex gangliosides are abundant and characteristic components of neuronal membranes. Together with cholesterol, they confer unique characteristics to membrane domains, thereby regulating subcellular trafficking and signaling pathways. Thus, sphingolipids emerged to important modulators of biological processes including cell growth, differentiation, and senescence. Defects in sphingolipid catabolism are long known to cause severe lysosomal storage disorders, often characterized by neurological phenotypes. In recent studies it became evident that impaired sphingolipid metabolism could also be involved in Alzheimer's disease.",,"Journal Article; Research Support, Non-U.S. Gov't; Review",2012,Progress in lipid research,eligible,excluded,final,not_applicable,,exclude,excluded_eligibility,Regra de elegibilidade,pilot-v1.1,no_pubmed_integrity_signal,2026-08-22 01:52:33.208402-03,This article is excluded because it does not meet NDRO eligibility requirements.,Revisão ou meta-análise,,2026-08-22 01:52:33.208402-03
ndro-mvp-v0.1.2-20260823,2026-08-23,AD-R-004,AD,23896296,https://pubmed.ncbi.nlm.nih.gov/23896296/,Structural and vibrational study of 8-hydroxyquinoline-2-carboxaldehyde isonicotinoyl hydrazone--a potential metal-protein attenuating compound (MPAC) for the treatment of Alzheimer's disease.,de Freitas Leonardo Viana; da Silva Cecilia C P; Ellena Javier; Costa Luiz Antônio Sodré; Rey Nicolás A,"A comprehensive structural and vibrational study of the potential metal-protein attenuating compound 8-hydroxyquinoline-2-carboxaldehyde isonicotinoyl hydrazone is reported. X-ray diffraction data, as well as FT-IR and Raman frequencies, were compared with the respective theoretical values obtained from DFT calculations. Theory agrees well with experiment. In this context, an attempt of total assignment concerning the FT-IR and Raman spectra of the title compound was performed, shedding new light on previous partial assignments published elsewhere.",Alzheimer’s disease; DFT calculations; Isoniazid; Vibrational spectroscopy; XRD,"Journal Article; Research Support, Non-U.S. Gov't",2013,"Spectrochimica acta. Part A, Molecular and biomolecular spectroscopy",eligible,eligible,final,not_applicable,not_relevant,exclude,excluded_relevance,Adjudicação humana,pilot-v1.1,no_pubmed_integrity_signal,2026-08-22 01:52:33.208402-03,This article is excluded because it does not meet NDRO scientific relevance criteria.,Elegibilidade confirmada durante adjudicação humana,,2026-08-22 01:52:33.208402-03
ndro-mvp-v0.1.2-20260823,2026-08-23,AD-R-005,AD,24300799,https://pubmed.ncbi.nlm.nih.gov/24300799/,[Neuropsychological features of mixed Alzheimer's and vascular dementia].,Roshchina I F; Mikhaĭlova N M,"Neuropsychological syndrome was defined in 94 patients with mixed Alzheimer's/vascular dementia, 75 patients with vascular dementia and 114 patients with Alzheimer's disease (AD) without clinical signs of cerebrovascular disease. Based on this data, the authors singled out main components of neuropsychological disorders in mild and moderate mixed dementia. The comparison of results of the quantitative assessment of neuropsychological functions (total parameters of three blocks of the brain according to A.R. Luria) in mixed dementia and AD revealed significant between-group differences at the stage of mild dementia. No differences was found between AD and moderate dementia. It has been concluded that the assessment of neuropsychological functions should be used for differential diagnosis of different forms of late-onset dementia and may help in understanding of the contribution of risk vascular factors to the development of dementia.",,Comparative Study; English Abstract; Journal Article,2013,Zhurnal nevrologii i psikhiatrii imeni S.S. Korsakova,eligible,eligible,final,complete,co_primary_focus,include,core,Consenso A+B,pilot-v1.1,no_pubmed_integrity_signal,2026-08-22 01:52:33.208402-03,This article is included in the NDRO core analytical corpus.,Estudo empírico original com abstract utilizável,,2026-08-22 01:52:33.208402-03
ndro-mvp-v0.1.2-20260823,2026-08-23,AD-R-006,AD,26049091,https://pubmed.ncbi.nlm.nih.gov/26049091/,The right insula contributes to memory awareness in cognitively diverse older adults.,Cosentino Stephanie; Brickman Adam M; Griffith Erica; Habeck Christian; Cines Sarah; Farrell Meagan; Shaked Danielle; Huey Edward D; Briner Tamara; Stern Yaakov,"Unawareness of memory loss is a challenging characteristic of Alzheimer's disease (AD) and other age-related neurodegenerative conditions at their earliest stages, adversely affecting important outcomes such as patient decision making and safety. The basis of this metacognitive disturbance has been elusive; however it is almost certainly determined in part by compromise to brain regions critical for self-assessment. The subjectivity of traditional measurements of self-awareness in dementia has likely limited the rigor with which its neuroanatomic correlates can be established. Here we objectively measure memory awareness (metamemory) using a Feeling of Knowing (FOK) task in a group of cognitively diverse older adults, including 14 with mild AD and 20 cognitively healthy older adults. Performance on the metamemory task was examined in relation to the structural integrity of 14 bilateral neuroanatomic regions hypothesized to support self-awareness. Less accurate metamemory was associated only with reduced right insular volume (r=.41, p=.019). Implications of the current findings for models of metacognitive aging are discussed, with attention to the role of the insula in the conscious detection of errors.",Alzheimer's disease; Anosognosia; Awareness; Insula; Metacognition,"Journal Article; Research Support, N.I.H., Extramural",2015,Neuropsychologia,eligible,eligible,final,complete,primary_focus,include,core,Consenso A+B,pilot-v1.1,no_pubmed_integrity_signal,2026-08-22 01:52:33.208402-03,This article is included in the NDRO core analytical corpus.,Estudo empírico original com abstract utilizável,,2026-08-22 01:52:33.208402-03
ndro-mvp-v0.1.2-20260823,2026-08-23,AD-R-007,AD,26890786,https://pubmed.ncbi.nlm.nih.gov/26890786/,Intranasal TAT-haFGF Improves Cognition and Amyloid-β Pathology in an AβPP/PS1 Mouse Model of Alzheimer's Disease.,Lou Guofeng; Zhang Qihao; Xiao Fei; Xiang Qi; Su Zhijian; Huang Yadong,"Neurotoxic amyloid-β (Aβ) peptide causing cognitive function disabilities is one of the most characteristic pathological features in Alzheimer's disease (AD). A novel fusion protein, TAT-haFGF, was administrated to AβPP/PS1 transgenic mice by intravenous (IV) injection and intranasal (IN) delivery, respectively, for 5 weeks to compare the pharmacodynamics between the two routes of administration. Our results showed that IN administration of TAT-haFGF improved cognition and reduced Aβ plaques more significantly in AβPP/PS1 mice, when compared with IV injection. Our new findings suggest that TAT-haFGF might be a promising new therapy to attenuate AD pathological process.",Alzheimer’s disease; AβPP/PS1; haFGF; intranasal administration; TAT,"Journal Article; Research Support, Non-U.S. Gov't",2016,Journal of Alzheimer's disease : JAD,eligible,eligible,final,complete,primary_focus,include,core,Consenso A+B,pilot-v1.1,no_pubmed_integrity_signal,2026-08-22 01:52:33.208402-03,This article is included in the NDRO core analytical corpus.,Estudo empírico original com abstract utilizável,,2026-08-22 01:52:33.208402-03
ndro-mvp-v0.1.2-20260823,2026-08-23,AD-R-008,AD,27048709,https://pubmed.ncbi.nlm.nih.gov/27048709/,Communicative Coping Behavior Checklist: Observation of Persons With Dementia in the Home Environment.,Saunders Pamela A; Ruth Julia; Latella Lauren; Talisman Nicholas,"PURPOSE OF THE STUDY: Communication contributes to increased stress, mortality, and decreased quality of life (QOL) for persons with dementia (PWD) and caregivers. PWD use communicative coping behaviors (CCBs) to manage the demands of the disease. However, most assessments neither look for nor give credit to communication behaviors. This is the first study to examine CCBs in the home environment as measured by the Communicative Coping Behavior Checklist (CCBC).
DESIGN AND METHODS: This cross-sectional quantitative study included 26 dementia and 18 cognitively normal control dyads. Raters observed their partners' CCBs at home, over several weeks and completed the CCBC. We analyzed the endorsement rates (how often behaviors were observed by a rater) of emotion and activity-focused CCBs in dementia and control dyads.
RESULTS: The primary outcome was rate of CCB endorsement. Secondary outcomes included dementia diagnosis, cognitive status, depressive mood, life satisfaction (SWL) and QOL. Dementia dyads endorsed 11 of 23 CCBs significantly more than control dyads. Action-focused CCBs (p < .001) were more frequent than emotion-focused CCBs (p = .004) in dementia dyads. Specific CCBs such as humor correlated with higher caregiver QOL (p = .019) and PWD's SWL (p = .003). Another CCB, general humor, correlated with lower PWD's SWL (p = .024).
IMPLICATIONS: This was the first study to examine CCBs in the home environment comparing dementia and control dyads. Higher endorsement rates of action-focused than emotion-focused CCBs were seen in dementia dyads. We conclude that attention to CCBs during treatment and care will improve QOL and SWL of PWD and caregivers.",Alzheimers; Assessment; Communication; Coping; Dementia; Language,Journal Article,2016,The Gerontologist,eligible,eligible,final,not_applicable,not_relevant,exclude,excluded_relevance,Consenso A+B,pilot-v1.1,no_pubmed_integrity_signal,2026-08-22 01:52:33.208402-03,This article is excluded because it does not meet NDRO scientific relevance criteria.,Estudo empírico original com abstract utilizável,,2026-08-22 01:52:33.208402-03
ndro-mvp-v0.1.2-20260823,2026-08-23,AD-R-009,AD,28503138,https://pubmed.ncbi.nlm.nih.gov/28503138/,Enhanced Feedback-Related Negativity in Alzheimer's Disease.,Nitta Eri; Onoda Keiichi; Ishitobi Fuminori; Okazaki Ryota; Mishima Seiji; Nagai Atsushi; Yamaguchi Shuhei,"Alzheimer's disease (AD), the most common cause of dementia in the elderly, results in the impairment of executive function, including that of performance monitoring. Feedback-related negativity (FRN) is an electrophysiological measure reflecting the activity of this monitoring system via feedback signals, and is generated from the anterior cingulate cortex. However, there have been no reports on FRN in AD. Based on prior aging studies, we hypothesized that FRN would decrease in AD patients. To assess this, FRN was measured in healthy individuals and those with AD during a simple gambling task involving positive and negative feedback stimuli. Contrary to our hypothesis, FRN amplitude increased in AD patients, compared with the healthy elderly. We speculate that this may reflect the existence of a compensatory mechanism against the decline in executive function. Also, there was a significant association between FRN amplitude and depression scores in AD, and the FRN amplitude tended to increase insomuch as the Self-rating Depression Scale (SDS) was higher. This result suggests the existence of a negative bias in the affective state in AD. Thus, the impaired functioning monitoring system in AD is a more complex phenomenon than we thought.",aging; Alzheimer’s disease; depression; feedback-related negativity; monitoring systems,Journal Article,2017,Frontiers in human neuroscience,eligible,eligible,final,complete,primary_focus,include,core,Consenso A+B,pilot-v1.1,no_pubmed_integrity_signal,2026-08-22 01:52:33.208402-03,This article is included in the NDRO core analytical corpus.,Estudo empírico original com abstract utilizável,,2026-08-22 01:52:33.208402-03
ndro-mvp-v0.1.2-20260823,2026-08-23,AD-R-010,AD,29109789,https://pubmed.ncbi.nlm.nih.gov/29109789/,Nucleic Acid-Based Theranostics for Tackling Alzheimer's Disease.,Chakravarthy Madhuri; Chen Suxiang; Dodd Peter R; Veedu Rakesh N,"Nucleic acid-based technologies have received significant interest in recent years as novel theranostic strategies for various diseases. The approval by the United States Food and Drug Administration (FDA) of Nusinersen, an antisense oligonucleotide drug, for the treatment of spinal muscular dystrophy highlights the potential of nucleic acids to treat neurological diseases, including Alzheimer's disease (AD). AD is a devastating neurodegenerative disease characterized by progressive impairment of cognitive function and behavior. It is the most common form of dementia; it affects more than 20% of people over 65 years of age and leads to death 7-15 years after diagnosis. Intervention with novel agents addressing the underlying molecular causes is critical. Here we provide a comprehensive review on recent developments in nucleic acid-based theranostic strategies to diagnose and treat AD.",Alzheimer's disease; amyloid beta peptides; chemically modified oligonucleotides; nucleic acid therapeutics.; nucleic acids; tau peptide,"Journal Article; Research Support, Non-U.S. Gov't; Review",2017,Theranostics,eligible,excluded,final,not_applicable,,exclude,excluded_eligibility,Regra de elegibilidade,pilot-v1.1,no_pubmed_integrity_signal,2026-08-22 01:52:33.208402-03,This article is excluded because it does not meet NDRO eligibility requirements.,Revisão ou meta-análise,,2026-08-22 01:52:33.208402-03
ndro-mvp-v0.1.2-20260823,2026-08-23,AD-R-011,AD,30862780,https://pubmed.ncbi.nlm.nih.gov/30862780/,Correction: Aberrant iPSC-derived human astrocytes in Alzheimer's disease.,Jones V C; Atkinson-Dell R; Verkhratsky A; Mohamet L,"The original version of this Article contained an error in Fig. 1, in which a number of incorrect fluorescence images were inadvertently incorporated into the panel. This has been corrected in both the PDF and HTML versions of the Article.",,Published Erratum,2019,Cell death & disease,eligible,excluded,final,not_applicable,,exclude,excluded_eligibility,Regra de elegibilidade,pilot-v1.1,corrected,2026-08-22 01:52:33.208402-03,This article is excluded because it does not meet NDRO eligibility requirements.,"Editorial, comentário ou carta",,2026-08-22 01:52:33.208402-03
ndro-mvp-v0.1.2-20260823,2026-08-23,AD-R-012,AD,31378059,https://pubmed.ncbi.nlm.nih.gov/31378059/,"1-Trifluoromethoxyphenyl-3-(1-propionylpiperidin-4-yl) Urea, a Selective and Potent Dual Inhibitor of Soluble Epoxide Hydrolase and p38 Kinase Intervenes in Alzheimer's Signaling in Human Nerve Cells.",Liang Zhibin; Zhang Bei; Xu Meng; Morisseau Christophe; Hwang Sung Hee; Hammock Bruce D; Li Qing X,"Alzheimer's disease (AD) is the most common neurodegenerative disorder. Neuroinflammation is a prevalent pathogenic stress leading to neuronal death in AD. Targeting neuroinflammation to keep neurons alive is an attractive strategy for AD therapy. 1-Trifluoromethoxyphenyl-3-(1-propionylpiperidin-4-yl) urea (TPPU) is a potent inhibitor of soluble epoxide hydrolase (sEH) and can enter into the brain. It has good efficacy on a wide range of chronic inflammatory diseases in preclinical animal models. However, the anti-neuroinflammatory effects and molecular mechanisms of TPPU for potential AD interventions remain elusive. With an aim to develop multitarget therapeutics for neurodegenerative diseases, we screened TPPU against sEH from different mammalian species and a broad panel of human kinases in vitro for potential new targets relevant to neuroinflammation in AD. TPPU inhibits both human sEH and p38β kinase, two key regulators of inflammation, with nanomolar potencies and distinct selectivity. To further elucidate the molecular mechanisms, differentiated SH-SY5Y human neuroblastoma cells were used as an AD cell model, and we investigated the neuroprotection of TPPU against amyloid oligomers. We found that TPPU effectively prevents neuronal death by mitigating amyloid neurotoxicity, tau hyperphosphorylation, and mitochondrial dysfunction, promoting neurite outgrowth and suppressing activation and nuclear translocation of NF-κB for inflammatory responses in human nerve cells. The results indicate that TPPU is a potent and selective dual inhibitor of sEH and p38β kinase, showing a synergistic action in multiple AD signaling pathways. Our study sheds light upon TPPU and other sEH/p38β dual inhibitors for potential pharmacological interventions in AD.",Alzheimer’s disease; dual inhibitor; mitochondrial dysfunction; neuroinflammation; neuroprotection; p38 mitogen-activated protein kinase; soluble epoxide hydrolase,"Journal Article; Research Support, N.I.H., Extramural; Research Support, Non-U.S. Gov't; Research Support, U.S. Gov't, Non-P.H.S.",2019,ACS chemical neuroscience,eligible,eligible,final,complete,primary_focus,include,core,Consenso A+B,pilot-v1.1,no_pubmed_integrity_signal,2026-08-22 01:52:33.208402-03,This article is included in the NDRO core analytical corpus.,Estudo empírico original com abstract utilizável,,2026-08-22 01:52:33.208402-03
ndro-mvp-v0.1.2-20260823,2026-08-23,AD-R-013,AD,31699327,https://pubmed.ncbi.nlm.nih.gov/31699327/,Using mirror-image peptides to enhance robustness and reproducibility in studying the amyloid β-protein.,Kuhn Ariel J; Raskatov Jevgenij A,"Alzheimer's disease, the most common form of dementia, is a devastating disease that affects over 44 million people worldwide. One etiological agent of Alzheimer's, the amyloid β-protein (Aβ), is an aggregation-prone, intrinsically disordered peptide that can form a wide variety of aggregates. The pathways by which Aβ aggregates in order to exert its toxicity, referred to as the Amyloid Cascade, remains largely elusive despite substantial deconvolution efforts. Preparing high-quality material that exhibits reproducible biophysical characteristics has proven challenging. Herein, we propose that mirror-image peptides can be used to rigorously control Aβ preparation quality.",Alzheimer's disease; Amyloid β; Biophysics; Chirality; Fibrils; Intrinsically disordered peptides; Peptides; Thioflavin T,Journal Article; Review,2019,Progress in molecular biology and translational science,eligible,excluded,final,not_applicable,,exclude,excluded_eligibility,Regra de elegibilidade,pilot-v1.1,no_pubmed_integrity_signal,2026-08-22 01:52:33.208402-03,This article is excluded because it does not meet NDRO eligibility requirements.,Revisão ou meta-análise,,2026-08-22 01:52:33.208402-03
ndro-mvp-v0.1.2-20260823,2026-08-23,AD-R-014,AD,32010698,https://pubmed.ncbi.nlm.nih.gov/32010698/,Culprit or Bystander: Defective Mitophagy in Alzheimer's Disease.,Xie Chenglong; Aman Yahyah; Adriaanse Bryan A; Cader M Zameel; Plun-Favreau Hélène; Xiao Jian; Fang Evandro F,"Mitophagy is a selective engulfment and degradation of damaged mitochondria through the cellular autophagy machinery, a major mechanism responsible for mitochondrial quality control. Increased accumulation of damaged mitochondria in the Alzheimer's disease (AD) human brain are evident, although underlying mechanisms largely elusive. Recent studies indicate impaired mitophagy may contribute to the accumulation of damaged mitochondria in cross-species AD animal models and in AD patient iPSC-derived neurons. Studies from AD highlight feed-forward vicious cycles between defective mitophagy, and the principal AD pathological hallmarks, including amyloid-β plaques, tau tangles, and inflammation. The concomitant and intertwined connections among those hallmarks of AD and the absence of a real humanized AD rodent model present a challenge on how to determine if defective mitophagy is an early event preceding and causal of Tau/Aβ proteinopathies. Whilst further studies are required to understand these relationships, targeting defective mitophagy holds promise as a new therapeutic strategy for AD.",aging; Alzheimer’s disease; memory; mitophagy; neuroprotection,Journal Article; Review,2020,Frontiers in cell and developmental biology,eligible,excluded,final,not_applicable,,exclude,excluded_eligibility,Regra de elegibilidade,pilot-v1.1,no_pubmed_integrity_signal,2026-08-22 01:52:33.208402-03,This article is excluded because it does not meet NDRO eligibility requirements.,Revisão ou meta-análise,,2026-08-22 01:52:33.208402-03
ndro-mvp-v0.1.2-20260823,2026-08-23,AD-R-015,AD,34118592,https://pubmed.ncbi.nlm.nih.gov/34118592/,Cross-cohort generalizability of deep and conventional machine learning for MRI-based diagnosis and prediction of Alzheimer's disease.,Bron Esther E; Klein Stefan; Papma Janne M; Jiskoot Lize C; Venkatraghavan Vikram; Linders Jara; Aalten Pauline; De Deyn Peter Paul; Biessels Geert Jan; Claassen Jurgen A H R; Middelkoop Huub A M; Smits Marion; Niessen Wiro J; van Swieten John C; van der Flier Wiesje M; Ramakers Inez H G B; van der Lugt Aad; Alzheimer’s Disease Neuroimaging Initiative; Parelsnoer Neurodegenerative Diseases study group,"This work validates the generalizability of MRI-based classification of Alzheimer's disease (AD) patients and controls (CN) to an external data set and to the task of prediction of conversion to AD in individuals with mild cognitive impairment (MCI). We used a conventional support vector machine (SVM) and a deep convolutional neural network (CNN) approach based on structural MRI scans that underwent either minimal pre-processing or more extensive pre-processing into modulated gray matter (GM) maps. Classifiers were optimized and evaluated using cross-validation in the Alzheimer's Disease Neuroimaging Initiative (ADNI; 334 AD, 520 CN). Trained classifiers were subsequently applied to predict conversion to AD in ADNI MCI patients (231 converters, 628 non-converters) and in the independent Health-RI Parelsnoer Neurodegenerative Diseases Biobank data set. From this multi-center study representing a tertiary memory clinic population, we included 199 AD patients, 139 participants with subjective cognitive decline, 48 MCI patients converting to dementia, and 91 MCI patients who did not convert to dementia. AD-CN classification based on modulated GM maps resulted in a similar area-under-the-curve (AUC) for SVM (0.940; 95%CI: 0.924-0.955) and CNN (0.933; 95%CI: 0.918-0.948). Application to conversion prediction in MCI yielded significantly higher performance for SVM (AUC = 0.756; 95%CI: 0.720-0.788) than for CNN (AUC = 0.742; 95%CI: 0.709-0.776) (p<0.01 for McNemar's test). In external validation, performance was slightly decreased. For AD-CN, it again gave similar AUCs for SVM (0.896; 95%CI: 0.855-0.932) and CNN (0.876; 95%CI: 0.836-0.913). For prediction in MCI, performances decreased for both SVM (AUC = 0.665; 95%CI: 0.576-0.760) and CNN (AUC = 0.702; 95%CI: 0.624-0.786). Both with SVM and CNN, classification based on modulated GM maps significantly outperformed classification based on minimally processed images (p=0.01). Deep and conventional classifiers performed equally well for AD classification and their performance decreased only slightly when applied to the external cohort. We expect that this work on external validation contributes towards translation of machine learning to clinical practice.",Alzheimer’s disease; Convolutional Neural Network; External validation; Support vector machine,"Journal Article; Multicenter Study; Research Support, N.I.H., Extramural; Research Support, Non-U.S. Gov't; Research Support, U.S. Gov't, Non-P.H.S.",2021,NeuroImage. Clinical,eligible,eligible,final,complete,primary_focus,include,core,Consenso A+B,pilot-v1.1,no_pubmed_integrity_signal,2026-08-22 01:52:33.208402-03,This article is included in the NDRO core analytical corpus.,Estudo empírico original com abstract utilizável,,2026-08-22 01:52:33.208402-03
ndro-mvp-v0.1.2-20260823,2026-08-23,AD-R-016,AD,35078269,https://pubmed.ncbi.nlm.nih.gov/35078269/,Mechanistic and therapeutic role of Drp1 in the pathogenesis of Alzheimer's disease.,Bera Arpita; Lavanya Gantyada; Reshmi Ravada; Dev Kapil; Kumar Rahul,"Alzheimer's disease (AD), a progressive neurodegenerative disorder, has emerged as the most common form of dementia in the elderly. Two major pathological hallmarks have been identified for AD: extracellular amyloid plaques and intracellular neurofibrillary tangles (NFT). Recently, dynamin-related protein 1 (Drp1) was recognized to contribute significantly towards the pathogenesis of AD. Drp1 is primarily located in the cytosol, from where it translocates to the mitochondrial outer membrane and drives the mitochondrial fission via GTP hydrolysis. Drp1 interacts with Aβ and phosphorylated tau, leading to excessive mitochondrial fragmentation, which in turn results in synaptic dysfunction, neuronal damage and cognitive decline. Several studies suggest an increase in the level of Drp1 in the post-mortem brain specimen collected from the AD patients and murine models of AD. Interestingly, heterozygous deletion of Drp1 in the transgenic murine model of AD ameliorates the mitochondrial dysfunction, improving learning and memory. The current review article discusses the possible mechanistic pathways by which Drp1 can influence the pathogenesis of AD. Besides, it will describe various inhibitors for Drp1 and their potential role as therapeutics for AD in the future.",amyloid plaques; Drp1; mitophagy; neurodegeneration; neurofibrillary tangles; tau phosphorylation,Journal Article; Review,2022,The European journal of neuroscience,eligible,excluded,final,not_applicable,,exclude,excluded_eligibility,Regra de elegibilidade,pilot-v1.1,no_pubmed_integrity_signal,2026-08-22 01:52:33.208402-03,This article is excluded because it does not meet NDRO eligibility requirements.,Revisão ou meta-análise,,2026-08-22 01:52:33.208402-03
ndro-mvp-v0.1.2-20260823,2026-08-23,AD-R-017,AD,35344200,https://pubmed.ncbi.nlm.nih.gov/35344200/,Application of 3D Whole-Brain Texture Analysis and the Feature Selection Method Based on within-Class Scatter in the Classification and Diagnosis of Alzheimer's Disease.,Zhou Ke; Liu Zhou; He Wenguang; Cai Jie; Hu Lingjing,"BACKGROUND: Patients with mild cognitive impairment (MCI) are a high-risk group for Alzheimer's disease (AD). Thus, a reliable prediction of the conversion from MCI to AD based on three-dimensional (3D) texture features of MRI images could help doctors in developing effective treatment protocols.
METHODS: The 3D texture features of the whole-brain were deduced based on the gray-level co-occurrence matrix. Then, the embedded feature selection method based on least squares loss and within-class scatter (LSWCS) was employed to select the optimal subsets of features that were used for binary classification (AD, MCI_C, MCI_S, normal control in pairs) based on SVM. A tenfold cross validation was repeated ten times for each classification. LASSO, fused_LASSO, and group LASSO are used in feature selection step for comparison.
RESULTS: The accuracy and the selected features are the focus of clinical diagnosis reports, indicating that the feature selection algorithm is effective.",3D texture analysis; Alzheimer’s disease; Classification; Feature selection; Mild cognitive impairment,"Journal Article; Research Support, Non-U.S. Gov't",2022,Therapeutic innovation & regulatory science,eligible,eligible,final,complete,primary_focus,include,core,Consenso A+B,pilot-v1.1,no_pubmed_integrity_signal,2026-08-22 01:52:33.208402-03,This article is included in the NDRO core analytical corpus.,Estudo empírico original com abstract utilizável,,2026-08-22 01:52:33.208402-03
ndro-mvp-v0.1.2-20260823,2026-08-23,AD-R-018,AD,38306048,https://pubmed.ncbi.nlm.nih.gov/38306048/,Codon Pattern and Context Analysis in Genes Triggering Alzheimer's Disease and Latent Tau Protein Aggregation Post-Anesthesia Exhibited Unique Molecular Patterns Associated with Functional Aspects.,Jiao Liyuan; Jing Ziye; Zhang Wenjie; Su Xuesen; Yan Hualei; Tian Shouyuan,"BACKGROUND: Previous reports have demonstrated post-operative dementia and Alzheimer's disease (AD), and increased amyloid-β levels and tau hyperphosphorylation have been observed in animal models post-anesthesia.
OBJECTIVE: After surgical interventions, loss in memory has been observed that has been found linked with genes modulated after anesthesia. Present study aimed to study molecular pattern present in genes modulated post anesthesia and involved in characters progressing towards AD.
METHODS: In the present study, 17 transcript variants belonging to eight genes, which have been found to modulate post-anesthesia and contribute to AD progression, were envisaged for their compositional features, molecular patterns, and codon and codon context-associated studies.
RESULTS: The sequences' composition was G/C rich, influencing dinucleotide preference, codon preference, codon usage, and codon context. The G/C nucleotides being highly occurring nucleotides, CpGdinucleotides were also preferred; however, CpG was highly disfavored at p3-1 at the codon junction. The nucleotide composition of Cytosine exhibited a unique feature, and unlike other nucleotides, it did not correlate with codon bias. Contrarily, it correlated with the sequence lengths. The sequences were leucine-rich, and multiple leucine repeats were present, exhibiting the functional role of neuroprotection from neuroinflammation post-anesthesia.
CONCLUSIONS: The analysis pave the way to elucidate unique molecular patterns in genes modulated during anesthetic treatment and might help ameliorate the ill effects of anesthetics in the future.",Alzheimer’s disease; anesthesia; codon context; CpG overrepresentation; gene modulation; tau aggregation,Journal Article,2024,Journal of Alzheimer's disease : JAD,eligible,eligible,final,complete,primary_focus,include,core,Consenso A+B,pilot-v1.1,no_pubmed_integrity_signal,2026-08-22 01:52:33.208402-03,This article is included in the NDRO core analytical corpus.,Estudo empírico original confirmado por leitura do abstract,,2026-08-22 01:52:33.208402-03
ndro-mvp-v0.1.2-20260823,2026-08-23,AD-R-019,AD,40084666,https://pubmed.ncbi.nlm.nih.gov/40084666/,Association of Alzheimer's disease genetic risk with age-dependent changes in plasma amyloid-β42:40 in Veterans.,Pierce Meghan E; Logue Mark; Sherva Richard; Miller Mark; Huber Bertrand R; Milberg William; Hayes Jasmeet P,"BackgroundIdentifying biomarkers of Alzheimer's disease (AD) is critical for early diagnosis and AD risk assessment.ObjectiveWe examined the hypothesis that the plasma amyloid-β 42 and 40 (Aβ42:40) ratio has a curvilinear relationship with age among individuals who are at higher genetic risk for AD.MethodsThis study investigated the relationship between plasma amyloid-β 42 and 40 (Aβ42:40) ratio and age in 315 men and women Veterans, including those at genetic risk for AD. Hierarchical regression models investigated linear and nonlinear relationships between age, genetic risk, and Aβ42:40.ResultsWe observed a curvilinear relationship between age and Aβ42:40 in individuals with higher genetic risk, characterized by an increase in the Aβ42:40 during midlife followed by a decrease in older age.ConclusionsThese findings highlight distinct patterns in Aβ metabolism among genetically predisposed individuals, suggesting that early metabolic shifts may play a role in the progression of AD. Understanding these nuanced changes is essential for refining the use of Aβ42:40 ratio as a biomarker, potentially leading to more accurate risk stratification and earlier intervention strategies in AD.",Alzheimer's disease; amyloid-β; biomarkers; genetic risk score; Veterans,"Journal Article; Research Support, N.I.H., Extramural; Research Support, Non-U.S. Gov't",2025,Journal of Alzheimer's disease : JAD,eligible,eligible,final,complete,primary_focus,include,core,Consenso A+B,pilot-v1.1,no_pubmed_integrity_signal,2026-08-22 01:52:33.208402-03,This article is included in the NDRO core analytical corpus.,Estudo empírico original confirmado por leitura do abstract,,2026-08-22 01:52:33.208402-03
ndro-mvp-v0.1.2-20260823,2026-08-23,AD-R-020,AD,41610733,https://pubmed.ncbi.nlm.nih.gov/41610733/,Association between sleep duration and fluid biomarkers of Alzheimer's disease: A systematic review.,Young Vanessa M; Zeynoun Joy; Ruiz Laza Agustin; Salardini Arash; Frei Christopher R; Gaspard Christine; Kautz Tiffany; Macedo E Cordeiro Thiago; Pase Matthew P; Gelfond Jonathan; Himali Jayandra Jung; Teixeira Antonio L; Seshadri Sudha; Baril Andrée-Ann,"This systematic review (PROSPERO CRD420246206360) investigated relationships between self-reported or objective sleep duration and fluid biomarkers of Alzheimer's disease pathology and neurodegeneration: cerebrospinal fluid or blood Aβ, p-tau181, t-tau, NfL and GFAP. We searched PubMed, SCOPUS, and CINAHL from inception to September 2024. Twenty studies (n = 12,445) met inclusion criteria (13 cerebrospinal fluid biomarkers [n = 2836]; 7 blood biomarkers [n = 9609]). Study quality was assessed using Newcastle-Ottawa scales. Whereas many studies did not report any associations, some trends emerged: short sleep duration was associated with higher cerebrospinal fluid t-tau and p-tau181 and lower cerebrospinal fluid or blood Aβ42 across multiple studies. Longer sleep duration showed more variable associations, with some suggesting either worse or better biomarker profiles (e.g., higher and lower fluid t-tau, p-tau181, or Aβ42). Two studies investigating non-linear relationships identified U-shaped associations, suggesting both short (≤5-6 h) and long (≥8 h) sleep durations are associated with altered biomarker profiles. The predominantly cross-sectional and high heterogeneity of the available evidence, as well as the relatively small number of studies by individual biomarker (especially for NfL and GFAP) limit conclusions about sleep-biomarker relationships. Future research should investigate emerging blood-based biomarkers and explore temporal associations between sleep duration and Alzheimer's disease biomarker changes.",Alzheimer's disease; Amyloid-beta; Blood biomarkers; Cerebrospinal fluid; Dementia; Neurodegeneration; Sleep; Sleep duration; Tau; Total sleep time,Journal Article; Review; Systematic Review,2026,Sleep medicine reviews,eligible,excluded,final,not_applicable,,exclude,excluded_eligibility,Regra de elegibilidade,pilot-v1.1,no_pubmed_integrity_signal,2026-08-22 01:52:33.208402-03,This article is excluded because it does not meet NDRO eligibility requirements.,Revisão ou meta-análise,,2026-08-22 01:52:33.208402-03
ndro-mvp-v0.1.2-20260823,2026-08-23,AD-R-021,AD,21106426,https://pubmed.ncbi.nlm.nih.gov/21106426/,"Respiratory myoclonus, a side effect of galantamine.",Hernández-Fernández F; Pardal-Fernández J M; García-Martínez E; Segura T,,,Case Reports; Letter,2010,Farmacia hospitalaria : organo oficial de expresion cientifica de la Sociedad Espanola de Farmacia Hospitalaria,excluded,excluded,final,not_applicable,,exclude,excluded_eligibility,Regra de elegibilidade,pilot-v1.1,no_pubmed_integrity_signal,2026-08-22 01:52:33.208402-03,This article is excluded because it does not meet NDRO eligibility requirements.,Abstract ausente,Abstract missing from the public PubMed record.,2026-08-22 01:52:33.208402-03
ndro-mvp-v0.1.2-20260823,2026-08-23,AD-R-022,AD,21374846,https://pubmed.ncbi.nlm.nih.gov/21374846/,Long-term care: facility quality and safety. Issue brief.,Thomson Reuters/West,,,Journal Article,2011,Issue brief (Health Policy Tracking Service),excluded,excluded,final,not_applicable,,exclude,excluded_eligibility,Regra de elegibilidade,pilot-v1.1,no_pubmed_integrity_signal,2026-08-22 01:52:33.208402-03,This article is excluded because it does not meet NDRO eligibility requirements.,Abstract ausente,Abstract missing from the public PubMed record.,2026-08-22 01:52:33.208402-03
ndro-mvp-v0.1.2-20260823,2026-08-23,AD-R-023,AD,21992015,https://pubmed.ncbi.nlm.nih.gov/21992015/,The Danish version of the Baylor Profound Mental State Examination.,Kørner Alex; Brogaard Anette; Wissum Irene; Petersen Ulla,"BACKGROUND: An instrument of assessing the cognitive status of the severely demented is needed.
AIM: To validate the Danish version of the cognitive part of the Baylor Profound Mental State Examination (BPMSE-cog).
DESIGN: Participants were residents in dementia care units. The Mini-Mental State Examination (MMSE), the Severe Impairment Battery (SIB), the Geriatric Deterioration Scale (GDS) and the Disability Assessment of Dementia (DAD) were co-administered. Three assessments were performed: at baseline, 1 week and 6 months later. At visits 1 and 3, participants were assessed blinded by a geriatric psychiatrist (GDS, MMSE and diagnosis) and by a registered nurse (BPMSE-cog, SIB, DAD). At visit 2, assessments were made by the RN only. Test-retest and inter-rater reliabilities were calculated. External validity was assessed in terms of correlation to MMSE, SIB, GDS and DAD; internal validity was assessed using Cronbach's alpha, Mokken/Loevinger coefficients and the item response analysis.
RESULTS: Inter-rater reliability and test-retest reliability were very high for total scale as well as for the subscales. The external validity was satisfactory with correlation coefficients: MMSE: 0.74; SIB: 0.89; the GDS 0.83; DAD: 0.67 (P < 0.001). Results further indicate that there is a ceiling but no floor effect of the BPMSE-cog. The internal validity was highly satisfactory demonstrating sufficient internal consistency and homogeneity of the scale. The item response analysis showed an even distribution of the 25 items.
CONCLUSION: The BPMSE-cog is a very stable and strong scale and is recommended as a severity measurement for the cognitive performance of patients suffering from severe dementia.",,Journal Article; Validation Study,2011,Nordic journal of psychiatry,eligible,eligible,final,not_applicable,not_relevant,exclude,excluded_relevance,Consenso A+B,pilot-v1.1,no_pubmed_integrity_signal,2026-08-22 01:52:33.208402-03,This article is excluded because it does not meet NDRO scientific relevance criteria.,Estudo empírico original com abstract utilizável,,2026-08-22 01:52:33.208402-03
ndro-mvp-v0.1.2-20260823,2026-08-23,AD-R-024,AD,22572552,https://pubmed.ncbi.nlm.nih.gov/22572552/,The diagnostic accuracy of telegeriatrics for the diagnosis of dementia via video conferencing.,Martin-Khan Melinda; Flicker Leon; Wootton Richard; Loh Poh-Kooh; Edwards Helen; Varghese Paul; Byrne Gerard J; Klein Kerenaftali; Gray Leonard C,"INTRODUCTION: The suitability of video conferencing (VC) technology for clinical purposes relevant to geriatric medicine is still being established. This project aimed to determine the validity of the diagnosis of dementia via VC.
METHODS: This was a multisite, noninferiority, prospective cohort study. Patients, aged 50 years and older, referred by their primary care physician for cognitive assessment, were assessed at 4 memory disorder clinics. All patients were assessed independently by 2 specialist physicians. They were allocated one face-to-face (FTF) assessment (Reference standard--usual clinical practice) and an additional assessment (either usual FTF assessment or a VC assessment) on the same day. Each specialist physician had access to the patient chart and the results of a battery of standardized cognitive assessments administered FTF by the clinic nurse. Percentage agreement (P(0)) and the weighted kappa statistic with linear weight (K(w)) were used to assess inter-rater reliability across the 2 study groups on the diagnosis of dementia (cognition normal, impaired, or demented).
RESULTS: The 205 patients were allocated to group: Videoconference (n = 100) or Standard practice (n = 105); 106 were men. The average age was 76 (SD 9, 51-95) and the average Standardized Mini-Mental State Examination Score was 23.9 (SD 4.7, 9-30). Agreement for the Videoconference group (P(0)= 0.71; K(w) = 0.52; P < .0001) and agreement for the Standard Practice group (P(0)= 0.70; K(w) = 0.50; P < .0001) were both statistically significant (P < .05). The summary kappa statistic of 0.51 (P = .84) indicated that VC was not inferior to FTF assessment.
CONCLUSIONS: Previous studies have shown that preliminary standardized assessment tools can be reliably administered and scored via VC. This study focused on the geriatric assessment component of the interview (interpretation of standardized assessments, taking a history and formulating a diagnosis by medical specialist) and identified high levels of agreement for diagnosing dementia. A model of service incorporating either local or remote administered standardized assessments, and remote specialist assessment, is a reliable process for enabling the diagnosis of dementia for isolated older adults.",,"Journal Article; Research Support, Non-U.S. Gov't; Validation Study",2012,Journal of the American Medical Directors Association,eligible,eligible,final,not_applicable,not_relevant,exclude,excluded_relevance,Consenso A+B,pilot-v1.1,no_pubmed_integrity_signal,2026-08-22 01:52:33.208402-03,This article is excluded because it does not meet NDRO scientific relevance criteria.,Estudo empírico original com abstract utilizável,,2026-08-22 01:52:33.208402-03
ndro-mvp-v0.1.2-20260823,2026-08-23,AD-R-025,AD,22814030,https://pubmed.ncbi.nlm.nih.gov/22814030/,The reliability and validity of the mini-mental state examination in the elderly Croatian population.,Boban Marina; Malojčić Branko; Mimica Ninoslav; Vuković Sunčica; Zrilić Ivan; Hof Patrick R; Simić Goran,"AIM: The aim of this study was standardization and validation of the Mini-Mental State Examination (MMSE) in the general Croatian aging population.
METHODS: Three-hundred and forty-four participants underwent the MMSE test, 217 cognitively healthy subjects without neurological and psychiatric disorders and 127 patients with mild cognitive impairment (MCI) or dementia.
RESULTS: The optimal cutoff point for screening of the general Croatian population (cognitively healthy vs. MCI and dementia) is 26/27; in the Croatian population aged ≥65 years, the cutoff point is 24/25, whereas for screening of highly educated persons (≥14 years of education) aged ≥65 years a higher cutoff point should be used (26/27).
CONCLUSIONS: MMSE results when standardized and validated in a certain population might better contribute to recognition of the individuals at risk that should be directed to dementia outpatient clinics.",,"Journal Article; Research Support, Non-U.S. Gov't; Validation Study",2012,Dementia and geriatric cognitive disorders,eligible,eligible,final,not_applicable,not_relevant,exclude,excluded_relevance,Consenso A+B,pilot-v1.1,no_pubmed_integrity_signal,2026-08-22 01:52:33.208402-03,This article is excluded because it does not meet NDRO scientific relevance criteria.,Estudo empírico original com abstract utilizável,,2026-08-22 01:52:33.208402-03
ndro-mvp-v0.1.2-20260823,2026-08-23,AD-R-026,AD,24942284,https://pubmed.ncbi.nlm.nih.gov/24942284/,"Why exercise is good for your brain: A closer look at the underlying mechanisms suggests that some sports, especially combined with mental activity, may be more effective than others.",Weigmann Katrin,,,Editorial; Introductory Journal Article,2014,EMBO reports,excluded,excluded,final,not_applicable,,exclude,excluded_eligibility,Regra de elegibilidade,pilot-v1.1,no_pubmed_integrity_signal,2026-08-22 01:52:33.208402-03,This article is excluded because it does not meet NDRO eligibility requirements.,Abstract ausente,Abstract missing from the public PubMed record.,2026-08-22 01:52:33.208402-03
ndro-mvp-v0.1.2-20260823,2026-08-23,AD-R-027,AD,26020259,https://pubmed.ncbi.nlm.nih.gov/26020259/,Concussion: a primer for the physician.,Raukar Neha; Chao Linda,,,Journal Article,2015,Rhode Island medical journal (2013),excluded,excluded,final,not_applicable,,exclude,excluded_eligibility,Regra de elegibilidade,pilot-v1.1,no_pubmed_integrity_signal,2026-08-22 01:52:33.208402-03,This article is excluded because it does not meet NDRO eligibility requirements.,Abstract ausente,Abstract missing from the public PubMed record.,2026-08-22 01:52:33.208402-03
ndro-mvp-v0.1.2-20260823,2026-08-23,AD-R-028,AD,26915498,https://pubmed.ncbi.nlm.nih.gov/26915498/,Control-group feature normalization for multivariate pattern analysis of structural MRI data using the support vector machine.,Linn Kristin A; Gaonkar Bilwaj; Satterthwaite Theodore D; Doshi Jimit; Davatzikos Christos; Shinohara Russell T,"Normalization of feature vector values is a common practice in machine learning. Generally, each feature value is standardized to the unit hypercube or by normalizing to zero mean and unit variance. Classification decisions based on support vector machines (SVMs) or by other methods are sensitive to the specific normalization used on the features. In the context of multivariate pattern analysis using neuroimaging data, standardization effectively up- and down-weights features based on their individual variability. Since the standard approach uses the entire data set to guide the normalization, it utilizes the total variability of these features. This total variation is inevitably dependent on the amount of marginal separation between groups. Thus, such a normalization may attenuate the separability of the data in high dimensional space. In this work we propose an alternate approach that uses an estimate of the control-group standard deviation to normalize features before training. We study our proposed approach in the context of group classification using structural MRI data. We show that control-based normalization leads to better reproducibility of estimated multivariate disease patterns and improves the classifier performance in many cases.",Feature normalization; Multivariate pattern analysis; Structural MRI; Support vector machine,"Journal Article; Research Support, N.I.H., Extramural; Research Support, Non-U.S. Gov't",2016,NeuroImage,eligible,eligible,final,not_applicable,not_relevant,exclude,excluded_relevance,Consenso A+B,pilot-v1.1,no_pubmed_integrity_signal,2026-08-22 01:52:33.208402-03,This article is excluded because it does not meet NDRO scientific relevance criteria.,Estudo empírico original com abstract utilizável,,2026-08-22 01:52:33.208402-03
ndro-mvp-v0.1.2-20260823,2026-08-23,AD-R-029,AD,27498016,https://pubmed.ncbi.nlm.nih.gov/27498016/,Learning in data-limited multimodal scenarios: Scandent decision forests and tree-based features.,Hor Soheil; Moradi Mehdi,"Incomplete and inconsistent datasets often pose difficulties in multimodal studies. We introduce the concept of scandent decision trees to tackle these difficulties. Scandent trees are decision trees that optimally mimic the partitioning of the data determined by another decision tree, and crucially, use only a subset of the feature set. We show how scandent trees can be used to enhance the performance of decision forests trained on a small number of multimodal samples when we have access to larger datasets with vastly incomplete feature sets. Additionally, we introduce the concept of tree-based feature transforms in the decision forest paradigm. When combined with scandent trees, the tree-based feature transforms enable us to train a classifier on a rich multimodal dataset, and use it to classify samples with only a subset of features of the training data. Using this methodology, we build a model trained on MRI and PET images of the ADNI dataset, and then test it on cases with only MRI data. We show that this is significantly more effective in staging of cognitive impairments compared to a similar decision forest model trained and tested on MRI only, or one that uses other kinds of feature transform applied to the MRI data.",Decision forest; Incomplete data analysis; Multimodal data analysis,Journal Article,2016,Medical image analysis,eligible,eligible,final,not_applicable,not_relevant,exclude,excluded_relevance,Adjudicação humana,pilot-v1.1,no_pubmed_integrity_signal,2026-08-22 01:52:33.208402-03,This article is excluded because it does not meet NDRO scientific relevance criteria.,Elegibilidade confirmada durante adjudicação humana,,2026-08-22 01:52:33.208402-03
ndro-mvp-v0.1.2-20260823,2026-08-23,AD-R-030,AD,29187332,https://pubmed.ncbi.nlm.nih.gov/29187332/,Designing gardens for people with dementia: literature review and evidence-based design conceptual frame.,Charras Kevin; Laulier Véronique; Varcin Armelle; Aquino Jean-Pierre,"More and more dwelling facilities for people with dementia invest gardens as convivial, resourceful, and relational places. However, there is a demand for scientific evidence of such statements. The aims of this literature review are to enlighten scientific evidence concerning uses and therapeutic virtues of garden for people with dementia, and to contribute to an evidence-based design approach by identifying key dimension of garden design. Twenty two articles were selected for this literature review and six clusters were identified. These clusters are discussed in a conceptual frame and discussed in an environment-behaviour approach.",conceptual frame; dementia; evidenced-based design; therapeutic gardens,Journal Article; Review,2017,Geriatrie et psychologie neuropsychiatrie du vieillissement,eligible,excluded,final,not_applicable,,exclude,excluded_eligibility,Regra de elegibilidade,pilot-v1.1,no_pubmed_integrity_signal,2026-08-22 01:52:33.208402-03,This article is excluded because it does not meet NDRO eligibility requirements.,Revisão ou meta-análise,,2026-08-22 01:52:33.208402-03
ndro-mvp-v0.1.2-20260823,2026-08-23,AD-R-031,AD,29909202,https://pubmed.ncbi.nlm.nih.gov/29909202/,Methylation changes and aberrant expression of FGFR3 in Lewy body disease neurons.,Tsuchida Takeyuki; Mano Tatsuo; Koshi-Mano Kagari; Bannai Taro; Matsubara Tomoyasu; Yamashita Satoshi; Ushijima Toshikazu; Nagata Kenichi; Murayama Shigeo; Toda Tatsushi; Tsuji Shoji; Iwata Atsushi,"Lewy body disease (LBD) is characterized by accumulation of aggregated α-synuclein in the central nervous system as eosinophilic cytoplasmic inclusions called Lewy bodies. According to their distribution pattern, it is classified into brainstem LBD, limbic LBD and diffuse neocortical LBD. It has been reported that α-synuclein affects various points in the MAPK cascade but its relationship with FGF receptors, which are the most upstream of the pathway, has not been previously investigated. We discovered that among the four FGFRs, FGFR3 showed neuronal upregulation in LBD brains histopathologically. Further examination using neuron-specific methylome analysis revealed that the gene body of FGFR3 was hypermethylated in LBD, suggesting its increased transcription. Altered methylation was not observed in the non-neuronal genome. Altered methylation status was associated with the severity of α-synuclein pathology.",DNA methylation; FGFR3; Lewy body disease; Neurodegeneration; α-Synuclein,"Journal Article; Research Support, Non-U.S. Gov't",2018,Brain research,eligible,eligible,final,not_applicable,not_relevant,exclude,excluded_relevance,Consenso A+B,pilot-v1.1,no_pubmed_integrity_signal,2026-08-22 01:52:33.208402-03,This article is excluded because it does not meet NDRO scientific relevance criteria.,Estudo empírico original confirmado por leitura do abstract,,2026-08-22 01:52:33.208402-03
ndro-mvp-v0.1.2-20260823,2026-08-23,AD-R-032,AD,30963713,https://pubmed.ncbi.nlm.nih.gov/30963713/,Investigation of brain functional connectivity in patients with mild cognitive impairment: A functional near-infrared spectroscopy (fNIRS) study.,Nguyen Thien; Kim Minhee; Gwak Jeonghwan; Lee Jang J; Choi Kyu Y; Lee Kun H; Kim Jae G,"This study examines brain functional connectivity in both cognitively normal seniors and patients with mild cognitive impairment (MCI) to elucidate prospective markers of MCI. A homemade four-channel functional near-infrared spectroscopy (fNIRS) system was employed to measure hemodynamic responses in the subjects' prefrontal cortex during a resting state, an oddball task, a 1-back task, and a verbal fluency task. Brain functional connectivity was calculated as the Pearson correlation coefficients between fNIRS channels. The results show that during the verbal fluency task, while the healthy control (HC) group presents a significantly stronger inter-hemispheric connectivity compared to intra-hemispheric connectivity, there is no difference between the inter- and intra-hemispheric connectivity in the MCI group. In addition, a comparison between the MCI and HC connectivity reveals that the MCI group has a statistically higher right and inter-hemispheric connectivity during the resting state, but a significantly lower left and inter-hemispheric connectivity during the verbal fluency test. These findings demonstrate the potential of fNIRS to study brain functional connectivity in neurodegenerative diseases.",1-back task; inter-hemispheric connectivity; oddball task; resting state; verbal fluency task,"Journal Article; Research Support, Non-U.S. Gov't",2019,Journal of biophotonics,eligible,eligible,final,not_applicable,not_relevant,exclude,excluded_relevance,Consenso A+B,pilot-v1.1,no_pubmed_integrity_signal,2026-08-22 01:52:33.208402-03,This article is excluded because it does not meet NDRO scientific relevance criteria.,Estudo empírico original com abstract utilizável,,2026-08-22 01:52:33.208402-03
ndro-mvp-v0.1.2-20260823,2026-08-23,AD-R-033,AD,31786457,https://pubmed.ncbi.nlm.nih.gov/31786457/,Brain pathology identification using computer aided diagnostic tool: A systematic review.,Gudigar Anjan; Raghavendra U; Hegde Ajay; Kalyani M; Ciaccio Edward J; Rajendra Acharya U,"Computer aided diagnostic (CAD) has become a significant tool in expanding patient quality-of-life by reducing human errors in diagnosis. CAD can expedite decision-making on complex clinical data automatically. Since brain diseases can be fatal, rapid identification of brain pathology to prolong patient life is an important research topic. Many algorithms have been proposed for efficient brain pathology identification (BPI) over the past decade. Constant refinement of the various image processing algorithms must take place to expand performance of the automatic BPI task. In this paper, a systematic survey of contemporary BPI algorithms using brain magnetic resonance imaging (MRI) is presented. A summarization of recent literature provides investigators with a helpful synopsis of the domain. Furthermore, to enhance the performance of BPI, future research directions are indicated.",Brain pathology; Classification; Computer aided diagnostic; Deep learning; Feature extraction; Magnetic resonance imaging,Journal Article; Systematic Review,2019,Computer methods and programs in biomedicine,eligible,excluded,final,not_applicable,,exclude,excluded_eligibility,Regra de elegibilidade,pilot-v1.1,no_pubmed_integrity_signal,2026-08-22 01:52:33.208402-03,This article is excluded because it does not meet NDRO eligibility requirements.,Revisão ou meta-análise,,2026-08-22 01:52:33.208402-03
ndro-mvp-v0.1.2-20260823,2026-08-23,AD-R-034,AD,32059400,https://pubmed.ncbi.nlm.nih.gov/32059400/,The Pattern of AQP4 Expression in the Ageing Human Brain and in Cerebral Amyloid Angiopathy.,Owasil Raisah; O'Neill Ronan; Keable Abby; Nimmo Jacqui; MacGregor Sharp Matthew; Kelly Louise; Saito Satoshi; Simpson Julie E; Weller Roy O; Smith Colin; Attems Johannes; Wharton Stephen B; Yuen Ho Ming; Carare Roxana O,"In the absence of lymphatics, fluid and solutes such as amyloid-β (Aβ) are eliminated from the brain along basement membranes in the walls of cerebral capillaries and arteries-the Intramural Peri-Arterial Drainage (IPAD) pathway. IPAD fails with age and insoluble Aβ is deposited as plaques in the brain and in IPAD pathways as cerebral amyloid angiopathy (CAA); fluid accumulates in the white matter as reflected by hyperintensities (WMH) on MRI. Within the brain, fluid uptake by astrocytes is regulated by aquaporin 4 (AQP4). We test the hypothesis that expression of astrocytic AQP4 increases in grey matter and decreases in white matter with onset of CAA. AQP4 expression was quantitated by immunocytochemistry and confocal microscopy in post-mortem occipital grey and white matter from young and old non-demented human brains, in CAA and in WMH. Results: AQP4 expression tended to increase with normal ageing but AQP4 expression in severe CAA was significantly reduced when compared to moderate CAA (p = 0.018). AQP4 expression tended to decline in the white matter with CAA and WMH, both of which are associated with impaired IPAD. Adjusting the level of AQP4 activity may be a valid therapeutic target for restoring homoeostasis in the brain as IPAD fails with age and CAA.",aquaporin 4; cerebral amyloid angiopathy; grey matter; white matter; white matter hyperintensities,Journal Article,2020,International journal of molecular sciences,eligible,eligible,final,not_applicable,not_relevant,exclude,excluded_relevance,Consenso A+B,pilot-v1.1,no_pubmed_integrity_signal,2026-08-22 01:52:33.208402-03,This article is excluded because it does not meet NDRO scientific relevance criteria.,Estudo empírico original com abstract utilizável,,2026-08-22 01:52:33.208402-03
ndro-mvp-v0.1.2-20260823,2026-08-23,AD-R-035,AD,34557257,https://pubmed.ncbi.nlm.nih.gov/34557257/,A Systematic Literature Review on Particle Swarm Optimization Techniques for Medical Diseases Detection.,Pervaiz Sobia; Ul-Qayyum Zia; Bangyal Waqas Haider; Gao Liang; Ahmad Jamil,"Artificial Intelligence (AI) is the domain of computer science that focuses on the development of machines that operate like humans. In the field of AI, medical disease detection is an instantly growing domain of research. In the past years, numerous endeavours have been made for the improvements of medical disease detection, because the errors and problems in medical disease detection cause serious wrong medical treatment. Meta-heuristic techniques have been frequently utilized for the detection of medical diseases and promise better accuracy of perception and prediction of diseases in the domain of biomedical. Particle Swarm Optimization (PSO) is a swarm-based intelligent stochastic search technique encouraged from the intrinsic manner of bee swarm during the searching of their food source. Consequently, for the versatility of numerical experimentation, PSO has been mostly applied to address the diverse kinds of optimization problems. However, the PSO techniques are frequently adopted for the detection of diseases but there is still a gap in the comparative survey. This paper presents an insight into the diagnosis of medical diseases in health care using various PSO approaches. This study presents to deliver a systematic literature review of current PSO approaches for knowledge discovery in the field of disease detection. The systematic analysis discloses the potential research areas of PSO strategies as well as the research gaps, although, the main goal is to provide the directions for future enhancement and development in this area. This paper gives a systematic survey of this conceptual model for the advanced research, which has been explored in the specified literature to date. This review comprehends the fundamental concepts, theoretical foundations, and conventional application fields. It is predicted that our study will be beneficial for the researchers to review the PSO algorithms in-depth for disease detection. Several challenges that can be undertaken to move the field forward are discussed according to the current state of the PSO strategies in health care.",,Journal Article; Retracted Publication; Systematic Review,2021,Computational and mathematical methods in medicine,eligible,excluded,final,not_applicable,,exclude,excluded_eligibility,Regra de elegibilidade,pilot-v1.1,retracted,2026-08-22 01:52:33.208402-03,This article is excluded because it does not meet NDRO eligibility requirements.,Revisão ou meta-análise,,2026-08-22 01:52:33.208402-03
ndro-mvp-v0.1.2-20260823,2026-08-23,AD-R-036,AD,38278941,https://pubmed.ncbi.nlm.nih.gov/38278941/,Obesity drugs have another superpower: taming inflammation.,Lenharo Mariana,,Brain; Immunology; Neurodegeneration; Neuroscience; Obesity,News,2024,Nature,excluded,excluded,final,not_applicable,,exclude,excluded_eligibility,Regra de elegibilidade,pilot-v1.1,no_pubmed_integrity_signal,2026-08-22 01:52:33.208402-03,This article is excluded because it does not meet NDRO eligibility requirements.,Abstract ausente,Abstract missing from the public PubMed record.,2026-08-22 01:52:33.208402-03
ndro-mvp-v0.1.2-20260823,2026-08-23,AD-R-037,AD,38899570,https://pubmed.ncbi.nlm.nih.gov/38899570/,tPA supplementation preserves neurovascular and cognitive function in Tg2576 mice.,Uekawa Ken; Anfray Antoine; Ahn Sung Ji; Casey Nicole; Seo James; Zhou Ping; Iadecola Costantino; Park Laibaik,"INTRODUCTION: Amyloid beta (Aβ) impairs the cerebral blood flow (CBF) increase induced by neural activity (functional hyperemia). Tissue plasminogen activator (tPA) is required for functional hyperemia, and in mouse models of Aβ accumulation tPA deficiency contributes to neurovascular and cognitive impairment. However, it remains unknown if tPA supplementation can rescue Aβ-induced neurovascular and cognitive dysfunction.
METHODS: Tg2576 mice and wild-type littermates received intranasal tPA (0.8 mg/kg/day) or vehicle 5 days a week starting at 11 to 12 months of age and were assessed 3 months later.
RESULTS: Treatment of Tg2576 mice with tPA restored resting CBF, prevented the attenuation in functional hyperemia, and improved nesting behavior. These effects were associated with reduced cerebral atrophy and cerebral amyloid angiopathy, but not parenchymal amyloid.
DISCUSSION: These findings highlight the key role of tPA deficiency in the neurovascular and cognitive dysfunction associated with amyloid pathology, and suggest potential therapeutic strategies involving tPA reconstitution.
HIGHLIGHTS: Amyloid beta (Aβ) induces neurovascular dysfunction and impairs the increase of cerebral blood flow induced by neural activity (functional hyperemia). Tissue plasminogen activator (tPA) deficiency contributes to the neurovascular and cognitive dysfunction caused by Aβ. In mice with florid amyloid pathology intranasal administration of tPA rescues the neurovascular and cognitive dysfunction and reduces brain atrophy and cerebral amyloid angiopathy. tPA deficiency plays a crucial role in neurovascular and cognitive dysfunction induced by Aβ and tPA reconstitution may be of therapeutic value.",amyloid beta; atrophy; cerebral amyloid angiopathy; dementia; functional hyperemia; neuroinflammation,"Journal Article; Research Support, N.I.H., Extramural; Research Support, Non-U.S. Gov't",2024,Alzheimer's & dementia : the journal of the Alzheimer's Association,eligible,eligible,final,not_applicable,not_relevant,exclude,excluded_relevance,Adjudicação humana,pilot-v1.1,no_pubmed_integrity_signal,2026-08-22 01:52:33.208402-03,This article is excluded because it does not meet NDRO scientific relevance criteria.,Elegibilidade confirmada durante adjudicação humana,,2026-08-22 01:52:33.208402-03
ndro-mvp-v0.1.2-20260823,2026-08-23,AD-R-038,AD,38940055,https://pubmed.ncbi.nlm.nih.gov/38940055/,"From Protein Misfolding to Dementia: Basic Research, Innovative Diagnosis and Early Biomarkers.",Bacınoğlu Merve Begüm; Ciullini Arianna; Giaccone Giorgio; Moda Fabio,,,Editorial,2024,Frontiers in bioscience (Landmark edition),excluded,excluded,final,not_applicable,,exclude,excluded_eligibility,Regra de elegibilidade,pilot-v1.1,no_pubmed_integrity_signal,2026-08-22 01:52:33.208402-03,This article is excluded because it does not meet NDRO eligibility requirements.,Abstract ausente,Abstract missing from the public PubMed record.,2026-08-22 01:52:33.208402-03
ndro-mvp-v0.1.2-20260823,2026-08-23,AD-R-039,AD,39052816,https://pubmed.ncbi.nlm.nih.gov/39052816/,The anatomy of brainwashing.,Kipnis Jonathan,Glymphatic-lymphatic brain cleansing may reveal new therapeutic strategies.,,Journal Article,2024,"Science (New York, N.Y.)",eligible,excluded,final,not_applicable,,exclude,excluded_eligibility,Regra de elegibilidade,pilot-v1.1,no_pubmed_integrity_signal,2026-08-22 01:52:33.208402-03,This article is excluded because it does not meet NDRO eligibility requirements.,Texto narrativo sem dados empíricos originais,,2026-08-22 01:52:33.208402-03
ndro-mvp-v0.1.2-20260823,2026-08-23,AD-R-040,AD,40552824,https://pubmed.ncbi.nlm.nih.gov/40552824/,Sluggishness and defensiveness helped enable an executive order on research integrity.,Thorp H Holden,"In the last few weeks, Science has published commentary condemning and supporting the Restoring Gold Standard Science executive order from the Trump administration that purports to strengthen research integrity in the United States through greater government oversight. The scientific community has largely reacted negatively to the directive, fearing that the way oversight by political appointees is specified in the order will lead to interference in the curiosity-driven process of science. This distress is understandable given the administration's abrupt and arbitrary actions to cut research funding and curtail or even stop the participation of foreign students in research. The United States has been a global leader in science because of high levels of funding, less government interference, and participation of the best talent from around the world. These aspects appear to be in danger, and it is logical to suspect that the executive order is another mechanism for weakening the scientific enterprise.",,Editorial,2025,"Science (New York, N.Y.)",eligible,excluded,final,not_applicable,,exclude,excluded_eligibility,Regra de elegibilidade,pilot-v1.1,no_pubmed_integrity_signal,2026-08-22 01:52:33.208402-03,This article is excluded because it does not meet NDRO eligibility requirements.,"Editorial, comentário ou carta",,2026-08-22 01:52:33.208402-03
ndro-mvp-v0.1.2-20260823,2026-08-23,AD-R-041,AD,20888846,https://pubmed.ncbi.nlm.nih.gov/20888846/,An analysis of communication in conversation in patients with dementia.,Rousseaux Marc; Sève Amandine; Vallet Marion; Pasquier Florence; Mackowiak-Cordoliani Marie Anne,"Patients with degenerative dementia often show language disorders, but little is known about their verbal (VC) and non-verbal communication (NVC). Our aim was to analyse VC and NVC in patients with standard criteria of mild-moderately severe dementia (MMSE ≥14/30) resulting from Alzheimer's disease (AD; 29 cases), behavioural variant of frontotemporal dementia (FTD; 16), or dementia with Lewy bodies (DLB; 13). We used the Lille Communication Test, which addresses three domains: participation in communication (PC: greeting, attention, participation), VC (verbal comprehension, speech outflow, intelligibility, word production, syntax, verbal pragmatics and verbal feedback), and NVC (understanding gestures, affective expressivity, producing gestures, pragmatics and feedback). Patients were compared with 47 matching control subjects. AD patients were partially impaired (p≤0.01) in PC (greeting), and more definitely in VC, especially by verbal comprehension and word finding difficulties and to a much lesser degree in verbal pragmatics (responding to open questions, presenting new information), while NVC was mostly preserved. FTD patients were severely impaired in PC. VC difficulties were related to lexical-semantic, syntactic and more specifically pragmatic problems. NVC was impaired by difficulties in affective expressivity, pragmatics and feedback management. DLB patients showed modest difficulties with VC. PC, VC and NVC strongly correlated with performance in the dementia rating scale. In conclusion, the profile of communication difficulties was quite different between groups. FTD patients showed most severe difficulties in PC and verbal and non-verbal pragmatics, in relation to their frontal lesions. AD patients had prominent impairment of lexical-semantic operations.",,Journal Article,2010,Neuropsychologia,eligible,eligible,final,complete,co_primary_focus,include,core,Consenso A+B,pilot-v1.1,no_pubmed_integrity_signal,2026-08-22 01:52:33.208402-03,This article is included in the NDRO core analytical corpus.,Estudo empírico original com abstract utilizável,,2026-08-22 01:52:33.208402-03
ndro-mvp-v0.1.2-20260823,2026-08-23,AD-R-042,AD,21127706,https://pubmed.ncbi.nlm.nih.gov/21127706/,Kainic acid-induced neurodegenerative model: potentials and limitations.,Zheng Xiang-Yu; Zhang Hong-Liang; Luo Qi; Zhu Jie,"Excitotoxicity is considered to be an important mechanism involved in various neurodegenerative diseases in the central nervous system (CNS) such as Alzheimer's disease (AD). However, the mechanism by which excitotoxicity is implicated in neurodegenerative disorders remains unclear. Kainic acid (KA) is an epileptogenic and neuroexcitotoxic agent by acting on specific kainate receptors (KARs) in the CNS. KA has been extensively used as a specific agonist for ionotrophic glutamate receptors (iGluRs), for example, KARs, to mimic glutamate excitotoxicity in neurodegenerative models as well as to distinguish other iGluRs such as α-amino-3-hydroxy-5-methylisoxazole-4-propionate receptors and N-methyl-D-aspartate receptors. Given the current knowledge of excitotoxicity in neurodegeneration, interventions targeted at modulating excitotoxicity are promising in terms of dealing with neurodegenerative disorders. This paper summarizes the up-to-date knowledge of neurodegenerative studies based on KA-induced animal model, with emphasis on its potentials and limitations.",,"Journal Article; Research Support, Non-U.S. Gov't; Review",2010,Journal of biomedicine & biotechnology,eligible,excluded,final,not_applicable,,exclude,excluded_eligibility,Regra de elegibilidade,pilot-v1.1,no_pubmed_integrity_signal,2026-08-22 01:52:33.208402-03,This article is excluded because it does not meet NDRO eligibility requirements.,Revisão ou meta-análise,,2026-08-22 01:52:33.208402-03
ndro-mvp-v0.1.2-20260823,2026-08-23,AD-R-043,AD,22551949,https://pubmed.ncbi.nlm.nih.gov/22551949/,Protective effects of diazoxide against Aβ₂₅₋₃₅-induced PC12 cell apoptosis due to prevention of endoplasmic reticulum stress.,Kong Min; Ba Maowen,"Accumulated amyloid-β (Aβ) is a well-known cause of neuronal apoptosis in Alzheimer's disease and exerts its action partly by inducing mitochondrial dysfunction. Previous studies have suggested a neuroprotective role for mitochondrial ATP-sensitive potassium (KATP) channel openers against Aβ damages, but the molecular details were unclear. Recent evidence indicates that endoplasmic reticulum (ER) stress also plays an important role in the process of cell apoptosis. It remains to be determined whether KATP channel openers mediate their potential neuroprotective role by inhibiting ER stress pathways. The mRNA and protein expression levels of caspase-12, an ER-specific caspase, were observed. Here we showed that in response to the treatment with Aβ₂₅₋₃₅ (10 μM) for 24 h the mRNA and protein expression levels of caspase-12 were significantly upregulated; however, this change could be partly reversed by pretreatment with diazoxide (1 mM) for 1 h. This effect was negated by 5-hydroxydecanoate, a selective mitochondrial KATP channel blocker. Our results indicate that the cytoprotective efficacy of diazoxide under Aβ₂₅₋₃₅-induced insults is mediated, at least in part, by inhibition of ER stress. Demonstration of the neuroprotective action of diazoxide provides additional insights into the pathogenic mechanisms of Aβ₂₅₋₃₅ toxicity and defines possible molecular targets for therapeutic intervention.",,"Journal Article; Research Support, Non-U.S. Gov't",2012,Neuroreport,eligible,eligible,final,complete,primary_focus,include,core,Consenso A+B,pilot-v1.1,no_pubmed_integrity_signal,2026-08-22 01:52:33.208402-03,This article is included in the NDRO core analytical corpus.,Estudo empírico original com abstract utilizável,,2026-08-22 01:52:33.208402-03
ndro-mvp-v0.1.2-20260823,2026-08-23,AD-R-044,AD,23192390,https://pubmed.ncbi.nlm.nih.gov/23192390/,Making the brain glow: in vivo bioluminescence imaging to study neurodegeneration.,Hochgräfe Katja; Mandelkow Eva-Maria,"Bioluminescence imaging (BLI) takes advantage of the light-emitting properties of luciferase enzymes, which produce light upon oxidizing a substrate (i.e., D-luciferin) in the presence of molecular oxygen and energy. Photons emitted from living tissues can be detected and quantified by a highly sensitive charge-coupled device camera, enabling the investigator to noninvasively analyze the dynamics of biomolecular reactions in a variety of living model organisms such as transgenic mice. BLI has been used extensively in cancer research, cell transplantation, and for monitoring of infectious diseases, but only recently experimental models have been designed to study processes and pathways in neurological disorders such as Alzheimer disease, Parkinson disease, or amyotrophic lateral sclerosis. In this review, we highlight recent applications of BLI in neuroscience, including transgene expression in the brain, longitudinal studies of neuroinflammatory responses to neurodegeneration and injury, and in vivo imaging studies of neurogenesis and mitochondrial toxicity. Finally, we highlight some new developments of BLI compounds and luciferase substrates with promising potential for in vivo studies of neurological dysfunctions.",,"Journal Article; Research Support, Non-U.S. Gov't; Review",2012,Molecular neurobiology,eligible,excluded,final,not_applicable,,exclude,excluded_eligibility,Regra de elegibilidade,pilot-v1.1,no_pubmed_integrity_signal,2026-08-22 01:52:33.208402-03,This article is excluded because it does not meet NDRO eligibility requirements.,Revisão ou meta-análise,,2026-08-22 01:52:33.208402-03
ndro-mvp-v0.1.2-20260823,2026-08-23,AD-R-045,AD,24088539,https://pubmed.ncbi.nlm.nih.gov/24088539/,Antioxidant activity of selected phenols estimated by ABTS and FRAP methods.,Biskup Izabela; Golonka Iwona; Gamian Andrzej; Sroka Zbigniew,"INTRODUCTION: Phenols are the most abundant compounds in nature. They are strong antioxidants. Too high level of free radicals leads to cell and tissue damage, which may cause asthma, Alzheimer disease, cancers, etc. Taking phenolics with the diet as supplements or natural medicines is important for homeostasis of the organism.
MATERIALS AND METHODS: The ten most popular water soluble phenols were chosen for the experiment to investigate their antioxidant properties using ABTS radical scavenging capacity assay and ferric reducing antioxidant potential (FRAP) assay.
RESULTS AND DISCUSSION: Antioxidant properties of selected phenols in the ABTS test expressed as IC50 ranged from 4.332 μM to 852.713 μM (for gallic acid and 4- hydroxyphenylacetic acid respectively). Antioxidant properties in the FRAP test are expressed as μmol Fe2+/ml. All examined phenols reduced ferric ions at concentration 1.00 x 10-3 mg/ml. Both methods are very useful for determination of antioxidant capacity of water soluble phenols.",,"Journal Article; Research Support, Non-U.S. Gov't",2013,Postepy higieny i medycyny doswiadczalnej (Online),eligible,eligible,final,not_applicable,background_mention,exclude,excluded_relevance,Consenso A+B,pilot-v1.1,no_pubmed_integrity_signal,2026-08-22 01:52:33.208402-03,This article is excluded because it does not meet NDRO scientific relevance criteria.,Estudo empírico original com abstract utilizável,,2026-08-22 01:52:33.208402-03
ndro-mvp-v0.1.2-20260823,2026-08-23,AD-R-046,AD,24690897,https://pubmed.ncbi.nlm.nih.gov/24690897/,"Galanthamine, an anticholinesterase drug, effects plant growth and development in Artemisia tridentate Nutt. via modulation of auxin and neutrotransmitter signaling.",Turi Christina E; Axwik Katarina E; Smith Anderson; Jones A Maxwell P; Saxena Praveen K; Murch Susan J,"Galanthamine is a naturally occurring acetylcholinesterase (AchE) inhibitor that has been well established as a drug for treatment of mild to moderate Alzheimer disease, but the role of the compound in plant metabolism is not known. The current study was designed to investigate whether galanthamine could redirect morphogenesis of Artemisia tridentata Nutt. cultures by altering concentration of endogenous neurosignaling molecules acetylcholine (Ach), auxin (IAA), melatonin (Mel), and serotonin (5HT). Exposure of axenic A. tridentata cultures to 10 µM galanthamine decreased the concentration of endogenous Ach, IAA, MEL, and AchE, and altered plant growth in a manner reminiscent of 2-4D toxicity. Galanthamine itself demonstrated IAA activity in an oat coleotile elongation bioassay, 20 µM galanthamine showed no significant difference compared with 5 μM IAA or 5 μM 1-Naphthaleneacetic acid (NAA). Metabolomic analysis detected between 20,921 to 27,891 compounds in A. tridentata plantlets and showed greater commonality between control and 5 µM treatments. Furthermore, metabolomic analysis putatively identified coumarins scopoletin/isoscopoletin, and scopolin in A. tridentata leaf extracts and these metabolites linearly increased in response to galanthamine treatments. Overall, these data indicate that galanthamine is an allelopathic phytochemical and support the hypothesis that neurologically active compounds in plants help ensure plant survival and adaptation to environmental challenges.",Acetylcholine; Artemisia tridentata; Auxin; cholinergic signalling; Galanthamine; Melatonin; metabolomics,Journal Article,2014,Plant signaling & behavior,eligible,eligible,final,not_applicable,background_mention,exclude,excluded_relevance,Consenso A+B,pilot-v1.1,no_pubmed_integrity_signal,2026-08-22 01:52:33.208402-03,This article is excluded because it does not meet NDRO scientific relevance criteria.,Estudo empírico original confirmado por leitura do abstract,,2026-08-22 01:52:33.208402-03
ndro-mvp-v0.1.2-20260823,2026-08-23,AD-R-047,AD,26465128,https://pubmed.ncbi.nlm.nih.gov/26465128/,Trans generational effects of the neurotoxin BMAA on the aquatic grazer Daphnia magna.,Faassen Elisabeth J; García-Altares María; Mendes e Mello Mariana; Lürling Miquel,"β-N-Methylamino-l-alanine (BMAA) is a neurotoxin that is suspected to play a role in the neurological diseases amyotrophic lateral sclerosis, Alzheimer's disease and Parkinson's disease. BMAA has been detected in phytoplankton and globally, the main exposure routes for humans to BMAA are through direct contact with phytoplankton-infested waters and consumption of BMAA-contaminated fish and invertebrates. As BMAA can be transferred from mothers to offspring in mammals, BMAA exposure is expected to have transgenerational effects. The aim of our study was to determine whether maternal exposure to BMAA affects offspring fitness in zooplankton. We performed a multigenerational life history experiment and a multigenerational uptake experiment with the water flea Daphnia magna as a model species. In both experiments, offspring from nonexposed and exposed mothers were raised in clean and BMAA-containing medium. Direct exposure to 110μg/l BMAA reduced survival, somatic growth, reproduction and population growth. Maternal exposure did not affect D. magna fitness: animals from exposed mothers that were raised in clean medium had a higher mortality and produced lighter neonates than the controls, but this did not result in lower population growth rates. No evidence of adaptation was found. Instead, multigeneration exposure to BMAA had a negative effect: animals that were exposed during two generations had a lower brood viability and neonate weight than animals born from unexposed mothers, but raised in BMAA-containing medium. Maternal transfer of BMAA was observed, but BMAA concentrations in neonates raised in BMAA containing medium were similar for animals born from exposed and unexposed mothers. Our results indicate that zooplankton might be an important vector for the transfer of BMAA along the pelagic food chain, but whether BMAA plays a role in preventing zooplankton from controlling cyanobacterial blooms needs further investigation.",Adaptation; Daphnia magna; Fitness; Life history; Maternal effects; β-N-Methylamino-l-alanine,"Journal Article; Research Support, Non-U.S. Gov't",2015,"Aquatic toxicology (Amsterdam, Netherlands)",eligible,eligible,final,not_applicable,background_mention,exclude,excluded_relevance,Consenso A+B,pilot-v1.1,no_pubmed_integrity_signal,2026-08-22 01:52:33.208402-03,This article is excluded because it does not meet NDRO scientific relevance criteria.,Estudo empírico original com abstract utilizável,,2026-08-22 01:52:33.208402-03
ndro-mvp-v0.1.2-20260823,2026-08-23,AD-R-048,AD,28326544,https://pubmed.ncbi.nlm.nih.gov/28326544/,Personalized genetics of the cholinergic blockade of neuroinflammation.,Simchovitz Alon; Heneka Michael T; Soreq Hermona,"Acetylcholine signaling is essential for cognitive functioning and blocks inflammation. To maintain homeostasis, cholinergic signaling is subjected to multi-leveled and bidirectional regulation by both proteins and non-coding microRNAs ('CholinomiRs'). CholinomiRs coordinate the cognitive and inflammatory aspects of cholinergic signaling by targeting major cholinergic transcripts including the acetylcholine hydrolyzing enzyme acetylcholinesterase (AChE). Notably, AChE inhibitors are the only currently approved line of treatment for Alzheimer's disease patients. Since cholinergic signaling blocks neuroinflammation which is inherent to Alzheimer's disease, genomic changes modifying AChE's properties and its susceptibility to inhibitors and/or to CholinomiRs regulation may affect the levels and properties of inflammasome components such as NLRP3. This calls for genomic-based medicine approaches based on genotyping of both coding and non-coding single nucleotide polymorphisms (SNPs) in the genes involved in cholinergic signaling. An example is a SNP in a recognition element for the primate-specific microRNA-608 within the 3' untranslated region of the AChE transcript. Carriers of the minor allele of that SNP present massively elevated brain AChE levels, increased trait anxiety and inflammation, accompanied by perturbed CholinomiR-608 regulatory networks and elevated prefrontal activity under exposure to stressful insults. Several additional SNPs in the AChE and other cholinergic genes await further studies, and might likewise involve different CholinomiRs and pathways including those modulating the initiation and progression of neurodegenerative diseases. CholinomiRs regulation of the cholinergic system thus merits in-depth interrogation and is likely to lead to personalized medicine approaches for achieving better homeostasis in health and disease. This is an article for the special issue XVth International Symposium on Cholinergic Mechanisms.",acetylcholinesterase (AChE); Alzheimer's disease; genetics; neuroinflammation; single nucleotide polymorphisms (SNPs),"Journal Article; Research Support, Non-U.S. Gov't; Review",2017,Journal of neurochemistry,eligible,excluded,final,not_applicable,,exclude,excluded_eligibility,Regra de elegibilidade,pilot-v1.1,no_pubmed_integrity_signal,2026-08-22 01:52:33.208402-03,This article is excluded because it does not meet NDRO eligibility requirements.,Revisão ou meta-análise,,2026-08-22 01:52:33.208402-03
ndro-mvp-v0.1.2-20260823,2026-08-23,AD-R-049,AD,28713245,https://pubmed.ncbi.nlm.nih.gov/28713245/,Multifaceted Roles of Metzincins in CNS Physiology and Pathology: From Synaptic Plasticity and Cognition to Neurodegenerative Disorders.,Brzdak Patrycja; Nowak Daria; Wiera Grzegorz; Mozrzymas Jerzy W,"The extracellular matrix (ECM) and membrane proteolysis play a key role in structural and functional synaptic plasticity associated with development and learning. A growing body of evidence underscores the multifaceted role of members of the metzincin superfamily, including metalloproteinases (MMPs), A Disintegrin and Metalloproteinases (ADAMs), A Disintegrin and Metalloproteinase with Thrombospondin Motifs (ADAMTSs) and astacins in physiological and pathological processes in the central nervous system (CNS). The expression and activity of metzincins are strictly controlled at different levels (e.g., through the regulation of translation, limited activation in the extracellular space, the binding of endogenous inhibitors and interactions with other proteins). Thus, unsurprising is that the dysregulation of proteolytic activity, especially the greater expression and activation of metzincins, is associated with neurodegenerative disorders that are considered synaptopathies, especially Alzheimer's disease (AD). We review current knowledge of the functions of metzincins in the development of AD, mainly the proteolytic processing of amyloid precursor protein, the degradation of amyloid β (Aβ) peptide and several pathways for Aβ clearance across brain barriers (i.e., blood-brain barrier (BBB) and blood-cerebrospinal fluid barrier (BCSFB)) that contain specific receptors that mediate the uptake of Aβ peptide. Controlling the proteolytic activity of metzincins in Aβ-induced pathological changes in AD patients' brains may be a promising therapeutic strategy.",Alzheimer’s disease; amyloid β; blood-brain barrier; blood-cerebrospinal fluid barrier; learning; metalloproteinases; metzincins; synaptic plasticity,Journal Article; Review,2017,Frontiers in cellular neuroscience,eligible,excluded,final,not_applicable,,exclude,excluded_eligibility,Regra de elegibilidade,pilot-v1.1,no_pubmed_integrity_signal,2026-08-22 01:52:33.208402-03,This article is excluded because it does not meet NDRO eligibility requirements.,Revisão ou meta-análise,,2026-08-22 01:52:33.208402-03
ndro-mvp-v0.1.2-20260823,2026-08-23,AD-R-050,AD,29260029,https://pubmed.ncbi.nlm.nih.gov/29260029/,A structural MRI study of cholinergic pathways and cognition in multiple sclerosis.,Kimura Yukio; Sato Noriko; Ota Miho; Maikusa Norihide; Maekawa Tomoko; Sone Daichi; Enokizono Mikako; Sugiyama Atsuhiko; Imabayashi Etsuko; Matsuda Hiroshi; Okamoto Tomoko; Yamamura Takashi; Sugimoto Hideharu,"BACKGROUND: White matter hyperintensities (WMH) in the cholinergic pathways are associated with cognitive performance in Alzheimer's disease. This study aimed to evaluate the relationship between the volume reduction of cholinergic pathways and cognitive function in patients with multiple sclerosis (MS).
METHODS: Thirty-two MS patients underwent a brain MRI and cognitive measurements including the Mini-Mental State Examination (MMSE) and the Japanese version of the Montreal Cognitive Assessment (MoCA-J). The extent of WMH within the cholinergic pathways was assessed using the Cholinergic Pathways Hyperintensities Scale (CHIPS). Computerized WMH volumes were also obtained. FreeSurfer was used to measure regional volumes including the cortical and subcortical volumes. The correlations among the CHIPS, the WMH volume, and the clinical data were assessed, in addition to the correlations between the cognitive scores and regional volumes measured by FreeSurfer.
RESULTS: The CHIPS score and the WMH volume were strongly positively correlated with each other (r = 0.87, P < 0.001). The CHIPS score had significantly negative correlations with the MMSE (r = - 0.49, P = 0.003) and the MoCA-J (r = - 0.47, P = 0.005) results. The WMH volume had significantly negative correlations with the MMSE (r = - 0.54, P = 0.001) and the MoCA-J (r = - 0.57, P < 0.001) results. In the analysis by FreeSurfer, both the MMSE and MoCA-J scores had significant positive correlations only with the volume of the corpus callosum.
CONCLUSIONS: The CHIPS score tended to be less sensitive to the WMH volume in cognitive function evaluation, although the difference did not reach the level of statistical significance. Thus the CHIPS method may not be as effective in MS patients.",CHIPS; Cholinergic pathway; Cognitive impairment; Multiple sclerosis,Journal Article,2017,eNeurologicalSci,eligible,eligible,final,not_applicable,background_mention,exclude,excluded_relevance,Adjudicação humana,pilot-v1.1,no_pubmed_integrity_signal,2026-08-22 01:52:33.208402-03,This article is excluded because it does not meet NDRO scientific relevance criteria.,Elegibilidade confirmada durante adjudicação humana,,2026-08-22 01:52:33.208402-03
ndro-mvp-v0.1.2-20260823,2026-08-23,AD-R-051,AD,30619445,https://pubmed.ncbi.nlm.nih.gov/30619445/,"Temporal Integrative Analysis of mRNA and microRNAs Expression Profiles and Epigenetic Alterations in Female SAMP8, a Model of Age-Related Cognitive Decline.",Cosín-Tomás Marta; Álvarez-López María Jesús; Companys-Alemany Júlia; Kaliman Perla; González-Castillo Celia; Ortuño-Sahagún Daniel; Pallàs Mercè; Griñán-Ferré Christian,"A growing body of research shows that epigenetic mechanisms are critically involved in normal and pathological aging. The Senescence-Accelerated Mouse Prone 8 (SAMP8) can be considered a useful tool to better understand the dynamics of the global epigenetic landscape during the aging process since its phenotype is not fully explained by genetic factors. Here we investigated dysfunctional age-related transcriptional profiles and epigenetic programming enzymes in the hippocampus of 2- and 9-month-old SAMP8 female mice using the Senescent-Accelerated Resistant 1 (SAMR1) mouse strain as control. SAMP8 mice presented 1,062 genes dysregulated at 2 months of age, and 1,033 genes at 9 months, with 92 genes concurrently dysregulated at both ages compared to age-matched SAMR1. SAMP8 mice showed a significant decrease in global DNA methylation (5-mC) at 2 months while hydroxymethylation (5-hmC) levels were increased in SAMP8 mice at 2 and 9 months of age compared to SAMR1. These changes were accompanied by changes in the expression of several enzymes that regulate 5-mC and methylcytosine oxidation. Acetylated H3 and H4 histone levels were significantly diminished in SAMP8 mice at 2-month-old compared to SAMR1 and altered Histone DeACetylase (HDACs) profiles were detected in both young and old SAMP8 mice. We analyzed 84 different mouse miRNAs known to be altered in neurological diseases or involved in neuronal development. Compared with SAMR1, SAMP8 mice showed 28 and 17 miRNAs differentially expressed at 2 and 9 months of age, respectively; 6 of these miRNAs overlapped at both ages. We used several bioinformatic approaches to integrate our data in mRNA:miRNA regulatory networks and functional predictions for young and aged animals. In sum, our study reveals interplay between epigenetic mechanisms and gene networks that seems to be relevant for the progression toward a pathological aging and provides several potential markers and therapeutic candidates for Alzheimer's Disease (AD) and age-related cognitive impairment.",aging; Alzheimer's disease; brain; chromatin-modifying enzymes; DNA methylation; epigenetics; histone acetylation; microRNA,Journal Article,2018,Frontiers in genetics,eligible,eligible,final,not_applicable,background_mention,exclude,excluded_relevance,Adjudicação humana,pilot-v1.1,no_pubmed_integrity_signal,2026-08-22 01:52:33.208402-03,This article is excluded because it does not meet NDRO scientific relevance criteria.,Elegibilidade confirmada durante adjudicação humana,,2026-08-22 01:52:33.208402-03
ndro-mvp-v0.1.2-20260823,2026-08-23,AD-R-052,AD,30832390,https://pubmed.ncbi.nlm.nih.gov/30832390/,"""Like Death is Near"": Expressions of Suicidal and Homicidal Ideation in the Blog Posts of Family Caregivers of People with Dementia.",Anderson Joel G; Eppes Alexis; O'Dwyer Siobhan T,"BACKGROUND: The challenges of providing care for someone with Alzheimer's disease and related dementias (ADRD) have been associated with increased stress, poor mental and physical health, social isolation, and financial distress. More recently, caregiving has been associated with high rates of suicidal and homicidal ideation, but the research on these phenomena is limited. The present study analyzed a sample of blogs written by family caregivers of people with ADRD to explore thoughts of suicide and homicide expressed by these caregivers.
METHODS: Blogs written by self-identified informal caregivers of people with ADRD were identified using a systematic search method and data were analyzed using a qualitative thematic analysis.
RESULTS: Five themes related to thoughts of suicide and homicide by caregivers and people with ADRD were derived from the analysis: (1) end-of-life care; (2) thoughts of death and euthanasia by the person with ADRD; (3) surrogate decision making; (4) thoughts of suicide by the caregiver; and (5) thoughts of homicide and euthanasia by the caregiver.
CONCLUSIONS: The results capture the reality of suicidal and homicidal thoughts among family caregivers of people with ADRD, supporting calls for more research on these complex topics and highlighting the need for changes to clinical practice to prevent thoughts from becoming behaviors or actions.",Alzheimer’s disease; blog; dementia; family caregiver; homicide; suicide,Journal Article,2019,"Behavioral sciences (Basel, Switzerland)",eligible,eligible,final,complete,primary_focus,include,core,Consenso A+B,pilot-v1.1,no_pubmed_integrity_signal,2026-08-22 01:52:33.208402-03,This article is included in the NDRO core analytical corpus.,Estudo empírico original confirmado por leitura do abstract,,2026-08-22 01:52:33.208402-03
ndro-mvp-v0.1.2-20260823,2026-08-23,AD-R-053,AD,33163613,https://pubmed.ncbi.nlm.nih.gov/33163613/,Relationship of amyloid beta and neurofibrillary tau deposition in Neurodegeneration in Aging Down Syndrome (NiAD) study at baseline.,Tudorascu D L; Laymon C M; Zammit M; Minhas D S; Anderson S J; Ellison P A; Zaman S; Ances B M; Sabbagh M; Johnson S C; Mathis C A; Klunk W E; Handen B L; Christian B T; Cohen A D,"IMPORTANCE: Adults with Down syndrome (DS) are at high-risk of revealing Alzheimer's disease (AD) pathology, in part due to the triplication of chromosome 21 encoding the amyloid precursor protein. Adults with DS are uniformly affected by AD pathology by their 30's and have a 70% to 80% chance of clinical dementia by their 60's. Our previous studies have assessed longitudinal changes in amyloid beta (Aβ) accumulation in DS.
OBJECTIVE: The goal of the present study was to assess the presence of brain tau using [18F]AV-1451 positron emission tomography (PET) in DS and to assess the relationship of brain tau pathology to Aβ using Pittsburgh Compound B (PiB)-PET.
DESIGN: Cohort study.
SETTING: Multi-center study.
PARTICIPANTS: Participants consisted of a sample of individuals with DS and sibling controls recruited from the community; exclusion criteria included contraindications for magnetic resonance imaging (MRI) and/or a medical or psychiatric condition that impaired cognitive functioning.
EXPOSURES: PET brain scans to assess Aβ ([11C]PiB) and tau ([18F]AV-1451) burden.
MAIN OUTCOMES AND MEASURES: Multiple linear regression models (adjusted for chronological age, sex and performance site) were used to examine associations between regional [18F]AV-1451 standard uptake value ratio (SUVR) (based on regions associated with Braak stages 1-6) and global [11C]PiB SUVR (as both a continuous and dichotomous variable).
RESULTS: A cohort of 156 participants (mean age = 39.05, SD(8.4)) were examined. These results revealed a significant relationship between in vivo Aβ and tau pathology in DS. As a dichotomous variable, [18F]AV-1451 retention was higher in each Braak region in PiB(+) participants. We also found, based on our statistical models, starting with the Braak 3 region of interest (ROI), an acceleration of [18F]AV-1451 SUVR deposition with [11C]PiB SUVR increases.",Alzheimer's disease; Down syndrome; PET amyloid; TAU,Journal Article,2020,"Alzheimer's & dementia (New York, N. Y.)",eligible,eligible,final,complete,primary_focus,include,core,Consenso A+B,pilot-v1.1,no_pubmed_integrity_signal,2026-08-22 01:52:33.208402-03,This article is included in the NDRO core analytical corpus.,Estudo empírico original com abstract utilizável,,2026-08-22 01:52:33.208402-03
ndro-mvp-v0.1.2-20260823,2026-08-23,AD-R-054,AD,33866848,https://pubmed.ncbi.nlm.nih.gov/33866848/,Hemodynamic and structural brain measures in high and low sedentary older adults.,Maasakkers Carlijn M; Thijssen Dick Hj; Knight Silvin P; Newman Louise; O'Connor John D; Scarlett Siobhan; Carey Daniel; Buckley Anne; McMorrow Jason P; Leidhin Caoilfhionn Ní; Feeney Joanne; Melis René Jf; Kenny Rose Anne; Claassen Jurgen Ahr; Looze Céline De,"Due to its cardiovascular effects sedentary behaviour might impact cerebrovascular function in the long term, affecting cerebrovascular regulatory mechanisms and perfusion levels. Consequently this could underly potential structural brain abnormalities associated with cognitive decline. We therefore assessed the association between sedentary behaviour and brain measures of cerebrovascular perfusion and structural abnormalities in community-dwelling older adults. Using accelerometery (GENEActiv) data from The Irish Longitudinal Study on Ageing (TILDA) we categorised individuals by low- and high-sedentary behaviour (≤8 vs >8 hours/day). We examined prefrontal haemoglobin oxygenation levels using Near-Infrared Spectroscopy during rest and after an orthostatic challenge in 718 individuals (66 ± 8 years, 52% female). Global grey matter cerebral blood flow, total grey and white matter volume, total and subfield hippocampal volumes, cortical thickness, and white matter hyperintensities were measured using arterial spin labelling, T1, and FLAIR MRI in 86 individuals (72 ± 6 years, 55% female). While no differences in prefrontal or global cerebral hemodynamics were found between groups, high-sedentary individuals showed lower hippocampal volumes and increased white matter hyperintensities compared to their low-sedentary counterparts. Since these structural cerebral abnormalities are associated with cognitive decline and Alzheimer's disease, future work exploring the causal pathways underlying these differences is needed.",Alzheimer’s disease; cognitive decline; hemodynamics; neuroimaging; sedentary behaviour,"Journal Article; Research Support, Non-U.S. Gov't",2021,Journal of cerebral blood flow and metabolism : official journal of the International Society of Cerebral Blood Flow and Metabolism,eligible,eligible,final,not_applicable,background_mention,exclude,excluded_relevance,Consenso A+B,pilot-v1.1,no_pubmed_integrity_signal,2026-08-22 01:52:33.208402-03,This article is excluded because it does not meet NDRO scientific relevance criteria.,Estudo empírico original com abstract utilizável,,2026-08-22 01:52:33.208402-03
ndro-mvp-v0.1.2-20260823,2026-08-23,AD-R-055,AD,34867169,https://pubmed.ncbi.nlm.nih.gov/34867169/,Zinc Finger Proteins in Neuro-Related Diseases Progression.,Bu Siyuan; Lv Yihan; Liu Yusheng; Qiao Sen; Wang Hongmei,"Zinc finger proteins (ZNF) are among the most abundant proteins in eukaryotic genomes. It contains several zinc finger domains that can selectively bind to certain DNA or RNA and associate with proteins, therefore, ZNF can regulate gene expression at the transcriptional and translational levels. In terms of neurological diseases, numerous studies have shown that many ZNF are associated with neurological diseases. The purpose of this review is to summarize the types and roles of ZNF in neuropsychiatric disorders. We will describe the structure and classification of ZNF, then focus on the pathophysiological role of ZNF in neuro-related diseases and summarize the mechanism of action of ZNF in neuro-related diseases.",Alzheimer’s disease; autism spectrum disorder; epilepsy; ischemic stroke; neuro-related diseases; schizophrenia; zinc finger proteins,Journal Article; Review,2021,Frontiers in neuroscience,eligible,excluded,final,not_applicable,,exclude,excluded_eligibility,Regra de elegibilidade,pilot-v1.1,no_pubmed_integrity_signal,2026-08-22 01:52:33.208402-03,This article is excluded because it does not meet NDRO eligibility requirements.,Revisão ou meta-análise,,2026-08-22 01:52:33.208402-03
ndro-mvp-v0.1.2-20260823,2026-08-23,AD-R-056,AD,37210624,https://pubmed.ncbi.nlm.nih.gov/37210624/,NF-κB/NLRP3 inflammasome axis and risk of Parkinson's disease in Type 2 diabetes mellitus: A narrative review and new perspective.,Alrouji Mohammed; Al-Kuraishy Hayder M; Al-Gareeb Ali I; Alexiou Athanasios; Papadakis Marios; Jabir Majid S; Saad Hebatallah M; Batiha Gaber El-Saber,"Parkinson's disease (PD) is the second most common neurodegenerative disease after Alzheimer's disease (AD). Genetic predisposition and immune dysfunction are involved in the pathogenesis of PD. Notably, peripheral inflammatory disorders and neuroinflammation are associated with PD neuropathology. Type 2 diabetes mellitus (T2DM) is associated with inflammatory disorders due to hyperglycaemia-induced oxidative stress and the release of pro-inflammatory cytokines. Particularly, insulin resistance (IR) in T2DM promotes the degeneration of dopaminergic neurons in the substantia nigra (SN). Thus, T2DM-induced inflammatory disorders predispose to the development and progression of PD, and their targeting may reduce PD risk in T2DM. Therefore, this narrative review aims to find the potential link between T2DM and PD by investigating the role of inflammatory signalling pathways, mainly the nuclear factor kappa B (NF-κB) and the nod-like receptor pyrin 3 (NLRP3) inflammasome. NF-κB is implicated in the pathogenesis of T2DM, and activation of NF-κB with induction of neuronal apoptosis was also confirmed in PD patients. Systemic activation of NLRP3 inflammasome promotes the accumulation of α-synuclein and degeneration of dopaminergic neurons in the SN. Increasing α-synuclein in PD patients enhances NLRP3 inflammasome activation and the release of interleukin (IL)-1β followed by the development of systemic inflammation and neuroinflammation. In conclusion, activation of the NF-κB/NLRP3 inflammasome axis in T2DM patients could be the causal pathway in the development of PD. The inflammatory mechanisms triggered by activated NLRP3 inflammasome lead to pancreatic β-cell dysfunction and the development of T2DM. Therefore, attenuation of inflammatory changes by inhibiting the NF-κB/NLRP3 inflammasome axis in the early T2DM may reduce future PD risk.",NF-κB; NLRP3 inflammasome; Parkinson disease; T2DM,"Journal Article; Research Support, Non-U.S. Gov't; Review",2023,Journal of cellular and molecular medicine,eligible,excluded,final,not_applicable,,exclude,excluded_eligibility,Regra de elegibilidade,pilot-v1.1,no_pubmed_integrity_signal,2026-08-22 01:52:33.208402-03,This article is excluded because it does not meet NDRO eligibility requirements.,Revisão ou meta-análise,,2026-08-22 01:52:33.208402-03
ndro-mvp-v0.1.2-20260823,2026-08-23,AD-R-057,AD,37645746,https://pubmed.ncbi.nlm.nih.gov/37645746/,Genetic evidence for serum amyloid P component as a drug target for treatment of neurodegenerative disorders.,Schmidt A Floriaan; Finan Chris; Chopade Sandesh; Ellmerich Stephan; Rossor Martin N; Hingorani Aroon D; Pepys Mark B,"The direct causes of neurodegeneration underlying Alzheimer's disease (AD) and many other dementias, are not known. Here we identify serum amyloid P component (SAP), a constitutive plasma protein normally excluded from the brain, as a potential drug target. After meta-analysis of three genome-wide association studies, comprising 44,288 participants, cis-Mendelian randomization showed that genes responsible for higher plasma SAP values are significantly associated with AD, Lewy body dementia and plasma tau concentration. These genetic findings are consistent with experimental evidence of SAP neurotoxicity and the strong, independent association of neocortex SAP content with dementia at death. Depletion of SAP from the blood and from the brain, as is provided by the safe, well tolerated, experimental drug, miridesap, may therefore contribute to treatment of neurodegeneration.",Alzheimer’s disease; dementia; genome-wide association study; Lewy body dementia; Mendelian randomization; miridesap; neurodegeneration; serum amyloid P component,Journal Article; Preprint,2023,medRxiv : the preprint server for health sciences,eligible,eligible,final,complete,shared_mechanism,separate_view,separate,Adjudicação humana,pilot-v1.1,no_pubmed_integrity_signal,2026-08-22 01:52:33.208402-03,This original study is preserved in a separate analytical view.,Elegibilidade confirmada durante adjudicação humana,,2026-08-22 01:52:33.208402-03
ndro-mvp-v0.1.2-20260823,2026-08-23,AD-R-058,AD,38721530,https://pubmed.ncbi.nlm.nih.gov/38721530/,"Editorial: Modelling neurodevelopmental and neurodegenerative diseases for prognosis, diagnosis, and therapies.",Vilain Sven,,Alzheimer’ disease; down syndrome; fatty acid hydroxylase-associated neurodegeneration; hypoxia induced factor-1 (HIF-1); inherited retinal disease (IRD); neural tube defects (NTD),Editorial,2024,Frontiers in cell and developmental biology,excluded,excluded,final,not_applicable,,exclude,excluded_eligibility,Regra de elegibilidade,pilot-v1.1,no_pubmed_integrity_signal,2026-08-22 01:52:33.208402-03,This article is excluded because it does not meet NDRO eligibility requirements.,Abstract ausente,Abstract missing from the public PubMed record.,2026-08-22 01:52:33.208402-03
ndro-mvp-v0.1.2-20260823,2026-08-23,AD-R-059,AD,39652683,https://pubmed.ncbi.nlm.nih.gov/39652683/,Dementia: Menopause: identification and management: Evidence review G,,"Dementia describes a set of symptoms that occur when the brain is affected by certain diseases or conditions. These symptoms, such as memory loss and aggression, can cause distress to patients and their families, and can lead to long-term social care needs. Previous NICE guidelines (NG23, 2015) concluded that the likelihood of HRT in menopausal women affecting the risk of dementia was unknown. Recent media focus on this area has highlighted the need to clarify this. The current updated evidence review examined this question.",Alzheimer Disease; Climacteric; Dementia; Estrogen Replacement Therapy; Female; Gender-Nonconforming Persons; Hormone Replacement Therapy; Humans; Menopause; Perimenopause; Postmenopause; Review; Risk Factors; Transgender Persons,Review,2024,,eligible,excluded,final,not_applicable,,exclude,excluded_eligibility,Regra de elegibilidade,pilot-v1.1,no_pubmed_integrity_signal,2026-08-22 01:52:33.208402-03,This article is excluded because it does not meet NDRO eligibility requirements.,Revisão ou meta-análise,,2026-08-22 01:52:33.208402-03
ndro-mvp-v0.1.2-20260823,2026-08-23,AD-R-060,AD,39946855,https://pubmed.ncbi.nlm.nih.gov/39946855/,Confirmation of L-phenylalanine's toxic fibrillary formation and its modulation by D-phenylalanine at different ratios and pH values by using synchrotron FTIR.,Hacıosmanoglu Selcuk Kaan; Akkurt Melike Guney; Atas Enes; Kamel Gihan; Uyaver Sahin; Kazanci Murat,"Neurodegenerative diseases such as Alzheimer's and Parkinson's are accompanied by stable needle-like amyloid formation. Tyrosine and phenylalanine, amino acids with aromatic side chains, exhibit a tendency to self-assemble into fibrils in solution. Phenylalanine fibrils form at relatively low concentrations in a layered structure in which layers consist of two rows of phenylalanine molecules connected by hydrogen bonds between the carboxylate and amine groups of neighboring molecules, while the hydrophobic rings are responsible for the interlayer interactions via π-stacking and cause a decrease in cell viability in a dose-dependent manner. In this study, we demonstrated the vibrational modes responsible for toxic fiber or flake formation in enantiomeric mixtures of D- and L-phenylalanine at different ratios and pH values using synchrotron-FTIR spectroscopy. The results were confirmed by SEM images.",Phenylalanine; Phenylketonuria; Scanning Electron Microscopy (SEM); Synchrotron-FTIR; Toxic fiber formation,Journal Article,2025,"Spectrochimica acta. Part A, Molecular and biomolecular spectroscopy",eligible,eligible,final,not_applicable,background_mention,exclude,excluded_relevance,Consenso A+B,pilot-v1.1,no_pubmed_integrity_signal,2026-08-22 01:52:33.208402-03,This article is excluded because it does not meet NDRO scientific relevance criteria.,Estudo empírico original com abstract utilizável,,2026-08-22 01:52:33.208402-03
ndro-mvp-v0.1.2-20260823,2026-08-23,AD-R-061,AD,20624932,https://pubmed.ncbi.nlm.nih.gov/20624932/,Glutamate carboxypeptidase II: an amyloid peptide-degrading enzyme with physiological function in the brain.,Kim Min-Ju; Chae San Sook; Koh Young Ho; Lee Suk Kyung; Jo Sangmee Ahn,"Proteolytic processing of amyloid peptides (Aβs) is one important mechanism that controls the brain Aβ level. Although several Aβ-degrading enzymes were identified, evidence has suggested the presence of other peptidases. Here, we report a novel function of glutamate carboxypeptidase II (GCPII) in Aβ degradation in brain, which is a peptidase involved in N-acetylaspartylglutamate cleavage, folate metabolism, and prostate tumorigenesis. Maldi-Tof/MS analysis showed that recombinant human GCPII cleaved the Aβ1-40 and Aβ1-42 monomers at their C-termini, producing smaller fragments, and Aβ1-14 that lacked aggregation property and cellular toxicity. GCPII also degrades soluble oligomers and fibrils and can reduce the endogenous plaque size in brain sections obtained from amyloid precursor protein (APP) Swedish/presinilin (PS)-1ΔE9 transgenic mice. Overexpression of GCPII in either HEK293-APP Swedish cells or primary neurons and glial cells reduced the levels of secreted or exogenously supplemented Aβs and reduced Aβ-induced neurotoxicity, suggesting the biological significance of GCPII-mediated Aβ cleavage. Moreover, treatment of 8-mo-old transgenic mice for 1 mo with 2-(phosphonomethyl)-pentanedioic acid (10 mg/kg, intraperitoneally), a specific GCPII inhibitor, increased cerebral Aβ content. These results suggest an important physiological role for GCPII in Aβ clearance in brain and provide the evidence that dysregulation of GCPII is involved in Alzheimer's disease pathology.",,"Journal Article; Research Support, Non-U.S. Gov't",2010,FASEB journal : official publication of the Federation of American Societies for Experimental Biology,eligible,eligible,final,complete,primary_focus,include,core,Consenso A+B,pilot-v1.1,no_pubmed_integrity_signal,2026-08-22 01:52:33.208402-03,This article is included in the NDRO core analytical corpus.,Estudo empírico original com abstract utilizável,,2026-08-22 01:52:33.208402-03
ndro-mvp-v0.1.2-20260823,2026-08-23,AD-R-062,AD,21348480,https://pubmed.ncbi.nlm.nih.gov/21348480/,Regulation of insulin-regulated membrane aminopeptidase activity by its C-terminal domain.,Ascher David B; Cromer Brett A; Morton Craig J; Volitakis Irene; Cherny Robert A; Albiston Anthony L; Chai Siew Yeen; Parker Michael W,"The development of inhibitors of insulin-regulated aminopeptidase (IRAP), a membrane-bound zinc metallopeptidase, is a promising approach for the discovery of drugs for the treatment of memory loss such as that associated with Alzheimer's disease. There is, however, no consensus in the literature about the mechanism by which inhibition occurs. Sequence alignments, secondary structure predictions, and homology models based on the structures of recently determined related metallopeptidases suggest that the extracellular region consists of four domains. Partial proteolysis and mass spectrometry reported here confirm some of the domain boundaries. We have produced purified recombinant fragments of human IRAP on the basis of these data and examined their kinetic and biochemical properties. Full-length extracellular constructs assemble as dimers with different nonoverlapping fragments dimerizing as well, suggesting an extended dimer interface. Only recombinant fragments containing domains 1 and 2 possess aminopeptidase activity and bind the radiolabeled hexapeptide inhibitor, angiotensin IV (Ang IV). However, fragments lacking domains 3 and 4 possess reduced activity, although they still bind a range of inhibitors with the same affinity as longer fragments. In the presence of Ang IV, IRAP is resistant to proteolysis, suggesting significant conformational changes occur upon binding of the inhibitor. We show that IRAP has a second Zn(2+) binding site, not associated with the catalytic region, which is lost upon binding Ang IV. Modulation of activity caused by domains 3 and 4 is consistent with a conformational change regulating access to the active site of IRAP.",,"Journal Article; Research Support, Non-U.S. Gov't",2011,Biochemistry,eligible,eligible,final,not_applicable,background_mention,exclude,excluded_relevance,Consenso A+B,pilot-v1.1,no_pubmed_integrity_signal,2026-08-22 01:52:33.208402-03,This article is excluded because it does not meet NDRO scientific relevance criteria.,Estudo empírico original com abstract utilizável,,2026-08-22 01:52:33.208402-03
ndro-mvp-v0.1.2-20260823,2026-08-23,AD-R-063,AD,22112898,https://pubmed.ncbi.nlm.nih.gov/22112898/,Mitosis-specific phosphorylation of amyloid precursor protein at threonine 668 leads to its altered processing and association with centrosomes.,Judge Monique; Hornbeck Lisa; Potter Huntington; Padmanabhan Jaya,"BACKGROUND: Atypical expression of cell cycle regulatory proteins has been implicated in Alzheimer's disease (AD), but the molecular mechanisms by which they induce neurodegeneration are not well understood. We examined transgenic mice expressing human amyloid precursor protein (APP) and presenilin 1 (PS1) for changes in cell cycle regulatory proteins to determine whether there is a correlation between cell cycle activation and pathology development in AD.
RESULTS: Our studies in the AD transgenic mice show significantly higher levels of cyclin E, cyclin D1, E2F1, and P-cdc2 in the cells in the vicinity of the plaques where maximum levels of Threonine 668 (Thr668)-phosphorylated APP accumulation was observed. This suggests that the cell cycle regulatory proteins might be influencing plaque pathology by affecting APP phosphorylation. Using neuroglioma cells overexpressing APP we demonstrate that phosphorylation of APP at Thr668 is mitosis-specific. Cells undergoing mitosis show altered cellular distribution and localization of P-APP at the centrosomes. Also, Thr668 phosphorylation in mitosis correlates with increased processing of APP to generate Aβ and the C-terminal fragment of APP, which is prevented by pharmacological inhibitors of the G1/S transition.
CONCLUSIONS: The data presented here suggests that cell cycle-dependent phosphorylation of APP may affect its normal cellular function. For example, association of P-APP with the centrosome may affect spindle assembly and cell cycle progression, further contributing to the development of pathology in AD. The experiments with G1/S inhibitors suggest that cell cycle inhibition may impede the development of Alzheimer's pathology by suppressing modification of βAPP, and thus may represent a novel approach to AD treatment. Finally, the cell cycle regulated phosphorylation and processing of APP into Aβ and the C-terminal fragment suggest that these proteins may have a normal function during mitosis.",,"Journal Article; Research Support, N.I.H., Extramural; Research Support, Non-U.S. Gov't",2011,Molecular neurodegeneration,eligible,eligible,final,complete,primary_focus,include,core,Consenso A+B,pilot-v1.1,no_pubmed_integrity_signal,2026-08-22 01:52:33.208402-03,This article is included in the NDRO core analytical corpus.,Estudo empírico original com abstract utilizável,,2026-08-22 01:52:33.208402-03
ndro-mvp-v0.1.2-20260823,2026-08-23,AD-R-064,AD,22232345,https://pubmed.ncbi.nlm.nih.gov/22232345/,11C-PiB imaging of human immunodeficiency virus-associated neurocognitive disorder.,Ances Beau M; Benzinger Tammie L; Christensen Jon J; Thomas Jewell; Venkat Rohit; Teshome Mengesha; Aldea Patricia; Fagan Anne M; Holtzman David M; Morris John C; Clifford David B,"OBJECTIVE: To evaluate whether the amyloid-binding agent carbon 11-labeled Pittsburgh Compound B ((11)C-PiB) could differentiate Alzheimer disease (AD) from human immunodeficiency virus (HIV)-associated neurocognitive disorder (HAND) in middle-aged HIV-positive participants.
DESIGN: (11)C-PiB scanning, clinical assessment, and cerebrospinal fluid (CSF) analysis were performed. Both χ(2) and t tests assessed differences in clinical and demographic variables between HIV-positive participants and community-living individuals observed at the Knight Alzheimer's Disease Research Center (ADRC). Analysis of variance assessed for regional differences in amyloid-β protein 1-42 (Aβ42) using (11)C-PiB.
SETTING: An ADRC and HIV clinic.
PARTICIPANTS: Sixteen HIV-positive participants (11 cognitively normal and 5 with HAND) and 19 ADRC participants (8 cognitively normal and 11 with symptomatic AD).
MAIN OUTCOME MEASURES: Mean and regional (11)C-PiB binding potentials.
RESULTS: Participants with symptomatic AD were older (P < .001), had lower CSF Aβ42 levels (P < .001), and had higher CSF tau levels (P < .001) than other groups. Regardless of degree of impairment, HIV-positive participants did not have increased (11)C-PiB levels. Mean and regional binding potentials were elevated for symptomatic AD participants (P < .001).
CONCLUSIONS: Middle-aged HIV-positive participants, even with HAND, do not exhibit increased (11)C-PiB levels, whereas symptomatic AD individuals have increased fibrillar Aβ42 deposition in cortical and subcortical regions. Observed dissimilarities between HAND and AD may reflect differences in Aβ42 metabolism. (11)C-PiB may provide a diagnostic biomarker for distinguishing symptomatic AD from HAND in middle-aged HIV-positive participants. Future cross-sectional and longitudinal studies are required to assess the utility of (11)C-PiB in older individuals with HAND.",,"Journal Article; Research Support, N.I.H., Extramural",2012,Archives of neurology,eligible,eligible,final,not_applicable,comparative_mention,exclude,excluded_relevance,Consenso A+B,pilot-v1.1,no_pubmed_integrity_signal,2026-08-22 01:52:33.208402-03,This article is excluded because it does not meet NDRO scientific relevance criteria.,Estudo empírico original com abstract utilizável,,2026-08-22 01:52:33.208402-03
ndro-mvp-v0.1.2-20260823,2026-08-23,AD-R-065,AD,23474058,https://pubmed.ncbi.nlm.nih.gov/23474058/,Clinicopathologic correlations in 172 cases of rapid eye movement sleep behavior disorder with or without a coexisting neurologic disorder.,Boeve B F; Silber M H; Ferman T J; Lin S C; Benarroch E E; Schmeichel A M; Ahlskog J E; Caselli R J; Jacobson S; Sabbagh M; Adler C; Woodruff B; Beach T G; Iranzo A; Gelpi E; Santamaria J; Tolosa E; Singer C; Mash D C; Luca C; Arnulf I; Duyckaerts C; Schenck C H; Mahowald M W; Dauvilliers Y; Graff-Radford N R; Wszolek Z K; Parisi J E; Dugger B; Murray M E; Dickson D W,"OBJECTIVE: To determine the pathologic substrates in patients with rapid eye movement (REM) sleep behavior disorder (RBD) with or without a coexisting neurologic disorder.
METHODS: The clinical and neuropathologic findings were analyzed on all autopsied cases from one of the collaborating sites in North America and Europe, were evaluated from January 1990 to March 2012, and were diagnosed with polysomnogram (PSG)-proven or probable RBD with or without a coexisting neurologic disorder. The clinical and neuropathologic diagnoses were based on published criteria.
RESULTS: 172 cases were identified, of whom 143 (83%) were men. The mean±SD age of onset in years for the core features were as follows - RBD, 62±14 (range, 20-93), cognitive impairment (n=147); 69±10 (range, 22-90), parkinsonism (n=151); 68±9 (range, 20-92), and autonomic dysfunction (n=42); 62±12 (range, 23-81). Death age was 75±9 years (range, 24-96). Eighty-two (48%) had RBD confirmed by PSG, 64 (37%) had a classic history of recurrent dream enactment behavior, and 26 (15%) screened positive for RBD by questionnaire. RBD preceded the onset of cognitive impairment, parkinsonism, or autonomic dysfunction in 87 (51%) patients by 10±12 (range, 1-61) years. The primary clinical diagnoses among those with a coexisting neurologic disorder were dementia with Lewy bodies (n=97), Parkinson's disease with or without mild cognitive impairment or dementia (n=32), multiple system atrophy (MSA) (n=19), Alzheimer's disease (AD)(n=9) and other various disorders including secondary narcolepsy (n=2) and neurodegeneration with brain iron accumulation-type 1 (NBAI-1) (n=1). The neuropathologic diagnoses were Lewy body disease (LBD)(n=77, including 1 case with a duplication in the gene encoding α-synuclein), combined LBD and AD (n=59), MSA (n=19), AD (n=6), progressive supranulear palsy (PSP) (n=2), other mixed neurodegenerative pathologies (n=6), NBIA-1/LBD/tauopathy (n=1), and hypothalamic structural lesions (n=2). Among the neurodegenerative disorders associated with RBD (n=170), 160 (94%) were synucleinopathies. The RBD-synucleinopathy association was particularly high when RBD preceded the onset of other neurodegenerative syndrome features.
CONCLUSIONS: In this large series of PSG-confirmed and probable RBD cases that underwent autopsy, the strong association of RBD with the synucleinopathies was further substantiated and a wider spectrum of disorders which can underlie RBD now are more apparent.",Dementia with Lewy bodies; Lewy body disease; Multiple system atrophy; Parasomnia; Parkinson’s disease; REM sleep behavior disorder; Synuclein; Synucleinopathy,"Journal Article; Research Support, N.I.H., Extramural; Research Support, Non-U.S. Gov't",2013,Sleep medicine,eligible,eligible,final,complete,shared_mechanism,separate_view,separate,Adjudicação humana,pilot-v1.1,no_pubmed_integrity_signal,2026-08-22 01:52:33.208402-03,This original study is preserved in a separate analytical view.,Elegibilidade confirmada durante adjudicação humana,,2026-08-22 01:52:33.208402-03
ndro-mvp-v0.1.2-20260823,2026-08-23,AD-R-066,AD,25022989,https://pubmed.ncbi.nlm.nih.gov/25022989/,Supplemental substances derived from foods as adjunctive therapeutic agents for treatment of neurodegenerative diseases and disorders.,Bigford Gregory E; Del Rossi Gianluca,"Neurodegenerative disorders and diseases (NDDs) that are either chronically acquired or triggered by a singular detrimental event are a rapidly growing cause of disability and/or death. In recent times, there have been major advancements in our understanding of various neurodegenerative disease states that have revealed common pathologic features or mechanisms. The many mechanistic parallels discovered between various neurodegenerative diseases suggest that a single therapeutic approach may be used to treat multiple disease conditions. Of late, natural compounds and supplemental substances have become an increasingly attractive option to treat NDDs because there is growing evidence that these nutritional constituents have potential adjunctive therapeutic effects (be it protective or restorative) on various neurodegenerative diseases. Here we review relevant experimental and clinical data on supplemental substances (i.e., curcuminoids, rosmarinic acid, resveratrol, acetyl-L-carnitine, and ω-3 (n-3) polyunsaturated fatty acids) that have demonstrated encouraging therapeutic effects on chronic diseases, such as Alzheimer's disease and neurodegeneration resulting from acute adverse events, such as traumatic brain injury.",,Journal Article; Review,2014,"Advances in nutrition (Bethesda, Md.)",eligible,excluded,final,not_applicable,,exclude,excluded_eligibility,Regra de elegibilidade,pilot-v1.1,no_pubmed_integrity_signal,2026-08-22 01:52:33.208402-03,This article is excluded because it does not meet NDRO eligibility requirements.,Revisão ou meta-análise,,2026-08-22 01:52:33.208402-03
ndro-mvp-v0.1.2-20260823,2026-08-23,AD-R-067,AD,25377861,https://pubmed.ncbi.nlm.nih.gov/25377861/,ApoE: the role of conserved residues in defining function.,Frieden Carl,"The amino acid sequences of apolipoprotein E (apoE) from 63 different mammalian species have been downloaded from the protein database. The sequences were compared to human apoE4 to determine conserved and non-conserved sequences of amino acids. ApoE4 is the major risk factor for the development of late onset Alzheimer's disease while apoE3, which differs from apoE4 by a single amino acid change at position 112, poses little or no risk for the development of this disease. Thus, the two proteins appear to be structurally and functionally different. Seven highly conserved regions, representing approximately 47 amino acids (of 299) have been found. These regions are distributed throughout the protein and reflect ligand binding sites as well as regions proposed to be involved in the propagation of the cysteine-arginine change at position 112 to distant regions of the protein in the N- and C-terminal domains. Highly non-conserved regions are at the N- and C-terminal ends of the apoE protein.",allosteric pathway; amino acid sequences; Aβ binding; heparin binding; LDL receptor binding; lipoprotein binding,"Journal Article; Research Support, N.I.H., Extramural; Research Support, Non-U.S. Gov't",2014,Protein science : a publication of the Protein Society,eligible,eligible,final,not_applicable,background_mention,exclude,excluded_relevance,Adjudicação humana,pilot-v1.1,no_pubmed_integrity_signal,2026-08-22 01:52:33.208402-03,This article is excluded because it does not meet NDRO scientific relevance criteria.,Elegibilidade confirmada durante adjudicação humana,,2026-08-22 01:52:33.208402-03
ndro-mvp-v0.1.2-20260823,2026-08-23,AD-R-068,AD,27760426,https://pubmed.ncbi.nlm.nih.gov/27760426/,Cl-NQTrp Alleviates Tauopathy Symptoms in a Model Organism through the Inhibition of Tau Aggregation-Engendered Toxicity.,Frenkel-Pinter Moran; Tal Sharon; Scherzer-Attali Roni; Abu-Hussien Malak; Alyagor Idan; Eisenbaum Tal; Gazit Ehud; Segal Daniel,"Alzheimer's disease (AD) is the most abundant tauopathy and is characterized by Aβ-derived plaques and tau-derived tangles, resulting from the unfolding of the corresponding monomeric subunits into ordered β-sheet oligomers and fibrils. Intervening in the toxic aggregation process is a promising therapeutic approach, but, to date, a disease-modifying therapy is neither available for AD nor for other tauopathies. Along these lines, we have previously demonstrated that a small naphthoquinone-tryptophan hybrid, termed NQTrp, is an effective modulator of tauopathy in vitro and in vivo. However, NQTrp is difficult to synthesize and is not very stable. Therefore, we tested whether a more stable and easier-to-synthesize modified version of NQTrp, containing a Cl ion, namely Cl-NQTrp, is also an effective inhibitor of tau aggregation in vitro and in vivo. Cl-NQTrp was previously shown to efficiently inhibit the aggregation of various amyloidogenic proteins and peptides. We demonstrate that Cl-NQTrp inhibits the in vitro assembly of PHF6, the aggregation-prone fragment of tau, and alleviates tauopathy symptoms in a transgenic Drosophila model through the inhibition of tau aggregation-engendered toxicity. These results suggest that Cl-NQTrp could be a unique potential therapeutic for AD since it targets aggregation of both Aβ and tau.",,"Journal Article; Research Support, Non-U.S. Gov't",2016,Neuro-degenerative diseases,eligible,eligible,final,complete,primary_focus,include,core,Adjudicação humana,pilot-v1.1,no_pubmed_integrity_signal,2026-08-22 01:52:33.208402-03,This article is included in the NDRO core analytical corpus.,Elegibilidade confirmada durante adjudicação humana,,2026-08-22 01:52:33.208402-03
ndro-mvp-v0.1.2-20260823,2026-08-23,AD-R-069,AD,28355558,https://pubmed.ncbi.nlm.nih.gov/28355558/,Neuroprotective Functions for the Histone Deacetylase SIRT6.,Kaluski Shai; Portillo Miguel; Besnard Antoine; Stein Daniel; Einav Monica; Zhong Lei; Ueberham Uwe; Arendt Thomas; Mostoslavsky Raul; Sahay Amar; Toiber Debra,"The histone deacetylase SIRT6 promotes DNA repair, but its activity declines with age with a concomitant accumulation of DNA damage. Furthermore, SIRT6 knockout mice exhibit an accelerated aging phenotype and die prematurely. Here, we report that brain-specific SIRT6-deficient mice survive but present behavioral defects with major learning impairments by 4 months of age. Moreover, the brains of these mice show increased signs of DNA damage, cell death, and hyperphosphorylated Tau-a critical mark in several neurodegenerative diseases. Mechanistically, SIRT6 regulates Tau protein stability and phosphorylation through increased activation of the kinase GSK3α/β. Finally, SIRT6 mRNA and protein levels are reduced in patients with Alzheimer's disease. Taken together, our results suggest that SIRT6 is critical to maintain genomic stability in the brain and that its loss leads to toxic Tau stability and phosphorylation. Therefore, SIRT6 and its downstream signaling could be targeted in Alzheimer's disease and age-related neurodegeneration.",aging; Alzheimer’s disease; DNA damage; GSK3; SIRT6; Tau,"Journal Article; Research Support, N.I.H., Extramural; Research Support, Non-U.S. Gov't",2017,Cell reports,eligible,eligible,final,complete,shared_mechanism,separate_view,separate,Adjudicação humana,pilot-v1.1,no_pubmed_integrity_signal,2026-08-22 01:52:33.208402-03,This original study is preserved in a separate analytical view.,Elegibilidade confirmada durante adjudicação humana,,2026-08-22 01:52:33.208402-03
ndro-mvp-v0.1.2-20260823,2026-08-23,AD-R-070,AD,28886007,https://pubmed.ncbi.nlm.nih.gov/28886007/,Microglia emerge as central players in brain disease.,Salter Michael W; Stevens Beth,"There has been an explosion of new findings recently giving us insights into the involvement of microglia in central nervous system (CNS) disorders. A host of new molecular tools and mouse models of disease are increasingly implicating this enigmatic type of nervous system cell as a key player in conditions ranging from neurodevelopmental disorders such as autism to neurodegenerative disorders such as Alzheimer's disease and chronic pain. Contemporaneously, diverse roles are emerging for microglia in the healthy brain, from sculpting developing neuronal circuits to guiding learning-associated plasticity. Understanding the physiological functions of these cells is crucial to determining their roles in disease. Here we focus on recent developments in our rapidly expanding understanding of the function, as well as the dysfunction, of microglia in disorders of the CNS.",,Journal Article; Review,2017,Nature medicine,eligible,excluded,final,not_applicable,,exclude,excluded_eligibility,Regra de elegibilidade,pilot-v1.1,no_pubmed_integrity_signal,2026-08-22 01:52:33.208402-03,This article is excluded because it does not meet NDRO eligibility requirements.,Revisão ou meta-análise,,2026-08-22 01:52:33.208402-03
ndro-mvp-v0.1.2-20260823,2026-08-23,AD-R-071,AD,29953668,https://pubmed.ncbi.nlm.nih.gov/29953668/,Chronic depressive symptomatology and CSF amyloid beta and tau levels in mild cognitive impairment.,Gonzales Mitzi M; Insel Philip S; Nelson Craig; Tosun Duygu; Schöll Michael; Mattsson Niklas; Sacuiu Simona; Bickford David; Weiner Michael W; Mackin R Scott; Alzheimer's Disease Neuroimaging Initiative,"OBJECTIVES: To investigate the association between chronic subsyndromal symptoms of depression (SSD), cerebrospinal fluid (CSF) biomarkers, and neuropsychological performance in individuals with mild cognitive impairment (MCI).
METHODS: Participants included 238 older adults diagnosed with MCI from the Alzheimer's Disease Neuroimaging Initiative repository with cognitive and CSF amyloid beta (Aβ1-42 ), total tau (t-tau), and phosphorylated tau (p-tau) data. The Neuropsychiatric Inventory identified individuals with chronic endorsement (SSD group N = 80) or no endorsement (non-SSD group N = 158) of depressive symptoms across timepoints. CSF biomarker and cognitive performance were evaluated with linear regression models adjusting for age, education, gender, APOE genotype, global cognitive status, and SSD group.
RESULTS: As compared to the non-SSD group, the SSD group displayed lower CSF Aβ1-42 levels (β = -24.293, S.E. = 6.345, P < 0.001). No group differences were observed for CSF t-tau (P = 0.497) or p-tau levels (P = 0.392). Lower CSF Aβ1-42 levels were associated with poorer performance on learning (β = 0.041, S.E. = 0.018, P = 0.021) and memory (β = -0.012, S.E. = 0.005, P = 0.031) measures, whereas higher CSF t-tau levels were associated with poorer performance on measures of global cognition (β = 0.022, S.E = 0.008, P = 0.007) and language (β = -0.010, S.E = 0.004, P = 0.019). SSD was independently associated with diminished global cognition, learning and memory, language, and executive function performance over and above the effects of CSF biomarkers (all P < 0.05).
CONCLUSIONS: MCI participants with SSD displayed diminished CSF Aβ1-42 levels but did not differ from non-SSD controls in CSF tau levels. Additionally, CSF biomarkers and SSD independently accounted for variance in cognitive performance, suggesting that these factors may uniquely confer cognitive risk in MCI.",amyloid beta; CSF biomarkers; depression; mild cognitive impairment; tau,"Journal Article; Research Support, N.I.H., Extramural; Research Support, Non-U.S. Gov't; Research Support, U.S. Gov't, P.H.S.",2018,International journal of geriatric psychiatry,eligible,eligible,final,complete,shared_mechanism,separate_view,separate,Adjudicação humana,pilot-v1.1,no_pubmed_integrity_signal,2026-08-22 01:52:33.208402-03,This original study is preserved in a separate analytical view.,Elegibilidade confirmada durante adjudicação humana,,2026-08-22 01:52:33.208402-03
ndro-mvp-v0.1.2-20260823,2026-08-23,AD-R-072,AD,30703628,https://pubmed.ncbi.nlm.nih.gov/30703628/,White matter in different regions evolves differently during progression to dementia.,Dadar Mahsa; Maranzano Josefina; Ducharme Simon; Collins D Louis; Alzheimer's Disease Neuroimaging Initiative,"White matter hyperintensities (WMHs) are common in individuals with mild cognitive impairment (MCI) and Alzheimer's disease. Patients with MCI with high WMH volumes are known to have an increased chance of conversion to Alzheimer's disease compared with those without WMHs. In this article, we assess the differences between patients with MCI that remain stable (N = 413) and those that progress to dementia (N = 178) in terms of WMH volume (as a surrogate of amount of tissue damage) and T1-weighted (T1w) image hypointensity (as a surrogate of severity of tissue damage) in periventricular, deep, and juxtacortical brain regions. Together, lesion volume and T1w hypointensity are used as a surrogate of vascular disease burden. Our results show a significantly greater increase of all regional WMH volumes in the MCI population that converts to dementia (p < 0.001). T1w hypointensity for the juxtacortical WMHs was significantly lower in the converter group (p < 0.0001) and was not affected by age. Conversely, T1w hypointensity in other regions showed a significant decrease with age (p < 0.0001). Within the converters, Time2Conversion was associated with both WMH volume and T1w hypointensity (p < 0.0001), and conversion to dementia was significantly associated with decreased intensity (and not volume) of periventricular and juxtacortical WMHs (p < 0.001). These changes differ according to the WM region, suggesting that different mechanisms affect the juxtacortical area in comparison to deep and periventricular regions in the process of conversion to dementia.",Alzheimer's disease; Dementia; Mild cognitive impairment; Small vessel disease; White matter hyperintensities,"Journal Article; Research Support, N.I.H., Extramural; Research Support, Non-U.S. Gov't",2018,Neurobiology of aging,eligible,eligible,final,complete,shared_mechanism,separate_view,separate,Adjudicação humana,pilot-v1.1,no_pubmed_integrity_signal,2026-08-22 01:52:33.208402-03,This original study is preserved in a separate analytical view.,Elegibilidade confirmada durante adjudicação humana,,2026-08-22 01:52:33.208402-03
ndro-mvp-v0.1.2-20260823,2026-08-23,AD-R-073,AD,31333136,https://pubmed.ncbi.nlm.nih.gov/31333136/,Computational and Experimental Approaches to Design Inhibitors of Amylin Aggregation.,Kumar Ammu Prasanna; Lee Sungmun; Lukman Suryani,"Amylin is a neuroendocrine peptide hormone secreted by pancreatic ß-cells; however, amylin is toxic to ß-cells when it is aggregated in type 2 diabetes mellitus (T2DM). It is important to understand amylin's structures and aggregation mechanism for the discovery and design of effective drugs to inhibit amylin aggregation. In this review, we investigated experimental and computational studies on amylin structures and inhibitors. Our review provides some novel insights into amylin, particularly for the design of its aggregation inhibitors to treat T2DM. We detailed the potential inhibitors that have been studied hitherto and highlighted the neglected need to consider different amylin attributes that depend on the presence/absence of physiologically relevant conditions, such as membranes. These conditions and the experimental methods can greatly influence the results of studies on amylininhibitor complexes. Text-mining over 3,000 amylin-related PubMed abstracts suggests the combined therapeutic potential of amylin with leptin and glucagon-like peptide-1, which are two key hormones in obesity. The results also suggest that targeting amylin aggregation can contribute to therapeutic efforts for Alzheimer's disease (AD). Therefore, we have also reviewed the role of amylin in other conditions including obesity and AD. Finally, we provided insights for designing inhibitors of different types (small molecules, proteins, peptides/mimetics, metal ions) to inhibit amylin aggregation.",aggregation inhibitors; Alzheimer's disease therapy; Amylin; conformation of amylin; IAPP; islet amyloid polypeptide; literature review; type 2 diabetes therapy.,Journal Article; Review,2019,Current drug targets,eligible,excluded,final,not_applicable,,exclude,excluded_eligibility,Regra de elegibilidade,pilot-v1.1,no_pubmed_integrity_signal,2026-08-22 01:52:33.208402-03,This article is excluded because it does not meet NDRO eligibility requirements.,Revisão ou meta-análise,,2026-08-22 01:52:33.208402-03
ndro-mvp-v0.1.2-20260823,2026-08-23,AD-R-074,AD,31846093,https://pubmed.ncbi.nlm.nih.gov/31846093/,"Effect of atorvastatin on Aβ1-42 -induced alteration of SESN2, SIRT1, LC3II and TPP1 protein expressions in neuronal cell cultures.",Çelik Hande; Karahan Hande; Kelicen-Uğur Pelin,"OBJECTIVES: Sestrins (SESNs) and sirtuins (SIRTs) are antioxidant and antiapoptotic genes and crucial mediators for lysosomal autophagy regulation that play a pivotal role in the Alzheimer's disease (AD). Recently, statins have been linked to the reduced prevalence of AD in statin-prescribed populations yet molecular basis for the neuroprotective action of statins is still under debate.
METHODS: This study was undertaken whether Aβ-induced changes of SESN2 and SIRT1 protein expression, autophagy marker LC3II and lysosomal enzyme TPP1 affected by atorvastatin (Western blot) and its possible role in Aβ neurotoxicity (ELISA).
KEY FINDINGS/RESULTS: We showed that SESN2 and LC3II expressions were elevated, whereas SIRT1 and TPP1 expressions were decreased in the Aβ1-42 -exposed human neuroblastoma cells (SH-SY5Y). Co-administration of atorvastatin with Aβ1-42 compensates SESN2 increase and recovers SIRT1 decline by reducing oxidative stress, decreasing SESN2 expression and increasing SIRT1 expression by its neuroprotective action. Atorvastatin induced LC3II but not TPP1 level in the Aβ1-42 -exposed cells suggested that atorvastatin is effective in the formation of autophagosome but not on the expression of the specific lysosomal enzyme TPP1.
DISCUSSION AND CONCLUSION: Together, these results indicate that atorvastatin induced SESN2, SIRT1 and LC3II levels play a protective role against Aβ1-42 neurotoxicity.",Alzheimer's disease; atosvastatin; autophagy; sestrin-2; sirtuin-1,Journal Article,2019,The Journal of pharmacy and pharmacology,eligible,eligible,final,complete,primary_focus,include,core,Consenso A+B,pilot-v1.1,no_pubmed_integrity_signal,2026-08-22 01:52:33.208402-03,This article is included in the NDRO core analytical corpus.,Estudo empírico original com abstract utilizável,,2026-08-22 01:52:33.208402-03
ndro-mvp-v0.1.2-20260823,2026-08-23,AD-R-075,AD,31878035,https://pubmed.ncbi.nlm.nih.gov/31878035/,The Potential Role of MicroRNA-124 in Cerebral Ischemia Injury.,Liu Xiaolu; Feng Zhitao; Du Lipeng; Huang Yaguang; Ge Jinwen; Deng Yihui; Mei Zhigang,"Cerebral ischemia injury, the leading cause of morbidity and mortality worldwide, initiates sequential molecular and cellular pathologies that underlie ischemic encephalopathy (IE), such as ischemic stroke, Alzheimer disease (AD), Parkinson's disease (PD), epilepsy, etc. Targeted therapeutic treatments are urgently needed to tackle the pathological processes implicated in these neurological diseases. Recently, accumulating studies demonstrate that microRNA-124 (miR-124), the most abundant miRNA in brain tissue, is aberrant in peripheral blood and brain vascular endothelial cells following cerebral ischemia. Importantly, miR-124 regulates a variety of pathophysiological processes that are involved in the pathogenesis of age-related IE. However, the role of miR-124 has not been systematically illustrated. Paradoxically, miR-124 exerts beneficial effects in the age-related IE via regulating autophagy, neuroinflammation, oxidative stress, neuronal excitability, neurodifferentiation, Aβ deposition, and hyperphosphorylation of tau protein, while it may play a dual role via regulating apoptosis and exerts detrimental effects on synaptic plasticity and axonal growth. In the present review, we thus focus on the paradoxical roles of miR-124 in age-related IE, as well as the underlying mechanisms. A great understanding of the effects of miR-124 on the hypoxic-ischemic brain will open new avenues for therapeutic approaches to protect against cerebral ischemia injury.",cerebral ischemia; ischemic encephalopathy; ischemic stroke; microRNA-124; neurodegenerative disease,Journal Article; Review,2019,International journal of molecular sciences,eligible,excluded,final,not_applicable,,exclude,excluded_eligibility,Regra de elegibilidade,pilot-v1.1,no_pubmed_integrity_signal,2026-08-22 01:52:33.208402-03,This article is excluded because it does not meet NDRO eligibility requirements.,Revisão ou meta-análise,,2026-08-22 01:52:33.208402-03
ndro-mvp-v0.1.2-20260823,2026-08-23,AD-R-076,AD,39026372,https://pubmed.ncbi.nlm.nih.gov/39026372/,Tau protein profiling in tauopathies: a human brain study.,Lantero-Rodriguez Juan; Camporesi Elena; Montoliu-Gaya Laia; Gobom Johan; Piotrowska Diana; Olsson Maria; Burmann Irena Matečko; Becker Bruno; Brinkmalm Ann; Burmann Björn M; Perkinton Michael; Ashton Nicholas J; Fox Nick C; Lashley Tammaryn; Zetterberg Henrik; Blennow Kaj; Brinkmalm Gunnar,"Abnormal accumulation of misfolded and hyperphosphorylated tau protein in brain is the defining feature of several neurodegenerative diseases called tauopathies, including Alzheimer's disease (AD). In AD, this pathological change is reflected by highly specific cerebrospinal fluid (CSF) tau biomarkers, including both phosphorylated and non-phosphorylated variants. Interestingly, despite tau pathology being at the core of all tauopathies, CSF tau biomarkers remain unchanged in certain tauopathies, e.g., progressive supranuclear palsy (PSP), Pick's disease (PiD), and corticobasal neurodegeneration (CBD). To better understand commonalities and differences between tauopathies, we report a multiplex assay combining immunoprecipitation and high-resolution mass spectrometry capable of detecting and quantifying peptides from different tau protein isoforms as well as non-phosphorylated and phosphorylated peptides, including those carrying multiple phosphorylations. We investigated the tau proteoforms in soluble and insoluble fractions of brain tissue from subjects with autopsy-confirmed tauopathies, including sporadic AD (n = 10), PSP (n = 11), PiD (n = 10), and CBD (n = 10), and controls (n = 10). Our results demonstrate that non-phosphorylated tau profiles differ across tauopathies, generally showing high abundance of microtubule-binding region (MTBR)-containing peptides in insoluble protein fractions compared with controls; the AD group showed 12-72 times higher levels of MTBR-containing aggregates. Quantification of tau isoforms showed the 3R being more abundant in PiD and the 4R isoform being more abundant in CBD and PSP in the insoluble fraction. Twenty-three different phosphorylated peptides were quantified. Most phosphorylated peptides were measurable in all investigated tauopathies. All phosphorylated peptides were significantly increased in AD insoluble fraction. However, doubly and triply phosphorylated peptides were significantly increased in AD even in the soluble fraction. Results were replicated using a validation cohort comprising AD (n = 10), CBD (n = 10), and controls (n = 10). Our study demonstrates that abnormal levels of phosphorylation and aggregation do indeed occur in non-AD tauopathies, however, both appear pronouncedly increased in AD, becoming a distinctive characteristic of AD pathology.",Brain; Mass spectrometry; Phosphorylation; Tau; Tauopathies,Journal Article,2024,Molecular neurodegeneration,eligible,eligible,final,complete,co_primary_focus,include,core,Consenso A+B,pilot-v1.1,no_pubmed_integrity_signal,2026-08-22 01:52:33.208402-03,This article is included in the NDRO core analytical corpus.,Estudo empírico original com abstract utilizável,,2026-08-22 01:52:33.208402-03
ndro-mvp-v0.1.2-20260823,2026-08-23,AD-R-077,AD,39160609,https://pubmed.ncbi.nlm.nih.gov/39160609/,Risk factors for cognitive decline in non-demented elders with amyloid-beta positivity.,Wang An-Yi; Hu He-Ying; Huang Liang-Yu; Xiao Chu-Yun; Li Qiong-Yao; Tan Lan; Hu Hao,"BACKGROUND: As a currently incurable but preventable disease, the prevention and early diagnosis of Alzheimer's disease (AD) has long been a research hotspot. Amyloid deposition has been shown to be a major pathological feature of AD. Notably, not all the people with amyloid-beta (Aβ) pathology will have significant cognitive declines and eventually develop AD. Therefore, the aim of this study was to explore the risk factors for cognitive decline in Aβ-positive participants.
METHODS: We included 650 non-demented participants who were Aβ-positive at baseline from the Alzheimer's Disease Neuroimaging Initiative (ADNI) database. Mixed effects and COX regression models were applied to assess 37 potential risk factors. Mixed effects models were employed to assess the temporal associations between potential risk factors and four cognitive assessment scales. COX regression models were used to assess the impact of potential risk factors on cognitive diagnosis conversion. Univariate and multivariate analyses were applied to the above models. Additionally, we used the Cochran-Armitage trend test to examine whether the incidence of cognitive decline increased with the number concurrent of risk factors.
RESULTS: Six factors (low diastolic pressure, low body mass index, retired status, a history of drug abuse, Parkinsonism, and depression) were the identified risk factors and four factors (a history of urinary disease, musculoskeletal diseases, no major surgical history, and no prior dermatologic-connective tissue diseases) were found to be suggestive risk factors. The incidence of cognitive decline in the Aβ-positive participants gradually increased as the number of concurrent risk factors increased (p for trend = 0.0005).
CONCLUSIONS: Our study may facilitate the understanding of the potential pathological processes in AD and provide novel targets for the prevention of cognitive decline among participants with Aβ positivity.",Alzheimer’s disease; Amyloid-beta positivity; Cognitive decline; Risk factors,"Journal Article; Research Support, N.I.H., Extramural; Research Support, Non-U.S. Gov't; Research Support, U.S. Gov't, Non-P.H.S.",2024,Alzheimer's research & therapy,eligible,eligible,final,complete,primary_focus,include,core,Consenso A+B,pilot-v1.1,no_pubmed_integrity_signal,2026-08-22 01:52:33.208402-03,This article is included in the NDRO core analytical corpus.,Estudo empírico original com abstract utilizável,,2026-08-22 01:52:33.208402-03
ndro-mvp-v0.1.2-20260823,2026-08-23,AD-R-078,AD,39637799,https://pubmed.ncbi.nlm.nih.gov/39637799/,Circular RNA circ_0061183 regulates microglial polarization induced by airborne ultrafine particles in HMC3 cells via sponging miR-98-5p.,Zeng Hui-Xian; Qin Shuang-Jian; Wu Qi-Zhen; Zeng Qing-Guo; Li Jia-Hui; Oudin Anna; Kanninen Katja M; Yang Mo; Jalava Pasi; Dong Guang-Hui; Zeng Xiao-Wen,"Airborne ultrafine particulate matter (PM0.1) can enter the brain, induce microglia activation, and promote the development of Alzheimer's disease (AD). Circular RNAs (circRNAs) are also involved in AD pathogenesis. However, the role of AD-related circRNAs in PM0.1-induced microglia activation remains unclear. Therefore, we explore cytotoxicity, microglia activation, and AD-associated circRNA expression in human microglial HMC3 cells treated with PM0.1, and further examined circRNA expression in mice and cognitively impaired individuals. The results revealed that PM0.1 exposure decreased cell viability, increased lactate dehydrogenase activity, caused microglia activation, elevated microglial M1 maker expression, downregulated microglial M2 maker expression, and reduced AD-related circ_0061183 expression in vitro. Functionally, circ_0061183 silencing enhanced microglia activation and microglial M1 polarization, but inhibited microglial M2 polarization. Mechanistically, circ_0061183 can bind to miR-98-5p to co-regulate M2 microglial-related IL10 expression, which may affect transforming growth factor-β signaling to regulate PM0.1-inhibited microglial M2 polarization. Moreover, circ_0061183 downregulation was observed in the brain of PM2.5-exposed mice and AD mice and in the blood of cognitively impaired individuals. Furthermore, circ_0061183 was positively related to mini-mental state examination scores and amyloid-β42 peptide expression in elderly individuals. Overall, the current work offers epigenetic insights into the regulatory mechanisms of circRNAs on microglial activation caused by environmental pollutants.",Alzheimer’s disease; Circular RNA; Microglia activation; Microglia polarization; Ultrafine particles,Journal Article,2024,Journal of hazardous materials,eligible,eligible,final,complete,primary_focus,include,core,Adjudicação humana,pilot-v1.1,no_pubmed_integrity_signal,2026-08-22 01:52:33.208402-03,This article is included in the NDRO core analytical corpus.,Elegibilidade confirmada durante adjudicação humana,,2026-08-22 01:52:33.208402-03
ndro-mvp-v0.1.2-20260823,2026-08-23,AD-R-079,AD,40779804,https://pubmed.ncbi.nlm.nih.gov/40779804/,Targeting Neuroinflammation and Cognitive Decline: First-in-Class Dual Butyrylcholinesterase and p38α Mitogen-Activated Protein Kinase Inhibitors.,Ferjančič Benetik Svit; Proj Matic; Knez Damijan; Košak Urban; Meden Anže; Krajšek Katja; Pišlar Anja; Horvat Selena; Švajger Urban; Tešić Nataša; Pulkrabkova Lenka; Soukup Ondrej; Skarka Adam; Andrys Rudolf; Brazzolotto Xavier; Igert Alexandre; Nachon Florian; Dias Jose; Detka Jan; Gdula-Argasińska Joanna; Wyska Elżbieta; Szafarz Małgorzata; Manik Aleksandra; Płachtij Natalia; Musílek Kamil; Sałat Kinga; Obreza Aleš; Gobec Stanislav,"The currently approved drugs for the treatment of Alzheimer's disease (AD) fail to address its interconnected pathological processes. Inhibition of butyrylcholinesterase (BChE) and p38α mitogen-activated protein kinase (p38α MAPK) offers an innovative dual approach to mitigate two major drivers of neurodegeneration in AD: cholinergic deficit and neuroinflammation. Using structure-based drug design and a library of known p38α MAPK inhibitors, we developed first-in-class, selective dual BChE/p38α MAPK inhibitors with balanced activity against both targets. The X-ray crystal structures of the two most promising molecules bound to both enzymes were solved. Those ligands effectively reduced the production of proinflammatory markers in vitro and ex vivo in phytohemagglutinin/lipopolysaccharide neuroinflammation models. Remarkably, these compounds also significantly improved cognition in scopolamine- and lipopolysaccharide-induced models of cognitive dysfunction in mice. Because our dual-acting inhibitors target both the symptoms and the underlying neuropathology, they offer an innovative and comprehensive strategy to combat AD.",,Journal Article,2025,Journal of medicinal chemistry,eligible,eligible,final,complete,primary_focus,include,core,Consenso A+B,pilot-v1.1,no_pubmed_integrity_signal,2026-08-22 01:52:33.208402-03,This article is included in the NDRO core analytical corpus.,Estudo empírico original com abstract utilizável,,2026-08-22 01:52:33.208402-03
ndro-mvp-v0.1.2-20260823,2026-08-23,AD-R-080,AD,41224995,https://pubmed.ncbi.nlm.nih.gov/41224995/,iPEX enables micrometre-resolution deep spatial proteomics via tissue expansion.,Wang Fengxiang; Sun Cuiji; Wu Tianshu William; Fu Yuting; Fan Yujing; Zhao Shuchang; Huang Kaiyin; Pan Zijian; Lu Yang; Han Jingrong Regina; Jia Shikai; Zeng Lizhou; Zhang Sheng; Chen Ting; An Shaowei; Meng Shuang Susie; Guo Xun; Li Weizhe; Lian Heyuan; Sun Xiaoting; Hu Jin; Yang Chuanzhen; Feng Shan; Li Pengfei; Du Liyuan; Liu Xiaodong; Piatkevich Kiryl D; Zou Yilong,"The number of spatial omics technologies being developed is increasing1. However, a missing tool is one that can locate proteins in tissues in an untargeted manner at high spatial resolution and coverage. Here we present in situ imaging proteomics via expansion (iPEX), which integrates isotropic tissue magnification2 with matrix-assisted laser desorption/ionization (MALDI) mass spectrometry imaging. iPEX provides scalable spatial resolution down to the micrometre scale and substantially increases the sensitivity of protein identification by 10-100-fold. Using the retina as a model, iPEX enabled the construction of spatial proteomic maps with high precision, the visualization of single-cell layers and extrasomatic structures and the identification of colocalized proteins. iPEX was readily applied to diverse tissues, including brain, intestine, liver and organoids, detecting 600-1,500 proteins at 1-5-µm effective pixel size. The application of iPEX to depict spatial proteomic maps in brains of mice with 5xFAD Alzheimer's disease revealed an early-onset mitochondrial aberrancy. Notably, in young mice, the peroxisomal acetyl-CoA acyltransferase ACAA1A-of which the N392S mutant is a monogenic risk factor in Alzheimer's disease3-was downregulated. ACAA1 depletion blocked the biosynthesis of long-chain polyunsaturated fatty acids, including docosahexaenoic acid, in multiple cellular contexts. These lipidome alterations were restored in cells overexpressing wild-type ACAA1 but not ACAA1(N392S), which suggests that the dysregulation of long-chain polyunsaturated fatty acids has an early role in neurodegeneration. Together, these results demonstrate that iPEX facilitates untargeted spatial proteomics at micrometre resolution for diverse applications.",,Journal Article,2025,Nature,eligible,eligible,final,complete,shared_mechanism,separate_view,separate,Consenso A+B,pilot-v1.1,no_pubmed_integrity_signal,2026-08-22 01:52:33.208402-03,This original study is preserved in a separate analytical view.,Estudo empírico original com abstract utilizável,,2026-08-22 01:52:33.208402-03
ndro-mvp-v0.1.2-20260823,2026-08-23,AD-R-42542107,AD,42542107,https://pubmed.ncbi.nlm.nih.gov/42542107/,Trajectories of sleep disturbance in older adults and their associations with clinical and pathological outcomes in AD: A longitudinal study.,Sui Jia-Zhen; Yin Wen-Wen; Yu Hai-Hong; Hu Hao; Wei Lu-Ling; Zhang Jia-Shuo; Wang Fang-Yuan; Tan Lan; Xue Mei; Zhao Bing; Alzheimer's Disease Neuroimaging Initiative,"BACKGROUND: Sleep disturbance is a core feature of affective and neurodegenerative disorders. This study tracks long-term sleep disturbance trajectories and their links to incident Alzheimer's disease (AD) and longitudinal clinical and pathological changes.
METHODS: A total of 774 non-demented participants from the ADNI cohort were included. Sleep disturbance (NPI sleep item) trajectories over 8 years were identified via group-based trajectory modeling. Cox proportional hazards regression was used to estimate the risk of incident AD. Linear mixed-effects models were used to assess longitudinal changes in cognition, structural magnetic resonance imaging, amyloid-β positron emission tomography (Aβ-PET), fluorodeoxyglucose (FDG)-PET, and cerebrospinal fluid (CSF) biomarkers.
RESULTS: Three trajectories emerged: ""Low-stable"" (37.2%), ""High-peaked"" (21.0%), and ""Moderate-increasing"" (41.8%). Compared to those without sleep disturbance, a significantly elevated risk of incident AD was associated with ""High-peaked"" (hazard ratio [HR] = 3.28; 95% confidence interval [CI] = 1.89-5.70; p < 0.001) and ""Moderate-increasing"" trajectories (HR = 2.13; 95% CI = 1.28-3.53; p = 0.003) but not with the ""Low-stable"" trajectory (p = 0.888). Participants with ""High-peaked"" trajectory exhibited faster declines in cognition (MMSE, memory, executive function) (p < 0.050) and a steeper reduction in CSF Aβ1-42 levels (p = 0.038) than those with non-sleep disturbance. However, there were no significant differences between groups in the rates of hippocampal, entorhinal, or middle temporal atrophy, global Aβ-PET burden, or FDG-PET changes (p > 0.050).
CONCLUSIONS: ""High-peaked"" and ""Moderate-increasing"" sleep trajectories predict higher AD risk, faster cognitive decline, and faster Aβ1-42 reduction. Long-term monitoring of sleep behaviors is essential for identifying and stratifying individuals at high risk for AD.",Alzheimer's disease; Amyloid-β; Group-based trajectory modeling; Prognosis; Sleep disturbance trajectories,Journal Article,2026,Sleep medicine,eligible,eligible,semantic_in_progress,pending,,,,,eligibility-v1.1-update-20260822,no_pubmed_integrity_signal,2026-08-22 12:22:52.019764-03,This record has not yet received a final NDRO classification.,eligible_original_research_with_adequate_english_scientific_abstract,,2026-08-22 12:41:24.240484-03
ndro-mvp-v0.1.2-20260823,2026-08-23,AD-R-42546888,AD,42546888,https://pubmed.ncbi.nlm.nih.gov/42546888/,Neuron-specific suppression of aberrantly active Toll-NFκB signalling mitigates pathogenic tau hyperphosphorylation via Gsk-3β in Drosophila.,Aggarwal Prerna; Sarkar Surajit,"Chronic brain ailments like Alzheimer's disease and Frontotemporal dementia, together referred to as tauopathies, are strongly influenced by neuroinflammation, an age-associated functional anomaly. Neuroinflammation arising from a dysfunctional innate immune response, such as Toll-NFκB signalling, is implicated in modulating tau pathophysiology, with limited understanding of the molecular mechanisms. Pathogenic hyperphosphorylation of tau and its aggregation into neurotoxic species is considered as a central trigger of tau pathology; however, the mechanistic association between these pathogenic events and the Toll signalling remains largely unexplored. We examined the status of the Toll signalling in Drosophila tauopathy models and evaluated whether its modulation modifies disease severity. We present compelling evidence that neuronal expression of pathogenic human tau causes aberrant activation of the Toll signalling. In line, its additional upregulation further aggravates disease severity, while genetic downregulation of Toll components remarkably alleviates both structural and functional deficits. We subsequently noted that knockdown of the Toll pathway attenuates pathogenic tau hyperphosphorylation in a site-specific manner, largely coinciding with restoration of physiological activity of Gsk-3β/Akt/PP2Ac signalling, a relatively less explored molecular axis in neurons. Our study posits a potential contribution of neuron-intrinsic altered Toll signalling cascade in tau pathogenesis, warranting further exploration of this evolutionarily conserved pathway as a therapeutic target.",Drosophila; Gsk-3β; Neurodegeneration; Tauopathies; Toll signalling,Journal Article,2026,Biochimica et biophysica acta. Molecular basis of disease,eligible,eligible,semantic_in_progress,pending,,,,,eligibility-v1.1-update-20260822,no_pubmed_integrity_signal,2026-08-22 12:22:52.019764-03,This record has not yet received a final NDRO classification.,eligible_original_research_with_adequate_english_scientific_abstract,,2026-08-22 12:41:24.240484-03
ndro-mvp-v0.1.2-20260823,2026-08-23,AD-R-42575873,AD,42575873,https://pubmed.ncbi.nlm.nih.gov/42575873/,Epigenetic changes associated with the progression of prion disease in Syrian hamsters (Mesocricetus auratus).,Frank Lexi E; Flack Nicole; Faulk Christopher; Block Alyssa J; Bartz Jason C; Larsen Peter A,"Prion diseases are fatal neurodegenerative disorders characterized by abnormally folded prion proteins inducing misfolding of normal prion proteins, leading to neurotoxic fibrils and plaques. Epigenetic mechanisms, particularly DNA methylation, are increasingly implicated in prion-like diseases (e.g. Alzheimer's disease), but their role in prion pathogenesis remains unclear. To investigate, we used nanopore sequencing and RNAseq to measure genome-wide methylation and gene expression in the brains of Syrian hamsters (Mesocricetus auratus) experimentally infected with a hamster-adapted murine synthetic prion strain (n = 9) and age-matched mock-infected controls (n = 9) at 80, 120, and 160 days post-infection (dpi). We identified 1,586, 1,692, and 2,429 differentially methylated regions (DMRs) at 80, 120, and 160 dpi, respectively. Early- and mid-stage prion disease (80 and 120 dpi) skewed towards hypermethylation, whereas late-stage prion disease (160 dpi) skewed towards hypomethylation. Gene ontology (GO) of DMR-associated genes at 160 dpi included neuron regulation and signalling, neurodevelopment, and cellular stress pathways. We identified 178 differentially expressed genes (DEGs) at 80 dpi, 90 at 120 dpi, and 616 at 160 dpi. The majority of DEGs were downregulated at 80 dpi, and at 120 and 160 dpi, most were upregulated. Overlap in DEGs across timepoints was limited, and GO terms were related to upregulation of disease/injury response and cell death pathways in later timepoints. Overall, we found a stage-specific transcriptional shift from immune suppression to widespread immune and inflammation activation. These findings provide time-resolved data on methylation and transcriptional changes associated with impaired neuronal structure, function, and communication during disease.",CpG methylation; gene expression; nanopore sequencing; neurodegeneration,Journal Article,2026,Prion,eligible,eligible,semantic_in_progress,pending,,,,,eligibility-v1.1-update-20260822,no_pubmed_integrity_signal,2026-08-22 12:22:52.019764-03,This record has not yet received a final NDRO classification.,eligible_original_research_with_adequate_english_scientific_abstract,,2026-08-22 12:41:24.240484-03
ndro-mvp-v0.1.2-20260823,2026-08-23,AD-R-42598552,AD,42598552,https://pubmed.ncbi.nlm.nih.gov/42598552/,Mechanistic convergence of Astragalus-derived phytochemicals in Alzheimer's disease: A systematic review.,Bhatt Yashvi,"Alzheimer's disease (AD) is a progressive neurodegenerative disorder characterized by cognitive decline, amyloid-β aggregation, tau pathology, oxidative stress, and neuroinflammation. Despite extensive research, effective disease-modifying therapies remain limited, underscoring the need for multi-target therapeutic strategies. Species of the genus Astragalus, widely used in traditional medicine, have gained attention for their neuroprotective potential due to diverse bioactive constituents, including saponins, flavonoids, and polysaccharides. This systematic review synthesizes current preclinical and emerging clinical evidence on the neuroprotective mechanisms of Astragalus species in AD. Literature was systematically analyzed in accordance with PRISMA guidelines. The findings indicate that Astragalus-derived compounds exert multi-target effects through modulation of key signaling pathways, including PI3K/Akt, Nrf2/ARE, MAPK, and NF-κB. These interactions collectively reduce oxidative stress, attenuate neuroinflammation, inhibit neuronal apoptosis, and improve synaptic function. Several studies further suggest roles in mitigating amyloid-β toxicity and tau hyperphosphorylation. Collectively, the evidence supports a systems-level pharmacological model in which Astragalus species mediate convergent neuroprotective effects across interconnected molecular pathways. However, translation to clinical application remains limited by insufficient human studies, variability in species-specific phytochemical profiles, and lack of standardized formulations. Future research should prioritize well-designed clinical trials, comparative species-level analyses, and mechanistic validation to establish the therapeutic potential of Astragalus in AD.",Alzheimer’s disease; Astragalus spp.; Herbal medicine; Neuroinflammation; Phytochemicals,Journal Article,2026,IBRO neuroscience reports,eligible,eligible,semantic_in_progress,pending,,,,,eligibility-v1.1-update-20260822,no_pubmed_integrity_signal,2026-08-22 12:22:52.019764-03,This record has not yet received a final NDRO classification.,eligible_original_research_with_adequate_english_scientific_abstract,,2026-08-22 12:41:24.240484-03
ndro-mvp-v0.1.2-20260823,2026-08-23,AD-R-42602282,AD,42602282,https://pubmed.ncbi.nlm.nih.gov/42602282/,Refining genetic discoveries of group knockoffs via a feature-level filter.,Gu Jiaqi; Chen Zhaomeng; He Zihuai,"Identifying variants that carry substantial information on the trait of interest remains a core topic in genetic studies. In analysing the EADB-UKBB dataset to identify genetic variants associated with Alzheimer's disease (AD), however, we recognize that both existing marginal association tests and conditional independence tests using existing knockoff filters suffer either power loss or lack of informativeness, especially when strong correlations exist among variants. To address these limitations, we propose a new feature-versus-group (FVG) filter that seeks balance between the power and precision in identifying important features from a set of strongly correlated features using group knockoffs. In extensive simulation studies, the FVG filter controls the expected proportion of false discoveries and identifies important features in smaller catching sets without large power loss. Applying the proposed method to the EADB-UKBB dataset, we discover important variants from 89 loci (similar to the most powerful group knockoff filter) with catching sets of substantially smaller size and higher purity and verify the biological informativeness of our discoveries.",Alzheimer’s disease genetics; false discovery rate; genetic variant selection; knockoffs,Journal Article,2026,"Journal of the Royal Statistical Society. Series C, Applied statistics",eligible,eligible,semantic_in_progress,pending,,,,,eligibility-v1.1-update-20260822,no_pubmed_integrity_signal,2026-08-22 12:22:52.019764-03,This record has not yet received a final NDRO classification.,eligible_original_research_with_adequate_english_scientific_abstract,,2026-08-22 12:41:24.240484-03
ndro-mvp-v0.1.2-20260823,2026-08-23,ALS-R-001,ALS,21170888,https://pubmed.ncbi.nlm.nih.gov/21170888/,Lithium-induced nephrogenic diabetes insipidus: new clinical and experimental findings.,Trepiccione Francesco; Christensen Birgitte Mønster,"Lithium (Li+) salts are widely used to treat bipolar mood disorders. Recent trials suggest a potential efficacy also in the treatment of amyotrophic lateral sclerosis and Alzheimer's disease. Li+ is freely filtered by the glomerulus and mainly reabsorbed in the proximal convoluted tubule. Reabsorption in the distal nephron becomes significant under sodium-restricted conditions. Nevertheless, the distal nephron is greatly affected by Li+ even under normal sodium intake. Polyuria, renal tubular acidosis and finally chronic renal failure are the most frequent adverse effects. The occurrence of an overt nephrogenic diabetes insipidus (NDI) limits Li+ usage and imposes suspension. The molecular mechanisms of Li+-related urinary concentration defect involve a dysregulation of the aquaporin system in principal cells of the collecting duct. ENaC is crucial as the entry route for intracellular Li+ accumulation. The basolateral exit route is not clearly identified, but some evidence suggests Na+/H+ exchanger 1 (NHE1) as a potential candidate. Li+ promotes polyuria mainly counteracting the intracellular vasopressin signaling. An additional role of the inner medullary interstitial cells and PGE-2 pathway has to be considered. The GSK3ß cascade is also regulated by Li+. GSK3ß inhibition could lead not only to the polyuria, but also to the Li+-dependent proliferative effect on principal cells. Cellular reorganization of the collecting duct and microcysts are the main pathological findings during Li+ treatment. Their relationship with the urinary concentration defect and an eventual Li+-induced ciliopathy has to been investigated. Li+-induced NDI has been a matter of investigation since the early 1970s. This manuscript reports the latest clinical and experimental findings in combination with the older fundamental results.",,Journal Article; Review,2010,Journal of nephrology,eligible,excluded,final,not_applicable,,exclude,excluded_eligibility,Regra de elegibilidade,pilot-v1.1,no_pubmed_integrity_signal,2026-08-22 01:52:33.208402-03,This article is excluded because it does not meet NDRO eligibility requirements.,Revisão ou meta-análise,,2026-08-22 01:52:33.208402-03
ndro-mvp-v0.1.2-20260823,2026-08-23,ALS-R-002,ALS,22972582,https://pubmed.ncbi.nlm.nih.gov/22972582/,[Respiratory compromise in amyotrophic lateral sclerosis: electromyographic evidence].,Gutiérrez-Gutiérrez Gerardo; Martín-Montes Ángel,,,Case Reports; Letter,2012,Revista de neurologia,excluded,excluded,final,not_applicable,,exclude,excluded_eligibility,Regra de elegibilidade,pilot-v1.1,no_pubmed_integrity_signal,2026-08-22 01:52:33.208402-03,This article is excluded because it does not meet NDRO eligibility requirements.,Abstract ausente,Abstract missing from the public PubMed record.,2026-08-22 01:52:33.208402-03
ndro-mvp-v0.1.2-20260823,2026-08-23,ALS-R-003,ALS,23527149,https://pubmed.ncbi.nlm.nih.gov/23527149/,"Fine mapping for Weaver syndrome in Brown Swiss cattle and the identification of 41 concordant mutations across NRCAM, PNPLA8 and CTTNBP2.",McClure Matthew; Kim Euisoo; Bickhart Derek; Null Daniel; Cooper Tabatha; Cole John; Wiggans George; Ajmone-Marsan Paolo; Colli Licia; Santus Enrico; Liu George E; Schroeder Steve; Matukumalli Lakshmi; Van Tassell Curt; Sonstegard Tad,"Bovine Progressive Degenerative Myeloencephalopathy (Weaver Syndrome) is a recessive neurological disease that has been observed in the Brown Swiss cattle breed since the 1970's in North America and Europe. Bilateral hind leg weakness and ataxia appear in afflicted animals at 6 to 18 months of age, and slowly progresses to total loss of hind limb control by 3 to 4 years of age. While Weaver has previously been mapped to Bos taurus autosome (BTA) 4∶46-56 Mb and a diagnostic test based on the 6 microsatellite (MS) markers is commercially available, neither the causative gene nor mutation has been identified; therefore misdiagnosis can occur due to recombination between the diagnostic MS markers and the causative mutation. Analysis of 34,980 BTA 4 SNPs genotypes derived from the Illumina BovineHD assay for 20 Brown Swiss Weaver carriers and 49 homozygous normal bulls refined the Weaver locus to 48-53 Mb. Genotyping of 153 SNPs, identified from whole genome sequencing of 10 normal and 10 carrier animals, across a validation set of 841 animals resulted in the identification of 41 diagnostic SNPs that were concordant with the disease. Except for one intergenic SNP all are associated with genes expressed in nervous tissues: 37 distal to NRCAM, one non-synonymous (serine to asparagine) in PNPLA8, one synonymous and one non-synonymous (lysine to glutamic acid) in CTTNBP2. Haplotype and imputation analyses of 7,458 Brown Swiss animals with Illumina BovineSNP50 data and the 41 diagnostic SNPs resulted in the identification of only one haplotype concordant with the Weaver phenotype. Use of this haplotype and the diagnostic SNPs more accurately identifies Weaver carriers in both Brown Swiss purebred and influenced herds.",,"Journal Article; Research Support, Non-U.S. Gov't",2013,PloS one,eligible,eligible,final,not_applicable,not_relevant,exclude,excluded_relevance,Consenso A+B,pilot-v1.1,no_pubmed_integrity_signal,2026-08-22 01:52:33.208402-03,This article is excluded because it does not meet NDRO scientific relevance criteria.,Estudo empírico original com abstract utilizável,,2026-08-22 01:52:33.208402-03
ndro-mvp-v0.1.2-20260823,2026-08-23,ALS-R-004,ALS,22424125,https://pubmed.ncbi.nlm.nih.gov/22424125/,Does interneuronal dysfunction contribute to neurodegeneration in amyotrophic lateral sclerosis?,Turner Martin R; Kiernan Matthew C,"Amyotrophic lateral sclerosis (ALS) is typically regarded as a sporadic neurodegenerative disorder that results in a catastrophic failure of the motor system, with characteristically variable involvement of upper and lower motor neuronal populations. A wide range of evidence from clinical, histological, genetic, neurophysiological, neuroimaging and neuropsychological studies, suggests that a loss of central nervous system inhibitory neuronal influence is a contributing factor in ALS pathogenesis. This loss of inhibitory function points intuitively to an 'interneuronopathy', with natural differences in cortical and spinal inhibitory networks reflected in the hitherto unexplained variable compartmentalization of pathology within upper and lower motor neuron populations. An excitotoxic final common pathway might then result from unopposed glutamatergic activity. If correct, therapies aimed specifically at supporting interneuronal function may provide a novel therapeutic strategy.",,Journal Article,2012,Amyotrophic lateral sclerosis : official publication of the World Federation of Neurology Research Group on Motor Neuron Diseases,eligible,excluded,final,not_applicable,,exclude,excluded_eligibility,Regra de elegibilidade,pilot-v1.1,no_pubmed_integrity_signal,2026-08-22 01:52:33.208402-03,This article is excluded because it does not meet NDRO eligibility requirements.,Texto narrativo sem dados empíricos originais,,2026-08-22 01:52:33.208402-03
ndro-mvp-v0.1.2-20260823,2026-08-23,ALS-R-005,ALS,22938875,https://pubmed.ncbi.nlm.nih.gov/22938875/,Clinical approach to the diagnostic evaluation of hereditary and acquired neuromuscular diseases.,McDonald Craig M,"For diagnostic evaluation of a neuromuscular disease, the clinician must be able to obtain a relevant patient and family history and perform focused general, musculoskeletal, neurologic, and functional physical examinations to direct further diagnostic evaluations. Laboratory studies for hereditary neuromuscular diseases include the relevant molecular genetic studies. The electromyogram and nerve-conduction studies remain an extension of the physical examination, and help to guide further diagnostic studies such as molecular genetics and muscle and nerve biopsies. All diagnostic information needs are to be interpreted within the context of relevant historical information, family history, physical examination, laboratory data, electrophysiology, pathology, and molecular genetics.",,"Journal Article; Research Support, N.I.H., Extramural; Review",2012,Physical medicine and rehabilitation clinics of North America,eligible,excluded,final,not_applicable,,exclude,excluded_eligibility,Regra de elegibilidade,pilot-v1.1,no_pubmed_integrity_signal,2026-08-22 01:52:33.208402-03,This article is excluded because it does not meet NDRO eligibility requirements.,Revisão ou meta-análise,,2026-08-22 01:52:33.208402-03
ndro-mvp-v0.1.2-20260823,2026-08-23,ALS-R-006,ALS,20953810,https://pubmed.ncbi.nlm.nih.gov/20953810/,Dementia and cognitive impairment in amyotrophic lateral sclerosis: a review.,Giordana Maria Teresa; Ferrero Patrizia; Grifoni Silvia; Pellerino Alessia; Naldi Andrea; Montuschi Anna,"Amyotrophic lateral sclerosis (ALS) is generally considered to be a paradigm of pure motor neuron disorder; nevertheless, the possible occurrence of cognitive impairment up to a frank dementia in patients affected by ALS is recognized. The appraisal of the cognitive impairment in ALS patients is crucial not only to the therapeutic trials of this incurable disease, but also to the planning of care, compliance to interventions, the end-of-life decisions. The cognitive/behavioral changes of ALS patients are consistent with frontotemporal dysfunctions; the overlap of neuropathological features of ALS and frontotemporal lobe degeneration (FTLD) supports, in addition, the putative spectrum of ALS and FTD. In the present review, the pertinent clinical, genetic, neuropathological, neuropsychological and neuroimaging data of the literature are comprehensively and critically discussed. The distinct and overlapping features of ALS and FTD are pointed out, as well as the undisclosed questions deserving additional studies.",,"Journal Article; Research Support, Non-U.S. Gov't; Review",2010,Neurological sciences : official journal of the Italian Neurological Society and of the Italian Society of Clinical Neurophysiology,eligible,excluded,final,not_applicable,,exclude,excluded_eligibility,Regra de elegibilidade,pilot-v1.1,no_pubmed_integrity_signal,2026-08-22 01:52:33.208402-03,This article is excluded because it does not meet NDRO eligibility requirements.,Revisão ou meta-análise,,2026-08-22 01:52:33.208402-03
ndro-mvp-v0.1.2-20260823,2026-08-23,ALS-R-007,ALS,22117694,https://pubmed.ncbi.nlm.nih.gov/22117694/,Paradoxical roles of serine racemase and D-serine in the G93A mSOD1 mouse model of amyotrophic lateral sclerosis.,Thompson Misty; Marecki John C; Marinesco Stephane; Labrie Viviane; Roder John C; Barger Steven W; Crow John P,"D-serine is an endogenous neurotransmitter that binds to the NMDA receptor, thereby increasing the affinity for glutamate, and the potential for excitotoxicity. The primary source of D-serine in vivo is enzymatic racemization by serine racemase (SR). Regulation of D-serine in vivo is poorly understood, but is thought to involve a combination of controlled production, synaptic reuptake by transporters, and intracellular degradation by D-amino acid oxidase (DAO). However, SR itself possesses a well-characterized eliminase activity, which effectively degrades D-serine as well. D-serine is increased two-fold in spinal cords of G93A Cu,Zn-superoxide dismutase (SOD1) mice--the standard model of amyotrophic lateral sclerosis (ALS). ALS mice with SR disruption show earlier symptom onset, but survive longer (progression phase is slowed), in an SR-dependent manner. Paradoxically, administration of D-serine to ALS mice dramatically lowers cord levels of D-serine, leading to changes in the onset and survival very similar to SR deletion. D-serine treatment also increases cord levels of the alanine-serine-cysteine transporter 1 (Asc-1). Although the mechanism by which SOD1 mutations increases D-serine is not known, these results strongly suggest that SR and D-serine are fundamentally involved in both the pre-symptomatic and progression phases of disease, and offer a direct link between mutant SOD1 and a glial-derived toxic mediator.",,"Comparative Study; Journal Article; Research Support, N.I.H., Extramural",2012,Journal of neurochemistry,eligible,eligible,final,complete,primary_focus,include,core,Consenso A+B,pilot-v1.1,no_pubmed_integrity_signal,2026-08-22 01:52:33.208402-03,This article is included in the NDRO core analytical corpus.,Estudo empírico original com abstract utilizável,,2026-08-22 01:52:33.208402-03
ndro-mvp-v0.1.2-20260823,2026-08-23,ALS-R-008,ALS,21456887,https://pubmed.ncbi.nlm.nih.gov/21456887/,Efficacy of oral bisphosphonates for preventing hip fracture in disabled patients with neurological diseases: a meta-analysis of randomized controlled trials among the Japanese population.,Iwamoto Jun; Takeda Tsuyoshi; Matsumoto Hideo,"OBJECTIVE: Neurological diseases such as amyotrophic lateral sclerosis (ALS), stroke, and Parkinson's disease cause disability and immobilization that increases the risk of hip fracture. The purpose of the present study was to clarify the efficacy of oral bisphosphonates for preventing hip fracture in disabled patients with such neurological diseases.
METHODS: A literature search (PubMed) was done from 1995 to the present for randomized controlled trials (RCTs), and a meta-analysis was conducted.
RESULTS: Seven RCTs met the criteria, including two of etidronate (ALS and stroke), two of alendronate (stroke and Parkinson's disease), and three of risedronate (stroke and Parkinson's disease). All of the RCTs were performed on Japanese patients. According to the results of pooled data analysis, the relative risk (95% confidence interval) of hip fracture in patients receiving etidronate, alendronate, and risedronate treatment compared with placebo or active control treatment was 0.16 (0.03-0.87), 0.29 (0.10-0.80), and 0.24 (0.10-0.58), respectively, suggesting a reduction of risk by more than 70% with oral bisphosphonates. There was no statistical evidence of heterogeneity among RCTs, and publication bias was not identified by the funnel plot and Begg's rank correlation test. No severe adverse events due to oral bisphosphonate treatment were reported.
LIMITATION: It remains uncertain whether the findings are relevant for Western patients with an increased risk of hip fracture due to neurological diseases.
CONCLUSION: A meta-analysis of RCTs suggested that oral bisphosphonate treatment prevents hip fracture in disabled Japanese patients with neurological diseases, including ALS, stroke, and Parkinson's disease. Oral bisphosphonate treatment was well tolerated by such patients.",,Journal Article; Meta-Analysis; Retracted Publication,2011,Current medical research and opinion,eligible,excluded,final,not_applicable,,exclude,excluded_eligibility,Regra de elegibilidade,pilot-v1.1,retracted,2026-08-22 01:52:33.208402-03,This article is excluded because it does not meet NDRO eligibility requirements.,Revisão ou meta-análise,,2026-08-22 01:52:33.208402-03
ndro-mvp-v0.1.2-20260823,2026-08-23,ALS-R-009,ALS,20188146,https://pubmed.ncbi.nlm.nih.gov/20188146/,Amyotrophic lateral sclerosis mutant vesicle-associated membrane protein-associated protein-B transgenic mice develop TAR-DNA-binding protein-43 pathology.,Tudor E L; Galtrey C M; Perkinton M S; Lau K-F; De Vos K J; Mitchell J C; Ackerley S; Hortobágyi T; Vámos E; Leigh P N; Klasen C; McLoughlin D M; Shaw C E; Miller C C J,"Cytoplasmic ubiquitin-positive inclusions containing TAR-DNA-binding protein-43 (TDP-43) within motor neurons are the hallmark pathology of sporadic amyotrophic lateral sclerosis (ALS). TDP-43 is a nuclear protein and the mechanisms by which it becomes mislocalized and aggregated in ALS are not properly understood. A mutation in the vesicle-associated membrane protein-associated protein-B (VAPB) involving a proline to serine substitution at position 56 (VAPBP56S) is the cause of familial ALS type-8. To gain insight into the molecular mechanisms by which VAPBP56S induces disease, we created transgenic mice that express either wild-type VAPB (VAPBwt) or VAPBP56S in the nervous system. Analyses of both sets of mice revealed no overt motor phenotype nor alterations in survival. However, VAPBP56S but not VAPBwt transgenic mice develop cytoplasmic TDP-43 accumulations within spinal cord motor neurons that were first detected at 18 months of age. Our results suggest a link between abnormal VAPBP56S function and TDP-43 mislocalization.",,"Journal Article; Research Support, Non-U.S. Gov't",2010,Neuroscience,eligible,eligible,final,complete,primary_focus,include,core,Consenso A+B,pilot-v1.1,no_pubmed_integrity_signal,2026-08-22 01:52:33.208402-03,This article is included in the NDRO core analytical corpus.,Estudo empírico original com abstract utilizável,,2026-08-22 01:52:33.208402-03
ndro-mvp-v0.1.2-20260823,2026-08-23,ALS-R-010,ALS,21111718,https://pubmed.ncbi.nlm.nih.gov/21111718/,Linking hypoxic and oxidative insults to cell death mechanisms in models of ALS.,Xu Renshi; Wu Chengsi; Zhang Xiong; Zhang Qiong; Yang Yunzhu; Yi Juan; Yang Rongwei; Tao Yuhui,"Amyotrophic lateral sclerosis (ALS) is a fatal neurodegenerative disease that is characterized by a progressive, selective loss of motor neurons (MN) in brain and spinal cord. The mechanisms of selective and age-dependent MN degeneration in ALS have not been defined. Recent studies suggest that the elevation of intracellular oxidative toxicity contributes to death of MN, but the molecular pathways remain largely unknown. In order to study the possible molecular pathways that the oxidative toxicity induced MN death in ALS, a MN-like cell NSC34, a primary neuronal cell (PNC) of mouse prontal cortex, and a G93A-SOD1 transgenic mouse model were used. Exposure of NSC34 and PNC to cobalt chloride or chronic sustained hypoxic conditions showed a dramatic increase of cellular Hif-1α (hypoxia inducing factor-1α), HO-1 (heme oxygenases-1), and UCP4 (uncoupling protein 4) expression by Western blot analysis, accompanied with increasing cellular apoptosis by histone protein release assay. In an ALS mouse model, the caspase 3 activation, Aif (apoptosis inducing factor), cytochrome c redistribution in MN of spinal cord significantly increased at 70days of disease progression, and Hif-1α expression significantly increased at whole disease stages by an immunohistochemical positive cell counting and Western blot analysis, respectively. The data on this in vitro and in vivo study suggested that oxidative toxicity promoted multiple molecular pathways associated with MN death in ALS and at least were partially associated with the changes of Hif-1α, HO-1, UCP4 expressive increment, caspase 3 activation and Aif, cytochrome c redistribution.",,"Journal Article; Research Support, Non-U.S. Gov't",2010,Brain research,eligible,eligible,final,complete,primary_focus,include,core,Consenso A+B,pilot-v1.1,no_pubmed_integrity_signal,2026-08-22 01:52:33.208402-03,This article is included in the NDRO core analytical corpus.,Estudo empírico original com abstract utilizável,,2026-08-22 01:52:33.208402-03
ndro-mvp-v0.1.2-20260823,2026-08-23,ALS-R-011,ALS,22792076,https://pubmed.ncbi.nlm.nih.gov/22792076/,TDP-1/TDP-43 regulates stress signaling and age-dependent proteotoxicity in Caenorhabditis elegans.,Vaccaro Alexandra; Tauffenberger Arnaud; Ash Peter E A; Carlomagno Yari; Petrucelli Leonard; Parker J Alex,"TDP-43 is a multifunctional nucleic acid binding protein linked to several neurodegenerative diseases including Amyotrophic Lateral Sclerosis (ALS) and Frontotemporal Dementia. To learn more about the normal biological and abnormal pathological role of this protein, we turned to Caenorhabditis elegans and its orthologue TDP-1. We report that TDP-1 functions in the Insulin/IGF pathway to regulate longevity and the oxidative stress response downstream from the forkhead transcription factor DAF-16/FOXO3a. However, although tdp-1 mutants are stress-sensitive, chronic upregulation of tdp-1 expression is toxic and decreases lifespan. ALS-associated mutations in TDP-43 or the related RNA binding protein FUS activate the unfolded protein response and generate oxidative stress leading to the daf-16-dependent upregulation of tdp-1 expression with negative effects on neuronal function and lifespan. Consistently, deletion of endogenous tdp-1 rescues mutant TDP-43 and FUS proteotoxicity in C. elegans. These results suggest that chronic induction of wild-type TDP-1/TDP-43 by cellular stress may propagate neurodegeneration and decrease lifespan.",,"Journal Article; Research Support, N.I.H., Extramural; Research Support, Non-U.S. Gov't; Research Support, U.S. Gov't, Non-P.H.S.",2012,PLoS genetics,eligible,eligible,final,complete,shared_mechanism,separate_view,separate,Consenso A+B,pilot-v1.1,no_pubmed_integrity_signal,2026-08-22 01:52:33.208402-03,This original study is preserved in a separate analytical view.,Estudo empírico original com abstract utilizável,,2026-08-22 01:52:33.208402-03
ndro-mvp-v0.1.2-20260823,2026-08-23,ALS-R-012,ALS,24279194,https://pubmed.ncbi.nlm.nih.gov/24279194/,Management of amyotrophic lateral sclerosis.,Bali Taha; Miller Timothy M,"Motor Neuron Diseases (MNDs) are neurological disorders characterized by the selective and progressive degeneration of motor neurons. Amyotrophic Lateral Sclerosis (ALS), commonly known as Lou Gehrig's disease, is the most common. ALS causes diffuse muscle weakness and death secondary to respiratory failure. The diagnosis is made clinically, supported by electrodiagnostic testing. Although medications are limited, careful attention to breathing, nutrition, and patient mobility can have a major, positive impact on the course of the disease.",,"Journal Article; Research Support, N.I.H., Extramural; Research Support, Non-U.S. Gov't; Review",2013,Missouri medicine,eligible,excluded,final,not_applicable,,exclude,excluded_eligibility,Regra de elegibilidade,pilot-v1.1,no_pubmed_integrity_signal,2026-08-22 01:52:33.208402-03,This article is excluded because it does not meet NDRO eligibility requirements.,Revisão ou meta-análise,,2026-08-22 01:52:33.208402-03
ndro-mvp-v0.1.2-20260823,2026-08-23,ALS-R-013,ALS,21554033,https://pubmed.ncbi.nlm.nih.gov/21554033/,Upper trapezius electromyography aids in the early diagnosis of bulbar involvement in amyotrophic lateral sclerosis.,Xu Ying-Sheng; Zheng Ju-Yang; Zhang Shuo; Fan Dong-Sheng,"Electromyography (EMG), particularly measurements of the tongue or sternocleidomastoid, aids in the diagnosis of amyotrophic lateral sclerosis (ALS) and may be used to identify lower motor neuron lesions in the bulbar region. Abnormal trapezius EMG recordings were recently shown to be useful in diagnosing ALS. Here, we investigated the role of upper trapezius EMG in assessing bulbar involvement in ALS. Standard EMG measurements were recorded from the upper trapezius in ALS, cervical spondylotic myelopathy (CSM), and normal controls (NC). Forty-three CSM patients were examined pre-operatively and three months post-operatively. Greater spontaneous activity levels were observed in upper trapezius EMG measurements of ALS patients with a disease duration of ≤8 months (70%), compared with patients with a disease duration of >8 months (40%). Significant differences in motor unit action potential parameters were also noted between ALS and CSM or NC. Fewer spontaneous EMG recordings were detected in CSM post-operatively. Furthermore, no differences in neurogenic EMG measurements were observed in ALS between the trapezius and sternocleidomastoid muscles (p = 0.22). In conclusion, upper trapezius EMG recordings may provide valuable information for assessing the clinical and subclinical involvement of bulbar lower motor neurons in ALS patients, particularly at early disease stages.",,"Comparative Study; Journal Article; Research Support, Non-U.S. Gov't",2011,Amyotrophic lateral sclerosis : official publication of the World Federation of Neurology Research Group on Motor Neuron Diseases,eligible,eligible,final,complete,primary_focus,include,core,Consenso A+B,pilot-v1.1,no_pubmed_integrity_signal,2026-08-22 01:52:33.208402-03,This article is included in the NDRO core analytical corpus.,Estudo empírico original com abstract utilizável,,2026-08-22 01:52:33.208402-03
ndro-mvp-v0.1.2-20260823,2026-08-23,ALS-R-014,ALS,20407306,https://pubmed.ncbi.nlm.nih.gov/20407306/,Prolonging survival in amyotrophic lateral sclerosis: efficacy of noninvasive ventilation and uncuffed tracheostomy tubes.,Sancho Jesús; Servera Emilio; Bañuls Pilar; Marín Julio,"OBJECTIVE: To assess the efficacy of noninvasive ventilatory support and intermittent positive pressure ventilation via uncuffed tracheostomy tubes (uTIPPV) to prolong survival in amyotrophic lateral sclerosis.
DESIGN: Survival was prolonged by continuous noninvasive ventilatory support or TIPPV dependence. Once noninvasive ventilatory support was no longer adequate for six noninvasive ventilatory support users, they and 22 others underwent tracheotomy within 1 mo of measurement of spirometry (forced vital capacity and forced volume expired in 1 sec), peak cough flows, maximum insufflation capacity, manually assisted peak cough flows, and mechanically assisted peak cough flows. Glottic function was estimated by maximum insufflation capacity, FVC difference, and bulbar-innervated muscle function by Norris scale bulbar-innervated muscle subscore. Cuffless tubes were replaced by cuffed ones when hypoventilation developed despite increasing uTIPPV volumes.
RESULTS: The survival of 22 patients was prolonged by continuous noninvasive ventilatory support dependence for 7.8 +/- 8.1 mos (range, 1-36 mos; median, 5 mos) after 13.9 +/- 11.2 mos (range, 2-36 mos) of part-time noninvasive ventilatory support. Six of these and 22 others underwent tracheotomy and initially used uTIPPV effectively. For ten of the 28 (35.7%) patients, the tubes had to be replaced by cuffed ones after 5.7 +/- 7.8 mos with the other 18 still using tracheostomy intermittent positive pressure ventilation volumes via uncuffed tubes for 20.2 +/- 17.6 mos at data collection. Pretracheotomy FVC was significantly lower in the ten patients who eventually required cuffed tubes (0.70 +/- 0.44 vs. 1.06 +/- 0.43 L, P < 0.05). The bulbar-innervated muscle was significantly lower when the uTIPPV users required cuffed TIPPV than when beginning uTIPPV (Norris scale bulbar-innervated muscle subscore, 3.20 +/- 1.30 vs. 8.00 +/- 3.20, P < 0.05), respectively.
CONCLUSIONS: Noninvasive and tracheostomy IPPV via cuffless tubes can prolong survival for patients with amyotrophic lateral sclerosis until excessive air leak and hypoventilation necessitate a cuffed tube.",,"Journal Article; Research Support, Non-U.S. Gov't",2010,American journal of physical medicine & rehabilitation,eligible,eligible,final,complete,primary_focus,include,core,Consenso A+B,pilot-v1.1,no_pubmed_integrity_signal,2026-08-22 01:52:33.208402-03,This article is included in the NDRO core analytical corpus.,Estudo empírico original com abstract utilizável,,2026-08-22 01:52:33.208402-03
ndro-mvp-v0.1.2-20260823,2026-08-23,ALS-R-015,ALS,20206953,https://pubmed.ncbi.nlm.nih.gov/20206953/,[Retrospective study of ALS in French military personnel].,Drouet A; Desjeux G; Balaire C; Thevenin-Garron V,"INTRODUCTION: An apparent increased risk for developing Amyotrophic Lateral Sclerosis (ALS), a multifactorial neurodegenerative disease, is considered to exist in the military population.
PATIENTS AND METHODS: ALS military and veteran patients were retrospectively recruited in April 2008 by searching medical data (Hippocrate) and repayment data (Erasme) of the French National Military Health Care Fund (Caisse nationale militaire de sécurité sociale, CNMSS) from de January 1991 to December 2007.
RESULTS: We report a series of 73 patients, 69 male and four female, average age of 52.5 years (range 27 to 72 years) with a peak of patients in the 50-59 year age class. The branch of military service was Army (n=26 patients), Air force (n=14), Navy (n=10) and State Police Force (n=22). The incidence among male active duty military personnel was stable from 2002 to 2007; it was less than the general population (1.7/100,000 per year in 2007), but higher in the 40-44 and 50-54 year age classes (1.90 and 5.07/100,000 per year in 2007 respectively). Duration of active duty was on average 31 years.
CONCLUSION: The retrospective nature of the data and the incomplete population with loss of retired military personnel without CNMSS affiliation are limitations of our study. Another means of collecting all cases of ALS among French military personnel and veterans would be to conduct a search in the 17 ALS centers in France with analysis by occupational activity for entire career.",,English Abstract; Journal Article,2010,Revue neurologique,eligible,eligible,final,complete,primary_focus,include,core,Consenso A+B,pilot-v1.1,no_pubmed_integrity_signal,2026-08-22 01:52:33.208402-03,This article is included in the NDRO core analytical corpus.,Estudo empírico original com abstract utilizável,,2026-08-22 01:52:33.208402-03
ndro-mvp-v0.1.2-20260823,2026-08-23,ALS-R-016,ALS,24323921,https://pubmed.ncbi.nlm.nih.gov/24323921/,"Phosphatidylinositol 3,5-bisphosphate: low abundance, high significance.",McCartney Amber J; Zhang Yanling; Weisman Lois S,"Recent studies of the low abundant signaling lipid, phosphatidylinositol 3,5-bisphosphate (PI(3,5)P2 ), reveal an intriguingly diverse list of downstream pathways, the intertwined relationship between PI(3,5)P2 and PI5P, as well as links to neurodegenerative diseases. Derived from the structural lipid phosphatidylinositol, PI(3,5)P2 is dynamically generated on multiple cellular compartments where interactions with an increasing list of effectors regulate many cellular pathways. A complex of proteins that includes Fab1/PIKfyve, Vac14, and Fig4/Sac3 mediates the biosynthesis of PI(3,5)P2 , and mutations that disrupt complex function and/or formation cause profound consequences in cells. Surprisingly, mutations in this pathway are linked with neurological diseases, including Charcot-Marie-Tooth syndrome and amyotrophic lateral sclerosis. Future studies of PI(3,5)P2 and PI5P are likely to expand the roles of these lipids in regulation of cellular functions, as well as provide new approaches for treatment of some neurological diseases.","Fab1; Fig4; phosphatidylinositol 3,5-bisphosphate; phosphoinositide lipid; PIKfyve; Vac14; Vac7","Journal Article; Research Support, N.I.H., Extramural; Research Support, Non-U.S. Gov't; Review",2013,"BioEssays : news and reviews in molecular, cellular and developmental biology",eligible,excluded,final,not_applicable,,exclude,excluded_eligibility,Regra de elegibilidade,pilot-v1.1,no_pubmed_integrity_signal,2026-08-22 01:52:33.208402-03,This article is excluded because it does not meet NDRO eligibility requirements.,Revisão ou meta-análise,,2026-08-22 01:52:33.208402-03
ndro-mvp-v0.1.2-20260823,2026-08-23,ALS-R-017,ALS,20554027,https://pubmed.ncbi.nlm.nih.gov/20554027/,Differential expression of interferon-gamma receptor on human glial cells in vivo and in vitro.,Hashioka Sadayuki; Klegeris Andis; Schwab Claudia; Yu Sheng; McGeer Patrick L,"Although significant effects of interferon-gamma (IFN-gamma) on glial cells are well documented, information on the expression level and localization of glial IFN-gamma receptors (IFN-gamma-R) in the human central nervous system (CNS) is sparse. To examine the glial expression of IFN-gamma-R in the human CNS, immunohistochemistry and quantitative analyses were performed on Alzheimer disease hippocampus, Parkinson disease substantia nigra, amyotrophic lateral sclerosis spinal cord and corresponding areas from non-neurological cases. Almost all IFN-gamma-R-positive (IFN-gamma-R(+)) cells corresponded to GFAP-positive (GFAP(+)) astrocytes, while none of IFN-gamma-R(+) cells corresponded to IBA1-positive (IBA1(+)) microglia or MBP-positive (MBP(+)) oligodendrocytes in these neurological cases. We observed a similar pattern of glial IFN-gamma-R expression in non-neurological cases. Also, we quantitatively analyzed the IFN-gamma-R expression by cultured human glial cells using immunocytochemistry and reverse transcription polymerase chain reaction (RT-PCR). In contrast to in vivo results, almost all IFN-gamma-R(+) cells were IBA1(+) in microglial cultures, GFAP(+) in astrocytic cultures and MBP(+) in oligodendrocytic cultures. Moreover, no significant difference in IFN-gamma-R mRNA expression was found for these glial cell types by RT-PCR. These results suggest that the microglial and oligodendrocytic expression levels of IFN-gamma-R are much lower than the astrocytic expression levels in the human CNS in vivo, whereas all three types of glial cells constitutively express IFN-gamma-R when cultured in vitro.",,"Journal Article; Research Support, Non-U.S. Gov't",2010,Journal of neuroimmunology,eligible,eligible,final,complete,co_primary_focus,include,core,Consenso A+B,pilot-v1.1,no_pubmed_integrity_signal,2026-08-22 01:52:33.208402-03,This article is included in the NDRO core analytical corpus.,Estudo empírico original confirmado por leitura do abstract,,2026-08-22 01:52:33.208402-03
ndro-mvp-v0.1.2-20260823,2026-08-23,ALS-R-018,ALS,24215464,https://pubmed.ncbi.nlm.nih.gov/24215464/,Potential involvement of intracellular pH in a mouse model of amyotrophic lateral sclerosis.,Kuo Su-Wei; Jiang Mingchen; Heckman Cj,,,"Journal Article; Research Support, N.I.H., Extramural",2013,Amyotrophic lateral sclerosis & frontotemporal degeneration,excluded,excluded,final,not_applicable,,exclude,excluded_eligibility,Regra de elegibilidade,pilot-v1.1,no_pubmed_integrity_signal,2026-08-22 01:52:33.208402-03,This article is excluded because it does not meet NDRO eligibility requirements.,Abstract ausente,Abstract missing from the public PubMed record.,2026-08-22 01:52:33.208402-03
ndro-mvp-v0.1.2-20260823,2026-08-23,ALS-R-019,ALS,20225928,https://pubmed.ncbi.nlm.nih.gov/20225928/,TDP-43 and ubiquitinated cytoplasmic aggregates in sporadic ALS are low frequency and widely distributed in the lower motor neuron columns independent of disease spread.,Bodansky Aaron; Kim Jae Mun Hugo; Tempest Lynne; Velagapudi Amit; Libby Ryan; Ravits John,"Ubiqitinated and TDP-43 immunoreactive cytoplasmic aggregates are hallmark features of ALS molecular pathology. Since clinically most ALS begins focally and advances contiguously, it is important to characterize their distribution. Our objective was to determine the extent and distribution of TDP-43 immunoreactive aggregates in the lower motor neuron columns as a function of disease onset, and to correlate ubiquitinated with TDP-43 aggregates in the lumbar region. We examined TDP-43 cytoplasmic aggregates at four separate neuraxis levels - hypoglossal nucleus and cervical, thoracic, and lumbar anterior horns - in five controls and 20 sporadic ALS nervous systems from patients whose disease began in various sites, i.e. five bulbar, five arm, five trunk, and five leg onsets. We correlated ubiquitinated to TDP-43 aggregates on adjacent histological sections for the lumbar regions. We found that TDP-43 cytoplasmic aggregates are seen in about 8% of motor neurons but there is marked variability between nervous systems, ranging from 0.4% to 20.6%. The aggregates are uniformly distributed within individual nervous systems. There is no obvious correlation between site of disease onset and rate of spread. Almost all ubiquitinated aggregates correlate to TDP-43 aggregates. Thus, TDP-43 immunoreactive cytoplasmic aggregates have a low overall average frequency that does not correlate with either disease course or clinical spread and is the prime ubiquitinated protein.",,"Journal Article; Research Support, Non-U.S. Gov't",2010,Amyotrophic lateral sclerosis : official publication of the World Federation of Neurology Research Group on Motor Neuron Diseases,eligible,eligible,final,complete,primary_focus,include,core,Consenso A+B,pilot-v1.1,no_pubmed_integrity_signal,2026-08-22 01:52:33.208402-03,This article is included in the NDRO core analytical corpus.,Estudo empírico original com abstract utilizável,,2026-08-22 01:52:33.208402-03
ndro-mvp-v0.1.2-20260823,2026-08-23,ALS-R-020,ALS,22350501,https://pubmed.ncbi.nlm.nih.gov/22350501/,EEG correlates of P300-based brain-computer interface (BCI) performance in people with amyotrophic lateral sclerosis.,Mak Joseph N; McFarland Dennis J; Vaughan Theresa M; McCane Lynn M; Tsui Phillippa Z; Zeitlin Debra J; Sellers Eric W; Wolpaw Jonathan R,"The purpose of this study was to identify electroencephalography (EEG) features that correlate with P300-based brain-computer interface (P300 BCI) performance in people with amyotrophic lateral sclerosis (ALS). Twenty people with ALS used a P300 BCI spelling application in copy-spelling mode. Three types of EEG features were found to be good predictors of P300 BCI performance: (1) the root-mean-square amplitude and (2) the negative peak amplitude of the event-related potential to target stimuli (target ERP) at Fz, Cz, P3, Pz, and P4; and (3) EEG theta frequency (4.5-8 Hz) power at Fz, Cz, P3, Pz, P4, PO7, PO8 and Oz. A statistical prediction model that used a subset of these features accounted for >60% of the variance in copy-spelling performance (p < 0.001, mean R(2) = 0.6175). The correlations reflected between-subject, rather than within-subject, effects. The results enhance understanding of performance differences among P300 BCI users. The predictors found in this study might help in: (1) identifying suitable candidates for long-term P300 BCI operation; (2) assessing performance online. Further work on within-subject effects needs to be done to establish whether P300 BCI user performance could be improved by optimizing one or more of these EEG features.",,"Journal Article; Research Support, N.I.H., Extramural; Research Support, Non-U.S. Gov't",2012,Journal of neural engineering,eligible,eligible,final,complete,primary_focus,include,core,Consenso A+B,pilot-v1.1,no_pubmed_integrity_signal,2026-08-22 01:52:33.208402-03,This article is included in the NDRO core analytical corpus.,Estudo empírico original com abstract utilizável,,2026-08-22 01:52:33.208402-03
ndro-mvp-v0.1.2-20260823,2026-08-23,ALS-R-021,ALS,29035885,https://pubmed.ncbi.nlm.nih.gov/29035885/,ALS-Related Mutant FUS Protein Is Mislocalized to Cytoplasm and Is Recruited into Stress Granules of Fibroblasts from Asymptomatic FUS P525L Mutation Carriers.,Lo Bello Margherita; Di Fini Francesca; Notaro Antonietta; Spataro Rossella; Conforti Francesca L; La Bella Vincenzo,"BACKGROUND: Amyotrophic lateral sclerosis (ALS) shows a strong genetic basis, with SOD1, FUS, TARDBP, and C9ORF72 being the genes most frequently involved. This has allowed identification of asymptomatic mutation carriers, which may be of help in understanding the molecular changes preceding disease onset.
OBJECTIVES: We studied the cellular expression of FUS protein and the effect of heat-shock- and dithiothreitol-induced stress in fibroblasts from FUS P525L mutation carriers, healthy controls, and patients with sporadic ALS.
METHODS: Western blots and immunocytochemistry were performed to study the subcellular localization of FUS protein. Control and stressed cells were double stained with FUS and the stress marker TIA-R.
RESULTS: Fibroblasts from healthy controls and sporadic ALS cases showed a prominent nuclear FUS expression. In the 2 FUS P525L mutation carriers, instead, most cells showed a protein localization in both nucleus and cytoplasm, or exclusively in the cytoplasm. Stress prompted the formation of cytoplasmic granules in all subjects and in sporadic ALS FUS mislocalization to the cytoplasm. Cytoplasmic FUS was recruited into stress granules, which showed a time-dependent decrease in all subjects. However, in the FUS P525L fibroblasts, the granules persisted longer, and they were more numerous than those detected in the cells from controls and sporadic ALS patients.
CONCLUSIONS: We show that in fibroblasts of FUS P525L mutation carriers, FUS mislocalized to the cytoplasm where it redistributed into stress granules with likely a dose effect, i.e. a higher number of cells with granules, which persist longer, than in controls and ALS cases. These data represent an early molecular change occurring before ALS onset, suggesting a transient preaggregative state.",Amyotrophic lateral sclerosis; Cytoplasmic FUS expression; FUS P525L carriers; Human fibroblasts; Stress granules,Journal Article,2017,Neuro-degenerative diseases,eligible,eligible,final,complete,primary_focus,include,core,Consenso A+B,pilot-v1.1,no_pubmed_integrity_signal,2026-08-22 01:52:33.208402-03,This article is included in the NDRO core analytical corpus.,Estudo empírico original com abstract utilizável,,2026-08-22 01:52:33.208402-03
ndro-mvp-v0.1.2-20260823,2026-08-23,ALS-R-022,ALS,28566164,https://pubmed.ncbi.nlm.nih.gov/28566164/,Cervical spinal cord and motor unit pathology in a canine model of SOD1-associated amyotrophic lateral sclerosis.,Katz Martin L; Jensen Cheryl A; Student Jeffrey T; Johnson Gayle C; Coates Joan R,"Development of effective treatments for amyotrophic lateral sclerosis (ALS) would be facilitated by identification of early events in the pathological cascade of disease progression. Degenerative myelopathy (DM), a naturally occurring disease in dogs, is quite similar to forms of ALS associated with SOD1 mutations and is likely to be a good model for these forms of the human disease. The sequence of histopathological changes that occur in DM was characterized by analyzing tissue samples obtained from affected dogs euthanized at various stages of disease progression. Cervical spinal cord and the associated spinal nerve roots, ulnar nerve, and the extensor carpi radialis (ECR) muscle were obtained from Pembroke Welsh Corgi dogs (PWCs) with early and late stage DM and from age-matched unaffected PWCs. In early stage disease there was a substantial change in the ratio of the two main muscle fiber types and an increase in mean muscle fiber area in the ECR. DM, even in late stage disease, was not accompanied by changes in the number of motor neuron cell bodies, in the number of axons in the motor or sensory nerve roots, or in the ulnar nerve. In addition, no disease-related denervation of the acetylcholine receptors of the ECR was observed at any stage of the disease. On the other hand, axon densities in both motor and sensory nerve tracts in the cervical cord were reduced in affected dogs. SOD1-immunoreactive aggregates were observed in spinal cord motor neuron cell bodies only in late stage disease. These findings suggest that some of the earliest pathological changes in DM occur in the muscle fibers and upper motor and sensory neuron tracts in the spinal cord. Targeting therapeutic interventions to these early events in the disease are most likely to be effective in slowing disease progression for DM and may translate to therapy of SOD1-related forms of ALS.",Amyotrophic lateral sclerosis; Degenerative myelopathy; Dog model; Muscle; Neurodegeneration; Pathology; Spinal cord,Journal Article,2017,Journal of the neurological sciences,eligible,eligible,final,complete,primary_focus,include,core,Consenso A+B,pilot-v1.1,no_pubmed_integrity_signal,2026-08-22 01:52:33.208402-03,This article is included in the NDRO core analytical corpus.,Estudo empírico original confirmado por leitura do abstract,,2026-08-22 01:52:33.208402-03
ndro-mvp-v0.1.2-20260823,2026-08-23,ALS-R-023,ALS,26036964,https://pubmed.ncbi.nlm.nih.gov/26036964/,N-3 polyunsaturated fatty acids in animal models with neuroinflammation: An update.,Trépanier Marc-Olivier; Hopperton Kathryn E; Orr Sarah K; Bazinet Richard P,"Neuroinflammation is a characteristic of a multitude of neurological and psychiatric disorders. Modulating inflammatory pathways offers a potential therapeutic target in these disorders. Omega-3 polyunsaturated fatty acids have anti-inflammatory and pro-resolving properties in the periphery, however, their effect on neuroinflammation is less studied. This review summarizes 61 animal studies that tested the effect of omega-3 polyunsaturated fatty acids on neuroinflammatory outcomes in vivo in various models including stroke, spinal cord injury, aging, Alzheimer's disease, Parkinson's disease, lipopolysaccharide and IL-1β injections, diabetes, neuropathic pain, traumatic brain injury, depression, surgically induced cognitive decline, whole body irradiation, amyotrophic lateral sclerosis, N-methyl-D-aspartate-induced excitotoxicity and lupus. The evidence presented in this review suggests anti-neuroinflammatory properties of omega-3 polyunsaturated fatty acids, however, it is not clear by which mechanism omega-3 polyunsaturated fatty acids exert their effect. Future research should aim to isolate the effect of omega-3 polyunsaturated fatty acids on neuroinflammatory signaling in vivo and elucidate the mechanisms underlying these effects.",Brain; Cytokines; Docosahexaenoic acid; Microglia; Neuroinflammation; Omega-3 polyunsaturated fatty acids,Journal Article; Review,2015,European journal of pharmacology,eligible,excluded,final,not_applicable,,exclude,excluded_eligibility,Regra de elegibilidade,pilot-v1.1,no_pubmed_integrity_signal,2026-08-22 01:52:33.208402-03,This article is excluded because it does not meet NDRO eligibility requirements.,Revisão ou meta-análise,,2026-08-22 01:52:33.208402-03
ndro-mvp-v0.1.2-20260823,2026-08-23,ALS-R-024,ALS,27666978,https://pubmed.ncbi.nlm.nih.gov/27666978/,"Transplantation of bone marrow mononuclear cells prolongs survival, delays disease onset and progression and mitigates neuronal loss in pre-symptomatic, but not symptomatic ALS mice.",Venturin Gianina Teribele; Greggio Samuel; Zanirati Gabriele; Marinowic Daniel Rodrigo; de Oliveira Iuri Marques; Pêgas Henriques João Antonio; DaCosta Jaderson Costa,"Cell-based therapy provides a novel strategy to restore lost neurons or modulate the degenerating microenvironment in amyotrophic lateral sclerosis (ALS). This study verified the therapeutic potential of bone marrow mononuclear cells (BMMCs) in SOD1G93A mice. BMMCs were obtained from enhanced green fluorescent protein (EGFP) transgenic C57BL/6 mice (EGFPBMMCs) or from SOD1G93A transgenic mice (mSOD1BMMCs) and given to mice at the pre-symptomatic or late symptomatic stage. Survival, body weight and motor performance data were recorded. DNA integrity was evaluated using the alkaline comet assay. The spinal cords were collected to assess motoneuron preservation and cell migration. EGFPBMMCs and mSOD1BMMCs transplantation to pre-symptomatic SOD1G93A mice prolonged survival and delayed disease progression. The effects were more significant for the EGFPBMMC-transplanted mice. In late symptomatic mice, EGFPBMMCs promoted a discrete increase in survival, without other clinical improvements. DNA from EGFPBMMCs and mSOD1BMMCs was found in the spinal cords of transplanted animals. DNA damage was not modified by BMMCs in any of the studied groups. Despite positive behavioral effects observed in our study, the limited results we observed for late transplanted mice call for caution before clinical application of BMMCs in ALS.",Amyotrophic lateral sclerosis; Cell therapy; SOD1 mice,"Journal Article; Research Support, Non-U.S. Gov't",2016,Neuroscience letters,eligible,eligible,final,complete,primary_focus,include,core,Consenso A+B,pilot-v1.1,no_pubmed_integrity_signal,2026-08-22 01:52:33.208402-03,This article is included in the NDRO core analytical corpus.,Estudo empírico original com abstract utilizável,,2026-08-22 01:52:33.208402-03
ndro-mvp-v0.1.2-20260823,2026-08-23,ALS-R-025,ALS,26465128,https://pubmed.ncbi.nlm.nih.gov/26465128/,Trans generational effects of the neurotoxin BMAA on the aquatic grazer Daphnia magna.,Faassen Elisabeth J; García-Altares María; Mendes e Mello Mariana; Lürling Miquel,"β-N-Methylamino-l-alanine (BMAA) is a neurotoxin that is suspected to play a role in the neurological diseases amyotrophic lateral sclerosis, Alzheimer's disease and Parkinson's disease. BMAA has been detected in phytoplankton and globally, the main exposure routes for humans to BMAA are through direct contact with phytoplankton-infested waters and consumption of BMAA-contaminated fish and invertebrates. As BMAA can be transferred from mothers to offspring in mammals, BMAA exposure is expected to have transgenerational effects. The aim of our study was to determine whether maternal exposure to BMAA affects offspring fitness in zooplankton. We performed a multigenerational life history experiment and a multigenerational uptake experiment with the water flea Daphnia magna as a model species. In both experiments, offspring from nonexposed and exposed mothers were raised in clean and BMAA-containing medium. Direct exposure to 110μg/l BMAA reduced survival, somatic growth, reproduction and population growth. Maternal exposure did not affect D. magna fitness: animals from exposed mothers that were raised in clean medium had a higher mortality and produced lighter neonates than the controls, but this did not result in lower population growth rates. No evidence of adaptation was found. Instead, multigeneration exposure to BMAA had a negative effect: animals that were exposed during two generations had a lower brood viability and neonate weight than animals born from unexposed mothers, but raised in BMAA-containing medium. Maternal transfer of BMAA was observed, but BMAA concentrations in neonates raised in BMAA containing medium were similar for animals born from exposed and unexposed mothers. Our results indicate that zooplankton might be an important vector for the transfer of BMAA along the pelagic food chain, but whether BMAA plays a role in preventing zooplankton from controlling cyanobacterial blooms needs further investigation.",Adaptation; Daphnia magna; Fitness; Life history; Maternal effects; β-N-Methylamino-l-alanine,"Journal Article; Research Support, Non-U.S. Gov't",2015,"Aquatic toxicology (Amsterdam, Netherlands)",eligible,eligible,final,not_applicable,background_mention,exclude,excluded_relevance,Consenso A+B,pilot-v1.1,no_pubmed_integrity_signal,2026-08-22 01:52:33.208402-03,This article is excluded because it does not meet NDRO scientific relevance criteria.,Estudo empírico original com abstract utilizável,,2026-08-22 01:52:33.208402-03
ndro-mvp-v0.1.2-20260823,2026-08-23,ALS-R-026,ALS,26516189,https://pubmed.ncbi.nlm.nih.gov/26516189/,"Folliculin, a tumor suppressor associated with Birt-Hogg-Dubé (BHD) syndrome, is a novel modifier of TDP-43 cytoplasmic translocation and aggregation.",Xia Qin; Wang Guanghui; Wang Hongfeng; Hu Qingsong; Ying Zheng,"TDP-43 was identified as the major component of ubiquitin and autophagosome-positive cytoplasmic inclusions in neurons in the large majority of amyotrophic lateral sclerosis (ALS) and frontotemporal lobar dementia (FTLD) patients. It has been shown that a loss of nuclear TDP-43 in combination with enhanced cytoplasmic mislocalization of TDP-43, which is associated with accumulation of TDP-43 aggregates in the cytosol, is an early and key event in TDP-43-mediated neurodegeneration. However, the mechanism underlying TDP-43 nucleocytoplasmic shuttling is still not clear. Here, we show that the tumor suppressor folliculin (FLCN) is a novel positive regulator of TDP-43 cytoplasmic translocation. FLCN directly interacts with TDP-43. The amino acids 202-299 of FLCN and RNA-recognition motif domains of TDP-43 are necessary for their interaction. In addition, both exogenous and endogenous FLCNs are required for TDP-43 cytoplasmic accumulation, protein aggregation and stress granule formation. Overall, our study suggests that FLCN may play an important role in the regulation of TDP-43 nucleocytoplasmic shuttling and TDP-43-mediated proteinopathy.",,"Journal Article; Research Support, Non-U.S. Gov't",2015,Human molecular genetics,eligible,eligible,final,complete,shared_mechanism,separate_view,separate,Consenso A+B,pilot-v1.1,no_pubmed_integrity_signal,2026-08-22 01:52:33.208402-03,This original study is preserved in a separate analytical view.,Estudo empírico original com abstract utilizável,,2026-08-22 01:52:33.208402-03
ndro-mvp-v0.1.2-20260823,2026-08-23,ALS-R-027,ALS,26945885,https://pubmed.ncbi.nlm.nih.gov/26945885/,NEK1 mutations in familial amyotrophic lateral sclerosis.,Brenner David; Müller Kathrin; Wieland Thomas; Weydt Patrick; Böhm Sarah; Lulé Dorothée; Hübers Annemarie; Neuwirth Christoph; Weber Markus; Borck Guntram; Wahlqvist Magnus; Danzer Karin M; Volk Alexander E; Meitinger Thomas; Strom Tim M; Otto Markus; Kassubek Jan; Ludolph Albert C; Andersen Peter M; Weishaupt Jochen H,,,"Letter; Research Support, Non-U.S. Gov't",2016,Brain : a journal of neurology,excluded,excluded,final,not_applicable,,exclude,excluded_eligibility,Regra de elegibilidade,pilot-v1.1,no_pubmed_integrity_signal,2026-08-22 01:52:33.208402-03,This article is excluded because it does not meet NDRO eligibility requirements.,Abstract ausente,Abstract missing from the public PubMed record.,2026-08-22 01:52:33.208402-03
ndro-mvp-v0.1.2-20260823,2026-08-23,ALS-R-028,ALS,27553776,https://pubmed.ncbi.nlm.nih.gov/27553776/,"Patients' perceptions of palliative care quality in hospice inpatient care, hospice day care, palliative units in nursing homes, and home care: a cross-sectional study.",Sandsdalen Tuva; Grøndahl Vigdis Abrahamsen; Hov Reidun; Høye Sevald; Rystedt Ingrid; Wilde-Larsson Bodil,"BACKGROUND: Patients' perceptions of care quality within and across settings are important for the further development of palliative care. The aim was to investigate patients' perceptions of palliative care quality within settings, including perceptions of care received and their subjective importance, and contrast palliative care quality across settings.
METHOD: A cross-sectional study including 191 patients in late palliative phase (73 % response rate) admitted to hospice inpatient care, hospice day care, palliative units in nursing homes, and home care was conducted, using the Quality from the Patients' Perspective instrument-palliative care (QPP-PC). QPP-PC comprises four dimensions and 12 factors; ""medical-technical competence"" (MT) (2 factors), ""physical-technical conditions"" (PT) (one factor), ""identity-orientation approach"" (ID) (4 factors), ""sociocultural atmosphere"" (SC) (5 factors), and three single items (S); medical care, personal hygiene and atmosphere. Data were analysed using paired-samples t-test and analysis of covariance while controlling for differences in patient characteristics.
RESULTS: Patients' perceptions of care received within settings showed high scores for the factors and single items ""honesty"" (ID) and ""atmosphere"" (S) in all settings and low scores for ""exhaustion"" (MT) in three out of four settings. Patients' perceptions of importance scored high for ""medical care"" (S), ""honesty"" (ID), ""respect and empathy"" (ID) and ""atmosphere"" (S) in all settings. No aspects of care scored low in all settings. Importance scored higher than perceptions of care received, in particular for receiving information. Patients' perceptions of care across settings differed, with highest scores in hospice inpatient care for the dimensions; ID, SC, and ""medical care"" (S), the SC and ""atmosphere"" (S) for hospice day care, and ""medical care"" (S) for palliative units in nursing homes. There were no differences in subjective importance across settings.
CONCLUSION: Strengths of services related to identity-orientation approach and a pleasant and safe atmosphere. Key areas for improvement related to receiving information. Perceptions of subjective importance did not differ across settings, but perceptions of care received scored higher in more care areas for hospice inpatient care, than in other settings. Further studies are needed to support these findings, to investigate why perceptions of care differ across settings and to highlight what can be learned from settings receiving high scores.",Palliative care; Patient perception; Quality from the patients’ perspective instrument specific to palliative care (QPP-PC); Quality from the patients’ perspective questionnaire (QPP); Quality of healthcare,Journal Article,2016,BMC palliative care,eligible,eligible,final,not_applicable,not_relevant,exclude,excluded_relevance,Consenso A+B,pilot-v1.1,no_pubmed_integrity_signal,2026-08-22 01:52:33.208402-03,This article is excluded because it does not meet NDRO scientific relevance criteria.,Estudo empírico original com abstract utilizável,,2026-08-22 01:52:33.208402-03
ndro-mvp-v0.1.2-20260823,2026-08-23,ALS-R-029,ALS,24876209,https://pubmed.ncbi.nlm.nih.gov/24876209/,Mistaken identity: normotensive scleroderma renal crisis.,Aburizik Arwa; Singh Siddharth; Al-Rabadi Laith; Blosser Christopher,"A patient presented with neuromuscular, respiratory and cardiac symptoms and was initially diagnosed with amyotrophic lateral sclerosis (ALS), myocardial ischaemia and pneumonia. He developed unexplained progressive kidney failure over the ensuing week, and his kidney biopsy showed thrombotic microangiopathy that led to the correct diagnosis of normotensive scleroderma renal crisis. His clinical presentation and course were consistent with systemic sclerosis and normotensive scleroderma renal crisis. He was treated with an ACE inhibitor (ACEi) and haemodialysis with significant functional improvement over the next 3 months to his prior baseline with the exception of kidney failure. This case highlights a diagnostic challenge requiring astute history and physical examination skills, and the value of a kidney biopsy in providing the final diagnosis.",,Case Reports; Journal Article,2014,BMJ case reports,eligible,excluded,final,not_applicable,,exclude,excluded_eligibility,Regra de elegibilidade,pilot-v1.1,no_pubmed_integrity_signal,2026-08-22 01:52:33.208402-03,This article is excluded because it does not meet NDRO eligibility requirements.,Relato ou série de casos,,2026-08-22 01:52:33.208402-03
ndro-mvp-v0.1.2-20260823,2026-08-23,ALS-R-030,ALS,25620680,https://pubmed.ncbi.nlm.nih.gov/25620680/,Homozygosity mapping in an Irish ALS case-control cohort describes local demographic phenomena and points towards potential recessive risk loci.,McLaughlin Russell L; Kenna Kevin P; Vajda Alice; Heverin Mark; Byrne Susan; Donaghy Colette G; Cronin Simon; Bradley Daniel G; Hardiman Orla,"Runs of homozygosity are common in European populations and are indicative of consanguinity, restricted population size and recessively inherited traits. Here, we map runs of homozygosity (ROHs) in an Irish case-control cohort for amyotrophic lateral sclerosis (ALS), a devastating neurological condition with high heritability yet only partially established genetic cause. We compare the extent of homozygosity in the Irish cohort with a large British cohort and observe that ROHs are longer and more frequent in the Irish population than in the British, and that extent of ROHs is correlated with demographic factors within the island of Ireland. ROHs are also longer and more frequent in ALS cases compared to population-matched controls, supporting the hypothesis that recessively inherited loci play a pathogenic role in ALS. Comparing homozygous haplotypes between cases and controls reveals several potential recessive risk loci for ALS, including a genomic interval spanning ARHGEF1, a compelling ALS candidate gene.",ALS; Amyotrophic lateral sclerosis; Irish population; Panmixia; Population density; ROH; Runs of homozyosity,"Journal Article; Research Support, Non-U.S. Gov't",2015,Genomics,eligible,eligible,final,complete,primary_focus,include,core,Consenso A+B,pilot-v1.1,no_pubmed_integrity_signal,2026-08-22 01:52:33.208402-03,This article is included in the NDRO core analytical corpus.,Estudo empírico original com abstract utilizável,,2026-08-22 01:52:33.208402-03
ndro-mvp-v0.1.2-20260823,2026-08-23,ALS-R-031,ALS,25551548,https://pubmed.ncbi.nlm.nih.gov/25551548/,Exosome-dependent and independent mechanisms are involved in prion-like transmission of propagated Cu/Zn superoxide dismutase misfolding.,Grad Leslie I; Pokrishevsky Edward; Silverman Judith M; Cashman Neil R,"Amyotrophic lateral sclerosis (ALS), a fatal adult-onset degenerative neuromuscular disorder with a poorly defined etiology, progresses in an orderly spatiotemporal manner from one or more foci within the nervous system, reminiscent of prion disease pathology. We have previously shown that misfolded mutant Cu/Zn superoxide dismutase (SOD1), mutation of which is associated with a subset of ALS cases, can induce endogenous wild-type SOD1 misfolding in the intracellular environment in a templating fashion similar to that of misfolded prion protein. Our recent observations further extend the prion paradigm of pathological SOD1 to help explain the intercellular transmission of disease along the neuroaxis. It has been shown that both mutant and misfolded wild-type SOD1 can traverse cell-to-cell either as protein aggregates that are released from dying cells and taken up by neighboring cells via macropinocytosis, or released to the extracellular environment on the surface of exosomes secreted from living cells. Furthermore, once propagation of misfolded wild-type SOD1 has been initiated in human cell culture, it continues over multiple passages of transfer and cell growth. Propagation and transmission of misfolded wild-type SOD1 is therefore a potential mechanism in the systematic progression of ALS pathology.",amyotrophic lateral sclerosis; exosome; intercellular transmission; prion-like; protein misfolding; superoxide dismutase,"Journal Article; Research Support, Non-U.S. Gov't",2014,Prion,eligible,eligible,final,complete,primary_focus,include,core,Consenso A+B,pilot-v1.1,no_pubmed_integrity_signal,2026-08-22 01:52:33.208402-03,This article is included in the NDRO core analytical corpus.,Estudo empírico original com abstract utilizável,,2026-08-22 01:52:33.208402-03
ndro-mvp-v0.1.2-20260823,2026-08-23,ALS-R-032,ALS,26042930,https://pubmed.ncbi.nlm.nih.gov/26042930/,Neuropsychological investigation in Chinese patients with progressive muscular atrophy.,Cui Bo; Cui Liying; Liu Mingsheng; Li Xiaoguang; Ma Junfang; Fang Jia; Ding Qingyun,"BACKGROUND: Progressive muscular atrophy (PMA) is a rare type of degenerative motor neuron disease (MND) of which the onset happens in adult period. Despite its well-defined clinical characteristics, its neuropsychological profile has remained poorly understood, considering the consensus of cognitive and behavioral impairment reached in amyotrophic lateral sclerosis (ALS).
METHODS: We conducted a cross-sectional evaluation of Chinese PMA patients with a series of comprehensive batteries emphasizing the executive and attention function, and covering other domains of memory, language, visuospatial function, calculation and behavior as well. Their performances were compared with those of age- and education-matched ALS and healthy controls (HC).
RESULTS: 21 patients newly diagnosed with PMA were consecutively enrolled into our ALS and other MND registry platform, accounting for 14.7% of all the incident MND cases registered during the same period. 20 patients who completed the neuropsychological batteries were included into analysis. Compared with HC, PMA performed significantly worse in maintenance function of attention, while they exhibited quantitative similarity to ALS in all behavioral inventories and neuropsychological tests except the time for Stroop interference effect.
CONCLUSION: PMA could display mild cognitive dysfunction in the same frontal-mediated territory of ALS but in a lesser degree, whereas they did not differ from ALS behaviorally.",,"Journal Article; Research Support, Non-U.S. Gov't",2015,PloS one,eligible,eligible,final,not_applicable,comparative_mention,exclude,excluded_relevance,Consenso A+B,pilot-v1.1,no_pubmed_integrity_signal,2026-08-22 01:52:33.208402-03,This article is excluded because it does not meet NDRO scientific relevance criteria.,Estudo empírico original com abstract utilizável,,2026-08-22 01:52:33.208402-03
ndro-mvp-v0.1.2-20260823,2026-08-23,ALS-R-033,ALS,27065942,https://pubmed.ncbi.nlm.nih.gov/27065942/,Antecedent Disease and Amyotrophic Lateral Sclerosis: What Is Protecting Whom?,Hollinger Sabrina K; Okosun Ike S; Mitchell Cassie S,"Multiple studies have shown that antecedent diseases are less prevalent in amyotrophic lateral sclerosis (ALS) patients than the general age-matched population, which suggests possible neuroprotection. Antecedent disease could be protective against ALS or, conversely, the asymptomatic early physiological underpinnings of ALS could be protective against other antecedent disease. Elucidating the impact of antecedent disease on ALS is critical for assessing diagnostic risk factors, prognostic outcomes, and intervention timing. The objective of this study was to examine the relationship between antecedent conditions and ALS onset age and disease duration (i.e. survival). Medical history surveys for 1439 Emory ALS Clinic patients (Atlanta, GA, USA) were assessed for antecedent hypertension, hyperlipidemia, diabetes, obesity, asthma, arthritis, chronic obstructive pulmonary disease (COPD), thyroid, kidney, liver, and other non-ALS neurological diseases. The ALS onset age and disease duration are compared between the antecedent and non-antecedent populations using chi square, Kaplan-Meier, and ordinal logistic regression. When controlled for confounders, antecedent hypertension (high blood pressure), hyperlipidemia (high cholesterol), arthritis, COPD, thyroid disease, and non-ALS neurological disease are found to be statistically associated with a delayed ALS onset age, whereas antecedent obesity [body mass index (BMI) > 30] was correlated to earlier ALS onset age. With the potential exceptions of liver disease and diabetes (the latter without other common comorbid conditions), antecedent disease is associated with overall shorter ALS disease duration. The unique potential relationship between antecedent liver disease and longer ALS disease duration warrants further investigation, especially given liver disease was found to be a factor of 4-7 times less prevalent in ALS. Notably, most conditions associated with delayed ALS onset are also associated with shorter disease duration. Pathological homeostatic instability exacerbated by hypervigilant regulation (over-zealous homeostatic regulation due to too high regulatory feedback gains) is a viable hypothesis for explaining the early-life protection against antecedent disease and the overall lower antecedent disease prevalence in ALS patients; the later ALS onset age in patients with antecedent disease; and the inverse relationship between ALS onset age and disease duration.",comorbidity; epidemiology; motor neuron disease; preexisting condition; premobidity,Journal Article,2016,Frontiers in neurology,eligible,eligible,final,complete,primary_focus,include,core,Consenso A+B,pilot-v1.1,no_pubmed_integrity_signal,2026-08-22 01:52:33.208402-03,This article is included in the NDRO core analytical corpus.,Estudo empírico original com abstract utilizável,,2026-08-22 01:52:33.208402-03
ndro-mvp-v0.1.2-20260823,2026-08-23,ALS-R-034,ALS,25907258,https://pubmed.ncbi.nlm.nih.gov/25907258/,FUS/TLS deficiency causes behavioral and pathological abnormalities distinct from amyotrophic lateral sclerosis.,Kino Yoshihiro; Washizu Chika; Kurosawa Masaru; Yamada Mizuki; Miyazaki Haruko; Akagi Takumi; Hashikawa Tsutomu; Doi Hiroshi; Takumi Toru; Hicks Geoffrey G; Hattori Nobutaka; Shimogori Tomomi; Nukina Nobuyuki,"INTRODUCTION: FUS/TLS is an RNA-binding protein whose genetic mutations or pathological inclusions are associated with neurological diseases including amyotrophic lateral sclerosis (ALS), frontotemporal lobar degeneration, and essential tremor (ET). It is unclear whether their pathogenesis is mediated by gain or loss of function of FUS/TLS.
RESULTS: Here, we established outbred FUS/TLS knockout mice to clarify the effects of FUS/TLS dysfunction in vivo. We obtained homozygous knockout mice that grew into adulthood. Importantly, they did not manifest ALS- or ET-like phenotypes until nearly two years. Instead, they showed distinct histological and behavioral alterations including vacuolation in hippocampus, hyperactivity, and reduction in anxiety-like behavior. Knockout mice showed transcriptome alterations including upregulation of Taf15 and Hnrnpa1, while they have normal morphology of RNA-related granules such as Gems.
CONCLUSIONS: Collectively, FUS/TLS depletion causes phenotypes possibly related to neuropsychiatric and neurodegenerative conditions, but distinct from ALS and ET, together with specific alterations in RNA metabolisms.",,"Journal Article; Research Support, Non-U.S. Gov't",2015,Acta neuropathologica communications,eligible,eligible,final,not_applicable,comparative_mention,exclude,excluded_relevance,Consenso A+B,pilot-v1.1,no_pubmed_integrity_signal,2026-08-22 01:52:33.208402-03,This article is excluded because it does not meet NDRO scientific relevance criteria.,Estudo empírico original com abstract utilizável,,2026-08-22 01:52:33.208402-03
ndro-mvp-v0.1.2-20260823,2026-08-23,ALS-R-035,ALS,26003296,https://pubmed.ncbi.nlm.nih.gov/26003296/,Lack of relationship between the P413L chromogranin B variant and a SALS Italian cohort.,Ricci Claudia; Battistini Stefania; Avemaria Francesca; Benigni Michele; Tarlarini Claudia; Giannini Fabio; Corbo Massimo; Lunetta Christian; Penco Silvana,"Chromogranins were reported to interact specifically with mutant forms of superoxide dismutase that are linked to amyotrophic lateral sclerosis (ALS). Particularly, a variation c.1238C>T (p.Pro413Leu) in the chromogranin B gene, CHGB, has been associated with an earlier age at onset in both familial and sporadic ALS in French/French-Canadian populations studied. The aim of our study was to evaluate the P413L chromogranin variation in Italian patients with sporadic ALS. The study included 366 Italian patients with sporadic ALS and 382 control subjects. Genotyping of the polymorphism P413L in the CHGB gene was performed and the clinical characteristics of patients were analyzed in relation to their genotype. Our study on a cohort of Italian patients with SALS and controls failed to confirm an increased frequency of the 413L variant in SALS patients. Furthermore, we did not confirm the previous observation of a difference of age at onset between T-allele carriers and non-carriers (median age of onset 58.5 vs. 60.2years of age, respectively). Our findings do not support the 413L variant as a risk factor for sporadic ALS in the Italian population.",ALS; Association studies; Chromogranin B; Neurogenetics,Journal Article,2015,Gene,eligible,eligible,final,complete,primary_focus,include,core,Consenso A+B,pilot-v1.1,no_pubmed_integrity_signal,2026-08-22 01:52:33.208402-03,This article is included in the NDRO core analytical corpus.,Estudo empírico original com abstract utilizável,,2026-08-22 01:52:33.208402-03
ndro-mvp-v0.1.2-20260823,2026-08-23,ALS-R-036,ALS,28569393,https://pubmed.ncbi.nlm.nih.gov/28569393/,Multidimensional latent trait linear mixed model: an application in clinical studies with multivariate longitudinal outcomes.,Wang Jue; Luo Sheng,"Multilevel item response theory (MLIRT) models have been widely used to analyze the multivariate longitudinal data of mixed types (e.g., categorical and continuous) in clinical studies. The MLIRT models often have unidimensional assumption, that is, the multiple outcomes are clinical manifestations of a univariate latent variable. However, the unidimensional assumption may be unrealistic because some diseases may be heterogeneous and characterized by multiple impaired domains with variable clinical symptoms and disease progressions. We relax this assumption and propose a multidimensional latent trait linear mixed model (MLTLMM) to allow multiple latent variables and within-item multidimensionality (one outcome can be a manifestation of more than one latent variable). We conduct extensive simulation studies to assess the unidimensional MLIRT model and the proposed MLTLMM model. The simulation studies suggest that the MLTLMM model outperforms unidimensional model when the multivariate longitudinal outcomes are manifested by multiple latent variables. The proposed model is applied to two motivating studies of amyotrophic lateral sclerosis: a clinical trial of ceftriaxone and the Pooled Resource Open-Access ALS Clinical Trials database. Copyright © 2017 John Wiley & Sons, Ltd.",clinical trial; item response theory; latent variable model; MCMC; random effects,Journal Article,2017,Statistics in medicine,eligible,eligible,final,not_applicable,background_mention,exclude,excluded_relevance,Adjudicação humana,pilot-v1.1,no_pubmed_integrity_signal,2026-08-22 01:52:33.208402-03,This article is excluded because it does not meet NDRO scientific relevance criteria.,Elegibilidade confirmada durante adjudicação humana,,2026-08-22 01:52:33.208402-03
ndro-mvp-v0.1.2-20260823,2026-08-23,ALS-R-037,ALS,29405029,https://pubmed.ncbi.nlm.nih.gov/29405029/,Are there endogenous stem cells in the spinal cord?,Ferrucci Michela; Ryskalin Larisa; Busceti Carla L; Gaglione Anderson; Biagioni Francesca; Fornai Francesco,"Neural progenitor cells (NPC) represent the stem-like niche of the central nervous system that maintains a regenerative potential also in the adult life. Despite NPC in the brain are well documented, the presence of NPC in the spinal cord has been controversial for a long time. This is due to a scarce activity of NPC within spinal cord, which also makes difficult their identification. The present review recapitulates the main experimental studies, which provided evidence for the occurrence of NPC within spinal cord, with a special emphasis on spinal cord injury and amyotrophic lateral sclerosis. By using experimental models, here we analyse the site-specificity, the phenotype and the main triggers of spinal cord NPC. Moreover, data are reported on the effect of specific neurogenic stimuli on these spinal cord NPC in an effort to comprehend the endogenous neurogenic potential of this stem cell niche.",,Journal Article; Review,2017,Archives italiennes de biologie,eligible,excluded,final,not_applicable,,exclude,excluded_eligibility,Regra de elegibilidade,pilot-v1.1,no_pubmed_integrity_signal,2026-08-22 01:52:33.208402-03,This article is excluded because it does not meet NDRO eligibility requirements.,Revisão ou meta-análise,,2026-08-22 01:52:33.208402-03
ndro-mvp-v0.1.2-20260823,2026-08-23,ALS-R-038,ALS,28791401,https://pubmed.ncbi.nlm.nih.gov/28791401/,Implications of white matter damage in amyotrophic lateral sclerosis (Review).,Zhou Ting; Ahmad Tina Khorshid; Gozda Kiana; Truong Jessica; Kong Jiming; Namaka Michael,"Amyotrophic lateral sclerosis (ALS) is a fatal neurodegenerative disease, which involves the progressive degeneration of motor neurons. ALS has long been considered a disease of the grey matter; however, pathological alterations of the white matter (WM), including axonal loss, axonal demyelination and oligodendrocyte death, have been reported in patients with ALS. The present review examined motor neuron death as the primary cause of ALS and evaluated the associated WM damage that is guided by neuronal‑glial interactions. Previous studies have suggested that WM damage may occur prior to the death of motor neurons, and thus may be considered an early indicator for the diagnosis and prognosis of ALS. However, the exact molecular mechanisms underlying early‑onset WM damage in ALS have yet to be elucidated. The present review explored the detailed anatomy of WM and identified several pathological mechanisms that may be implicated in WM damage in ALS. In addition, it associated the pathophysiological alterations of WM, which may contribute to motor neuron death in ALS, with similar mechanisms of WM damage that are involved in multiple sclerosis (MS). Furthermore, the early detection of WM damage in ALS, using neuroimaging techniques, may lead to earlier therapeutic intervention, using immunomodulatory treatment strategies similar to those used in relapsing‑remitting MS, aimed at delaying WM damage in ALS. Early therapeutic approaches may have the potential to delay motor neuron damage and thus prolong the survival of patients with ALS. The therapeutic interventions that are currently available for ALS are only marginally effective. However, early intervention with immunomodulatory drugs may slow the progression of WM damage in the early stages of ALS, thus delaying motor neuron death and increasing the life expectancy of patients with ALS.",,Journal Article; Review,2017,Molecular medicine reports,eligible,excluded,final,not_applicable,,exclude,excluded_eligibility,Regra de elegibilidade,pilot-v1.1,no_pubmed_integrity_signal,2026-08-22 01:52:33.208402-03,This article is excluded because it does not meet NDRO eligibility requirements.,Revisão ou meta-análise,,2026-08-22 01:52:33.208402-03
ndro-mvp-v0.1.2-20260823,2026-08-23,ALS-R-039,ALS,25252949,https://pubmed.ncbi.nlm.nih.gov/25252949/,Perturbations in intracellular Ca2+ handling in skeletal muscle in the G93A*SOD1 mouse model of amyotrophic lateral sclerosis.,Chin Eva R; Chen Dapeng; Bobyk Kostyantyn D; Mázala Davi A G,"Amyotrophic lateral sclerosis (ALS) is a progressive neurodegenerative disease characterized by skeletal muscle atrophy and weakness, ultimately leading to respiratory failure. The purpose of this study was to assess changes in skeletal muscle excitation-contraction (E-C) coupling and intracellular Ca(2+) handling during disease progression in the G93A*SOD1 ALS transgenic (ALS Tg) mouse model. To assess E-C coupling, single muscle fibers were electrically stimulated (10-150 Hz), and intracellular free Ca(2+) concentration was assessed using fura-2. There were no differences in peak fura-2 ratio at any stimulation frequency at 70 days (early presymptomatic). However, at 90 days (late presymptomatic) and 120-140 days (symptomatic), fura-2 ratio was increased at 10 Hz in ALS Tg compared with wild-type (WT) fibers (0.670 ± 0.02 vs. 0.585 ± 0.02 for 120-140 days; P < 0.05). There was also a significant increase in resting fura-2 ratio at 90 days (0.351 ± 0.008 vs. 0.390 ± 0.009 in WT vs. ALS Tg; P < 0.05) and 120-140 days (0.374 ± 0.001 vs. 0.415 ± 0.003 in WT vs. ALS Tg; P < 0.05). These increases in intracellular Ca(2+) in ALS Tg muscle were associated with reductions in the sarcoplasmic/endoplasmic reticulum Ca(2+) ATPase proteins SERCA1 (to 54% and 19% of WT) and SERCA2 (to 56% and 11% of WT) and parvalbumin (to 80 and 62% of WT) in gastrocnemius muscle at 90 and 120-140 days, respectively. There was no change in dihydropyridine receptor/l-type Ca(2+) channel at any age. Overall, these data demonstrate minimal changes in electrically evoked Ca(2+) transients but elevations in intracellular Ca(2+) attributable to decreased Ca(2+)-clearance proteins. These data suggest that elevations in cellular Ca(2+) could contribute to muscle weakness during disease progression in ALS mice.",amyotrophic lateral sclerosis; excitation-contraction coupling; intracellular Ca2+; skeletal muscle,"Journal Article; Research Support, Non-U.S. Gov't",2014,American journal of physiology. Cell physiology,eligible,eligible,final,complete,primary_focus,include,core,Consenso A+B,pilot-v1.1,no_pubmed_integrity_signal,2026-08-22 01:52:33.208402-03,This article is included in the NDRO core analytical corpus.,Estudo empírico original com abstract utilizável,,2026-08-22 01:52:33.208402-03
ndro-mvp-v0.1.2-20260823,2026-08-23,ALS-R-040,ALS,24946089,https://pubmed.ncbi.nlm.nih.gov/24946089/,Tissue-specific deregulation of selected HDACs characterizes ALS progression in mouse models: pharmacological characterization of SIRT1 and SIRT2 pathways.,Valle C; Salvatori I; Gerbino V; Rossi S; Palamiuc L; René F; Carrì M T,"Acetylation homeostasis is thought to play a role in amyotrophic lateral sclerosis, and treatment with inhibitors of histone deacetylases has been considered a potential and attractive therapeutic approach, despite the lack of a thorough study of this class of proteins. In this study, we have considerably extended previous knowledge on the expression of 13 histone deacetylases in tissues (spinal cord and muscle) from mice carrying two different ALS-linked SOD1 mutations (G93A-SOD1 and G86R-SOD1). We have then focused on class III histone deacetylases SIRT1 and SIRT2 that are considered relevant in neurodegenerative diseases. SIRT1 decreases in the spinal cord, but increases in muscle during the progression of the disease, and a similar expression pattern is observed in the corresponding cell models (neuroblastoma and myoblasts). SIRT2 mRNA expression increases in the spinal cord in both G93A-SOD1 and G86R-SOD1 mice but protein expression is substantially unchanged in all the models examined. At variance with other sirtuin modulators (sirtinol, AGK2 and SRT1720), the well-known SIRT1 inhibitor Ex527 has positive effects on survival of neuronal cells expressing mutant SOD1, but this effect is neither mediated by SIRT1 inhibition nor by SIRT2 inhibition. These data call for caution in proposing sirtuin modulation as a target for treatment.",,"Journal Article; Research Support, Non-U.S. Gov't",2014,Cell death & disease,eligible,eligible,final,complete,primary_focus,include,core,Consenso A+B,pilot-v1.1,no_pubmed_integrity_signal,2026-08-22 01:52:33.208402-03,This article is included in the NDRO core analytical corpus.,Estudo empírico original com abstract utilizável,,2026-08-22 01:52:33.208402-03
ndro-mvp-v0.1.2-20260823,2026-08-23,ALS-R-041,ALS,29523587,https://pubmed.ncbi.nlm.nih.gov/29523587/,Characterisation of mesenchymal stem cells from patients with amyotrophic lateral sclerosis.,Matejckova Nicole; Zajicova Alena; Hermankova Barbora; Kossl Jan; Bohacova Pavla; Holan Vladimir; Javorkova Eliska,"AIMS: Mesenchymal stem cells (MSCs) have recently been tested in clinical trials to treat severe diseases, including amyotrophic lateral sclerosis (ALS). Since autologous MSCs are frequently used for therapy, we aimed to evaluate the possible influence of the disease on characteristics and function of these cells.
METHODS: MSCs were isolated from the bone marrow of patients with ALS and compared with MSCs from healthy controls (HC). The cells were tested for phenotype, growth properties, differentiation ability, metabolic activity, secretory potential, expression of genes for immunomodulatory molecules and for the ability to regulate proliferation of mitogen-stimulated peripheral blood leucocytes. MSCs from patients with ALS and HC were either unstimulated or treated with proinflammatory cytokines for 24 hours before testing.
RESULTS: MSCs isolated from patients with ALS have a higher differentiation potential into adipocytes, express elevated levels of mRNA for interleukin-6, but produce less hepatocyte growth factor than MSCs from HC. On the other hand, there were no significant differences between MSCs from patients with ALS and HC in the expression of phenotypic markers, growth properties, metabolic activity, osteogenic differentiation potential and immunoregulatory properties.
CONCLUSIONS: The results suggest that, in spite of some differences in cytokine production, MSCs from patients with ALS can be useful as autologous cells in therapy of ALS.",immunopathology; neurodegeneration; stem cell transplants,Journal Article,2018,Journal of clinical pathology,eligible,eligible,final,complete,primary_focus,include,core,Consenso A+B,pilot-v1.1,no_pubmed_integrity_signal,2026-08-22 01:52:33.208402-03,This article is included in the NDRO core analytical corpus.,Estudo empírico original com abstract utilizável,,2026-08-22 01:52:33.208402-03
ndro-mvp-v0.1.2-20260823,2026-08-23,ALS-R-042,ALS,34264570,https://pubmed.ncbi.nlm.nih.gov/34264570/,Profilin 1 Protein and Its Implications for Cancers.,Wang Ya; Wang Yang; Wan Rongjun; Hu Chengping; Lu Yichen,"Profilin 1 (PFN1) is a ubiquitous small-molecule protein that exists in all eukaryotes. PFN1 was first identified as a G-actin sequestering molecule, and subsequently, its true functions in actin polymerization and F-actin dynamics were revealed. In the following decades, the structure of PFN1 was recognized to have 3 domains: an actin-binding domain, a poly-L-proline (PLP)-binding domain, and a phosphoinositide-binding domain. PFN1 plays a vital role in many cell functions, including membrane trafficking, endocytosis, cell cycle, motility, proliferation, cell survival, transcription, stemness, and autophagy (Figure 1). Abnormal expression or deletion of PFN1 can affect the normal physiological activity of cells and lead to disease development. PFN1 has been deeply studied in a variety of diseases, some genetic (eg, amyotrophic lateral sclerosis) and some chronic (eg, hypertension). In the past 10 years, PFN1's role in cancer has received increasing attention. In this review, we summarize the studies of PFN1 in cancer that have been completed in recent years, discuss the roles of PFN1 in cancer, and discuss the implications for tumor diagnosis and therapy in the future.",,"Journal Article; Research Support, Non-U.S. Gov't",2021,"Oncology (Williston Park, N.Y.)",eligible,excluded,final,not_applicable,,exclude,excluded_eligibility,Regra de elegibilidade,pilot-v1.1,no_pubmed_integrity_signal,2026-08-22 01:52:33.208402-03,This article is excluded because it does not meet NDRO eligibility requirements.,Revisão ou meta-análise,,2026-08-22 01:52:33.208402-03
ndro-mvp-v0.1.2-20260823,2026-08-23,ALS-R-043,ALS,33329348,https://pubmed.ncbi.nlm.nih.gov/33329348/,Sporadic Creutzfeldt-Jakob Disease and Other Proteinopathies in Comorbidity.,Parobkova Eva; van der Zee Julie; Dillen Lubina; Van Broeckhoven Christine; Rusina Robert; Matej Radoslav,"Background: Sporadic Creutzfeldt-Jakob disease (sCJD) is the most common type of a group of transmissible spongiform encephalopathies (prion diseases). The etiology of the sporadic form of CJD is still unclear. sCJD can occur in combination with other neurodegenerative diseases, which further complicates the diagnosis. Alzheimer's disease (AD), e.g., is often seen in conjunction with sCJD. Method: In this study, we performed a systematic analysis of 15 genes related to the most important neurodegenerative diseases - AD, frontotemporal dementia, amyotrophic lateral sclerosis, prion disease, and Parkinson's disease - in a cohort of sCJD and sCJD in comorbidity with AD and primary age-related proteinopathy (PART). A total of 30 neuropathologically verified cases of sCJD with and without additional proteinopathies were included in the study. In addition, we compared microtubule-associated protein tau (MAPT) haplotypes between sCJD patients and patients with sCJD and PART or sCJD and AD. Then we studied the interaction between the Apolipoprotein E gene (APOE) and PRNP in sCJD patients. Results: We did not find any causal mutations in the neurodegenerative disease genes. We did detect a p.E318G missense variant of uncertain significance (VUS) in PSEN1 in three patients. In PRNP, we also found a previously described non-pathogenic insertion (p.P84_Q91Q). Conclusion: Our pilot study failed to find any critical differences between pure sCJD and sCJD in conjunction with other comorbid neurodegenerative diseases. Further investigations are needed to better understand this phenomenon.",Alzheimer's disease; Creutzfeldt-Jakob disease; neurodegenerative disease; tau protein; β amyloid,Journal Article,2020,Frontiers in neurology,eligible,eligible,final,not_applicable,background_mention,exclude,excluded_relevance,Consenso A+B,pilot-v1.1,no_pubmed_integrity_signal,2026-08-22 01:52:33.208402-03,This article is excluded because it does not meet NDRO scientific relevance criteria.,Estudo empírico original com abstract utilizável,,2026-08-22 01:52:33.208402-03
ndro-mvp-v0.1.2-20260823,2026-08-23,ALS-R-044,ALS,32439581,https://pubmed.ncbi.nlm.nih.gov/32439581/,Decrease in ADAR1 expression by exposure to cigarette smoke enhances susceptibility to oxidative stress.,Takizawa Masashi; Nakano Masataka; Fukami Tatsuki; Nakajima Miki,"Adenosine-to-inosine (A-to-I) RNA editing, catalyzed by adenosine deaminase acting on RNA (ADAR) enzymes, is the most frequent type of post-transcriptional nucleotide conversion in humans. It is known that innate abnormalities of A-to-I RNA editing are associated with the risk of certain diseases, such as amyotrophic lateral sclerosis. Extrinsic factors that modulate ADAR-mediated RNA editing remain to be clarified. In this study, we investigated the possibility that cigarette smoking may influence the expression of ADAR and that the changes may be biologically significant. Treatment of human lung adenocarcinoma A549 cells with cigarette smoke extract (CSE) induced a significant 50% decrease in ADAR1 protein levels. Since the decrease was counteracted by cotreatment with chloroquine, the CSE-dependent decrease in the ADAR1 protein levels may be due to the activation of autophagy. In addition to the in vitro study, we performed an in vivo study in mice and found a decrease in pulmonary Adar1 protein expression induced by cigarette smoking. Then, we investigated the biological significance of decreased ADAR1 expression. We found that knockdown of ADAR1 in A549 cells by siRNA resulted in an increase in the levels of protein carbonyl, a marker of oxidative stress. Moreover, knockdown of ADAR1 triggered a decrease in super oxide dismutase activity and heme oxygenase-1 expression, suggesting that ADAR1 plays a role to suppress oxidative stress. In conclusion, we show that ADAR1 expression is decreased by cigarette smoking and is a factor that contributes to the enhanced intracellular oxidative stress caused by cigarette smoking.",Adenosine deaminase acting on RNA; Autophagy; Cigarette smoking; Oxidative stress; RNA editing,Journal Article,2020,Toxicology letters,eligible,eligible,final,not_applicable,background_mention,exclude,excluded_relevance,Consenso A+B,pilot-v1.1,no_pubmed_integrity_signal,2026-08-22 01:52:33.208402-03,This article is excluded because it does not meet NDRO scientific relevance criteria.,Estudo empírico original com abstract utilizável,,2026-08-22 01:52:33.208402-03
ndro-mvp-v0.1.2-20260823,2026-08-23,ALS-R-045,ALS,34207086,https://pubmed.ncbi.nlm.nih.gov/34207086/,Microglia Morphological Changes in the Motor Cortex of hSOD1G93A Transgenic ALS Mice.,Migliarini Sara; Scaricamazza Silvia; Valle Cristiana; Ferri Alberto; Pasqualetti Massimo; Ferraro Elisabetta,"Amyotrophic lateral sclerosis (ALS) is characterized by the progressive degeneration of spinal motor neurons as well as corticospinal (CSN) large pyramidal neurons within cortex layer V. An intense microglia immune response has been associated with both upper and lower motor neuron degeneration in ALS patients, whereas microgliosis occurrence in the motor cortex of hSOD1G93A mice-the best characterized model of this disease-is not clear and remains under debate. Since the impact of microglia cells in the neuronal environment seems to be crucial for both the initiation and the progression of the disease, here we analyzed the motor cortex of hSOD1G93A mice at the onset of symptoms by the immunolabeling of Iba1/TMEM119 double positive cells and confocal microscopy. By means of Sholl analysis, we were able to identify and quantify the presence of presumably activated Iba1/TMEM119-positive microglia cells with shorter and thicker processes as compared to the normal surveilling and more ramified microglia present in WT cortices. We strongly believe that being able to analyze microglia activation in the motor cortex of hSOD1G93A mice is of great importance for defining the timing and the extent of microglia involvement in CSN degeneration and for the identification of the initiation stages of this disease.",amyotrophic lateral sclerosis; metabolic reprogramming; microglia; motor cortex; neuroimmunology; SOD1G93A,Journal Article,2021,Brain sciences,eligible,eligible,final,complete,primary_focus,include,core,Consenso A+B,pilot-v1.1,no_pubmed_integrity_signal,2026-08-22 01:52:33.208402-03,This article is included in the NDRO core analytical corpus.,Estudo empírico original com abstract utilizável,,2026-08-22 01:52:33.208402-03
ndro-mvp-v0.1.2-20260823,2026-08-23,ALS-R-046,ALS,34485646,https://pubmed.ncbi.nlm.nih.gov/34485646/,Imaging data indicate cerebral reorganisation in poliomyelitis survivors: Possible compensation for longstanding lower motor neuron pathology.,Li Hi Shing Stacey; Lope Jasmin; Chipika Rangariroyashe H; Hardiman Orla; Bede Peter,"A standardised, single-centre cross-sectional imaging protocol was utilised to investigate cortical grey matter and cerebral white matter alterations in 36 poliomyelitis survivors in contrast to healthy individuals and patients with amyotrophic lateral sclerosis (ALS) as a 'disease-control' group. [1] T1-weighted imaging and 32-direction diffusion tensor imaging data were obtained on a 3 Tesla Philips Achieva MRI system, using an IR-SPGR sequence and SE-EPI sequence respectively. Raw region-of-interest data and percentage change with respect to reference estimated marginal mean values are presented for grey and white matter metrics in key anatomical regions. Poliomyelitis survivors exhibit no frank grey or white matter degeneration. To the contrary, increased partial volumes can be detected in the brainstem, cerebellum and occipital lobes compared to healthy individuals. Higher fractional anisotropy was also noted in the corticospinal tracts, cerebellum, bilateral mesial temporal lobes and inferior frontal brain regions in poliomyelitis survivors in contrast to controls. Anatomical patterns of superior integrity metrics in polio survivors were concordant with anatomical regions of focal degeneration in ALS. Our imaging data indicate cortical and white matter reorganisation in polio survivors, which may be interpreted as compensatory adaptation to severe lower motor neuron injury acquired in infancy.",Amyotrophic lateral sclerosis; Motor neuron disease; MRI; Neuroimaging; Poliomyelitis,Journal Article,2021,Data in brief,eligible,eligible,final,not_applicable,comparative_mention,exclude,excluded_relevance,Consenso A+B,pilot-v1.1,no_pubmed_integrity_signal,2026-08-22 01:52:33.208402-03,This article is excluded because it does not meet NDRO scientific relevance criteria.,Estudo empírico original com abstract utilizável,,2026-08-22 01:52:33.208402-03
ndro-mvp-v0.1.2-20260823,2026-08-23,ALS-R-047,ALS,32447552,https://pubmed.ncbi.nlm.nih.gov/32447552/,SPG7 mutations in amyotrophic lateral sclerosis: a genetic link to hereditary spastic paraplegia.,Osmanovic Alma; Widjaja Maylin; Förster Alisa; Weder Julia; Wattjes Mike P; Lange Inken; Sarikidi Anastasia; Auber Bernd; Raab Peter; Christians Anne; Preller Matthias; Petri Susanne; Weber Ruthild G,"Amyotrophic lateral sclerosis (ALS) and hereditary spastic paraplegia (HSP) are motor neuron diseases sharing clinical, pathological, and genetic similarities. While biallelic SPG7 mutations are known to cause recessively inherited HSP, heterozygous SPG7 mutations have repeatedly been identified in HSP and recently also in ALS cases. However, the frequency and clinical impact of rare SPG7 variants have not been studied in a larger ALS cohort. Here, whole-exome (WES) or targeted SPG7 sequencing was done in a cohort of 214 European ALS patients. The consequences of a splice site variant were analyzed on the mRNA level. The resulting protein alterations were visualized in a crystal structure model. All patients were subjected to clinical, electrophysiological, and neuroradiological characterization. In 9 of 214 (4.2%) ALS cases, we identified five different rare heterozygous SPG7 variants, all of which were previously reported in patients with HSP or ALS. All detected SPG7 variants affect the AAA+ domain of the encoded mitochondrial metalloprotease paraplegin and impair its stability or function according to predictions from mRNA analysis or crystal structure modeling. ALS patients with SPG7 mutations more frequently presented with cerebellar symptoms, flail arm or leg syndrome compared to those without SPG7 mutations, and showed a partial clinical overlap with HSP. Brain MRI findings in SPG7 mutation carriers included cerebellar atrophy and patterns suggestive of frontotemporal dementia. Collectively, our findings suggest that SPG7 acts as a genetic risk factor for ALS. ALS patients carrying SPG7 mutations present with distinct features overlapping with HSP, particularly regarding cerebellar findings.",Amyotrophic lateral sclerosis; Hereditary spastic paraplegia; Motor neuron disease; SPG7; Whole-exome sequencing,Journal Article,2020,Journal of neurology,eligible,eligible,final,complete,primary_focus,include,core,Adjudicação humana,pilot-v1.1,no_pubmed_integrity_signal,2026-08-22 01:52:33.208402-03,This article is included in the NDRO core analytical corpus.,Elegibilidade confirmada durante adjudicação humana,,2026-08-22 01:52:33.208402-03
ndro-mvp-v0.1.2-20260823,2026-08-23,ALS-R-048,ALS,30440578,https://pubmed.ncbi.nlm.nih.gov/30440578/,Increased Theta Oscillations During Motor Imagery in a Subject with Late-stage ALS.,Rosa So Q; Yang Tao; Phua Kok Soon; Yu Juanhong; Toh Valerie; Ng Wai Hoe; Ang Kai Keng,"Non-invasive brain computer interface (BCI) has been successfully used to control cursors, helicopters and robotic arms. However, this technology is not widely adopted by people with late-stage amyotrophic lateral sclerosis (ALS) due to poor effectiveness. In this study, we attempt to assess the cognitive state of a completely locked-in ALS subject, and her ability to use motor imagery-based BCI for control. The subject achieves above chance level accuracies for both open loop (62.2%) and closed-loop (68.7%) 2-class movement vs. idle decoding. We also observe a prominent theta oscillation with peak frequency at 4.5 Hz during the experiments. Quantification shows that the theta oscillatory power increases during motor imagery tasks compared to idle tasks for both open-loop as well as closed-loop BCI tasks. Furthermore, for closed-loop sessions, theta oscillation power correlates positively with feedback accuracy during movement tasks, and negatively with feedback accuracy during idle tasks. Our study demonstrates the feasibility of motor imagery-based BCI for late-stage ALS subjects, and highlights the importance of feedback during BCI implementation.",,Journal Article,2018,Annual International Conference of the IEEE Engineering in Medicine and Biology Society. IEEE Engineering in Medicine and Biology Society. Annual International Conference,eligible,eligible,final,complete,primary_focus,include,core,Consenso A+B,pilot-v1.1,no_pubmed_integrity_signal,2026-08-22 01:52:33.208402-03,This article is included in the NDRO core analytical corpus.,Estudo empírico original com abstract utilizável,,2026-08-22 01:52:33.208402-03
ndro-mvp-v0.1.2-20260823,2026-08-23,ALS-R-049,ALS,34778273,https://pubmed.ncbi.nlm.nih.gov/34778273/,Neuromuscular Development and Disease: Learning From in vitro and in vivo Models.,Fralish Zachary; Lotz Ethan M; Chavez Taylor; Khodabukus Alastair; Bursac Nenad,"The neuromuscular junction (NMJ) is a specialized cholinergic synaptic interface between a motor neuron and a skeletal muscle fiber that translates presynaptic electrical impulses into motor function. NMJ formation and maintenance require tightly regulated signaling and cellular communication among motor neurons, myogenic cells, and Schwann cells. Neuromuscular diseases (NMDs) can result in loss of NMJ function and motor input leading to paralysis or even death. Although small animal models have been instrumental in advancing our understanding of the NMJ structure and function, the complexities of studying this multi-tissue system in vivo and poor clinical outcomes of candidate therapies developed in small animal models has driven the need for in vitro models of functional human NMJ to complement animal studies. In this review, we discuss prevailing models of NMDs and highlight the current progress and ongoing challenges in developing human iPSC-derived (hiPSC) 3D cell culture models of functional NMJs. We first review in vivo development of motor neurons, skeletal muscle, Schwann cells, and the NMJ alongside current methods for directing the differentiation of relevant cell types from hiPSCs. We further compare the efficacy of modeling NMDs in animals and human cell culture systems in the context of five NMDs: amyotrophic lateral sclerosis, myasthenia gravis, Duchenne muscular dystrophy, myotonic dystrophy, and Pompe disease. Finally, we discuss further work necessary for hiPSC-derived NMJ models to function as effective personalized NMD platforms.",disease modeling; drug development; human skeletal muscle; induced pluripotent stem cells; muscular dystrophy; neuromuscular junction; organ on a chip; tissue engineering,Journal Article; Review,2021,Frontiers in cell and developmental biology,eligible,excluded,final,not_applicable,,exclude,excluded_eligibility,Regra de elegibilidade,pilot-v1.1,no_pubmed_integrity_signal,2026-08-22 01:52:33.208402-03,This article is excluded because it does not meet NDRO eligibility requirements.,Revisão ou meta-análise,,2026-08-22 01:52:33.208402-03
ndro-mvp-v0.1.2-20260823,2026-08-23,ALS-R-050,ALS,31750913,https://pubmed.ncbi.nlm.nih.gov/31750913/,Activation of the Unfolded Protein Response and Proteostasis Disturbance in Parkinsonism-Dementia of Guam.,Verheijen Bert M; Lussier Celina; Müller-Hübers Cora; Garruto Ralph M; Oyanagi Kiyomitsu; Braun Ralf J; van Leeuwen Fred W,"Guam parkinsonism-dementia (G-PD) is a progressive and fatal neurodegenerative disorder among the native inhabitants of the Mariana Islands that manifests clinically with parkinsonism as well as dementia. Neuropathologically, G-PD is characterized by abundant neurofibrillary tangles composed of hyperphosphorylated tau, marked deposition of transactive response DNA-binding protein 43 kDa (TDP-43), and neuronal loss. The mechanisms that underlie neurodegeneration in G-PD are poorly understood. Here, we report that the unfolded protein response (UPR) is activated in G-PD brains. Specifically, we show that the endoplasmic reticulum (ER) chaperone binding immunoglobulin protein/glucose-regulated protein 78 kDa and phosphorylated (activated) ER stress sensor protein kinase RNA-like ER kinase accumulate in G-PD brains. Furthermore, proteinaceous aggregates in G-PD brains are found to contain several proteins related to the ubiquitin-proteasome system (UPS) and the autophagy pathway, two major mechanisms for intracellular protein degradation. In particular, a mutant ubiquitin (UBB+1), whose presence is a marker for UPS dysfunction, is shown to accumulate in G-PD brains. We demonstrate that UBB+1 is a potent modifier of TDP-43 aggregation and cytotoxicity in vitro. Overall, these data suggest that UPR activation and intracellular proteolytic pathways are intimately connected with the accumulation of aggregated proteins in G-PD.",Autophagy; Endoplasmic reticulum stress; Guam parkinsonism-dementia; Mutant ubiquitin; Tauopathy; TDP-43; Ubiquitin-proteasome system; Unfolded protein response,Journal Article,2020,Journal of neuropathology and experimental neurology,eligible,eligible,final,not_applicable,not_relevant,exclude,excluded_relevance,Adjudicação humana,pilot-v1.1,no_pubmed_integrity_signal,2026-08-22 01:52:33.208402-03,This article is excluded because it does not meet NDRO scientific relevance criteria.,Elegibilidade confirmada durante adjudicação humana,,2026-08-22 01:52:33.208402-03
ndro-mvp-v0.1.2-20260823,2026-08-23,ALS-R-051,ALS,33053441,https://pubmed.ncbi.nlm.nih.gov/33053441/,Molecular mechanisms of mitophagy and its roles in neurodegenerative diseases.,Li Xinnan; Huang Longjian; Lan Jiaqi; Feng Xinhong; Li Pingping; Wu Lei; Peng Ying,"Neurodegenerative diseases are the most common diseases of the nervous system in elderly people, which are currently incurable and cause great burden to families and societies. Mitochondria are the energy factory of the cell and have extremely important effects on neuronal function. The elimination of dysfunctional mitochondria is essential for the mitochondrial metabolic homeostasis, energy supply, and neuronal survival. Recent studies suggest that the impaired mitophagy may lead to the accumulation of damaged mitochondria and therefore contribute to the progression of neurodegenerative diseases. This review mainly focuses on mitophagy, mitochondrial dynamics, and their abnormal changes in neurodegenerative diseases, as well as the therapeutic strategies targeting mitophagy that have shown promise in recent preclinical and clinical studies.",Alzheimer's disease (AD); Amyotrophic lateral sclerosis (ALS); Huntington's disease (HD); Mitophagy; Parkinson's disease (PD),"Journal Article; Research Support, Non-U.S. Gov't; Review",2020,Pharmacological research,eligible,excluded,final,not_applicable,,exclude,excluded_eligibility,Regra de elegibilidade,pilot-v1.1,no_pubmed_integrity_signal,2026-08-22 01:52:33.208402-03,This article is excluded because it does not meet NDRO eligibility requirements.,Revisão ou meta-análise,,2026-08-22 01:52:33.208402-03
ndro-mvp-v0.1.2-20260823,2026-08-23,ALS-R-052,ALS,30753256,https://pubmed.ncbi.nlm.nih.gov/30753256/,THE AUTHORS REPLY.,Dickerson Aisha S; Hansen Johnni; Gredal Ole; Weisskopf Marc G,,,"Comment; Letter; Research Support, N.I.H., Extramural",2019,American journal of epidemiology,excluded,excluded,final,not_applicable,,exclude,excluded_eligibility,Regra de elegibilidade,pilot-v1.1,no_pubmed_integrity_signal,2026-08-22 01:52:33.208402-03,This article is excluded because it does not meet NDRO eligibility requirements.,Abstract ausente,Abstract missing from the public PubMed record.,2026-08-22 01:52:33.208402-03
ndro-mvp-v0.1.2-20260823,2026-08-23,ALS-R-053,ALS,33621087,https://pubmed.ncbi.nlm.nih.gov/33621087/,Catalytic Cross Talk between Key Peptide Fragments That Couple Alzheimer's Disease with Amyotrophic Lateral Sclerosis.,Laos Veronica; Bishop Dezmond; Ganguly Pritam; Schonfeld Grace; Trapp Ellen; Cantrell Kristi Lazar; Buratto Steven K; Shea Joan-Emma; Bowers Michael T,"Protein aggregation is a common feature in prominent neurodegenerative diseases, usually thought to be due to the assembly of a single peptide or protein. Recent studies have challenged this notion and suggested several proteins may be involved in promoting and amplifying disease. For example, the TDP-43 protein associated with Amyotrophic Lateral Sclerosis has been found in the brain along with Aβ assemblies associated with Alzheimer's disease, and those patients that show the presence of TDP-43 are 10 times more likely to demonstrate cognitive impairment compared to TDP-43-negative Alzheimer's patients. Here we examine the interactions between the amyloidogenic core of TDP-43, TDP-43307-319, and a neurotoxic physiologically observed fragment of Aβ, Aβ25-35. Utilizing ion mobility mass spectrometry in concert with atomic force microscopy and molecular dynamics simulations, we investigate which oligomers are involved in seeding aggregation across these two different protein systems and gain insight into which structures initiate and result from these interactions. Studies were conducted by mixing Aβ25-35 with the toxic wild type TDP-43307-319 peptide and with the nontoxic synthetic TDP-43307-319 mutant, G314V. Our findings identify a strong catalytic effect of TDP-43307-319 WT monomer in the acceleration of Aβ25-35 aggregation to its toxic cylindrin and β barrel forms. This observation is unprecedented in both its speed and specificity. Interestingly, the nontoxic G314V mutant of TDP-43307-319 and dimers or higher order oligomers of WT TDP-43307-319 do not promote aggregation of Aβ25-35 but rather dissociate preformed toxic higher order oligomers of Aβ25-35. Reasons for these very different behaviors are reported.",,"Journal Article; Research Support, Non-U.S. Gov't; Research Support, U.S. Gov't, Non-P.H.S.",2021,Journal of the American Chemical Society,eligible,eligible,final,complete,co_primary_focus,include,core,Consenso A+B,pilot-v1.1,no_pubmed_integrity_signal,2026-08-22 01:52:33.208402-03,This article is included in the NDRO core analytical corpus.,Estudo empírico original com abstract utilizável,,2026-08-22 01:52:33.208402-03
ndro-mvp-v0.1.2-20260823,2026-08-23,ALS-R-054,ALS,30574410,https://pubmed.ncbi.nlm.nih.gov/30574410/,Prognostic Nomogram Associated with Longer Survival in Amyotrophic Lateral Sclerosis Patients.,Wei Qian-Qian; Chen Yongping; Chen Xueping; Cao Bei; Ou RuWei; Zhang Lingyu; Hou Yanbing; Shang Huifang,"Better understanding of survival factors in amyotrophic lateral sclerosis (ALS) could help physicians and patients schedule therapeutic interventions. We conducted a study to evaluate the predictive factors associated with longer survival and construct prognostic nomogram in ALS patients. A total of 553 ALS patients were enrolled and divided into 2 groups: a training set and a validation set. Risk factors for survival were identified using logistic regression analysis, and a nomogram created by R program was performed to predict the probability of longer survival in the training set; then receiver operating characteristic (ROC) analysis was applied to assess predictive value of the nomogram model. The median survival time was 3.2 years for all patients. Multivariate analyses revealed that age of onset, rate of disease progression, hemoglobin A1c (HbA1c) level, body mass index, creatinine, creatine kinase (CK), and non-invasive positive pressure ventilation (NIPPV) were independent predictors of longer survival. A nomogram based on the above seven predictive factors was developed to predict the possibility of longer survival. The ROC curve of the nomogram demonstrated good discrimination ability with an AUC of 0.92 (95% CI: 0.88-0.96) in the validation set. In ALS, serum CK, creatinine and HbA1c levels at baseline were independent biomarkers of longer survival. The prognostic nomogram model that integrated all significant independent factors for those who survived longer than 3 years provides an effective way to predict the probability of longer survival and can help doctors evaluate the disease progression and give personalized treatment recommendations.",Amyotrophic lateral sclerosis; biomarkers; CK; creatinine; HbA1c; Nomogram,Journal Article,2018,Aging and disease,eligible,eligible,final,complete,primary_focus,include,core,Consenso A+B,pilot-v1.1,no_pubmed_integrity_signal,2026-08-22 01:52:33.208402-03,This article is included in the NDRO core analytical corpus.,Estudo empírico original com abstract utilizável,,2026-08-22 01:52:33.208402-03
ndro-mvp-v0.1.2-20260823,2026-08-23,ALS-R-055,ALS,30050404,https://pubmed.ncbi.nlm.nih.gov/30050404/,Pathogenesis of Frontotemporal Lobar Degeneration: Insights From Loss of Function Theory and Early Involvement of the Caudate Nucleus.,Sobue Gen; Ishigaki Shinsuke; Watanabe Hirohisa,"Frontotemporal lobar degeneration (FTLD) is a group of clinically, pathologically and genetically heterogeneous neurodegenerative disorders that involve the frontal and temporal lobes. Behavioral variant frontotemporal dementia (bvFTD), semantic dementia (SD), and progressive non-fluent aphasia (PNFA) are three major clinical syndromes. TDP-43, FUS, and tau are three major pathogenetic proteins. In this review, we first discuss the loss-of-function mechanism of FTLD. We focus on FUS-associated pathogenesis in which FUS is linked to tau by regulating its alternative splicing machinery. Moreover, FUS is associated with abnormalities in post-synaptic formation, which can be an early disease marker of FTLD. Second, we discuss clinical and pathological aspects of FTLD. Recently, FTLD and amyotrophic lateral sclerosis (ALS) have been recognized as the same disease entity; indeed, nearly all sporadic ALS cases show TDP-43 pathology irrespective of FTD phenotype. Thus, investigating early structural and network changes in the FTLD/ALS continuum can be useful for developing early diagnostic markers of FTLD. MRI studies have revealed the involvement of the caudate nucleus and its anatomical networks in association with the early phase of behavioral/cognitive decline in FTLD/ALS. In particular, even ALS patients with normal cognition have shown a significant decrease in structural connectivity between the caudate head networks. In pathological studies, FTLD/ALS has shown striatal involvement of both efferent system components and glutamatergic inputs from the cerebral cortices even in ALS patients. Thus, the caudate nucleus may be primarily associated with behavioral abnormality and cognitive involvement in FTLD/ALS. Although several clinical trials have been conducted, there is still no therapy that can change the disease course in patients with FTLD. Therefore, there is an urgent need to establish a strategy for predominant sporadic FTLD cases.",amyotrophic lateral sclerosis; caudate nucleus; frontotemporal lobar degeneration; fused in sarcoma/translated in liposarcoma; loss of function; marmoset; tau proteins; TDP-43 proteinopathies,Journal Article; Review,2018,Frontiers in neuroscience,eligible,excluded,final,not_applicable,,exclude,excluded_eligibility,Regra de elegibilidade,pilot-v1.1,no_pubmed_integrity_signal,2026-08-22 01:52:33.208402-03,This article is excluded because it does not meet NDRO eligibility requirements.,Revisão ou meta-análise,,2026-08-22 01:52:33.208402-03
ndro-mvp-v0.1.2-20260823,2026-08-23,ALS-R-056,ALS,32569484,https://pubmed.ncbi.nlm.nih.gov/32569484/,What do we know about the variability in survival of patients with amyotrophic lateral sclerosis?,McCombe Pamela A; Garton Fleur C; Katz Matthew; Wray Naomi R; Henderson Robert D,"INTRODUCTION: ALS is a fatal neurodegenerative disease. However, patients show variability in the length of survival after symptom onset. Understanding the mechanisms of long survival could lead to possible avenues for therapy.
AREAS COVERED: This review surveys the reported length of survival in ALS, the clinical features that predict survival in individual patients, and possible factors, particularly genetic factors, that could cause short or long survival. The authors also speculate on possible mechanisms.
EXPERT OPINION: a small number of known factors can explain some variability in ALS survival. However, other disease-modifying factors likely exist. Factors that alter motor neurone vulnerability and immune, metabolic, and muscle function could affect survival by modulating the disease process. Knowing these factors could lead to interventions to change the course of the disease. The authors suggest a broad approach is needed to quantify the proportion of variation survival attributable to genetic and non-genetic factors and to identify and estimate the effect size of specific factors. Studies of this nature could not only identify novel avenues for therapeutic research but also play an important role in clinical trial design and personalized medicine.",Amyotrophic lateral sclerosis; epidemiology; genetics; immune system; metabolism; natural history; neurodegeneration; survival,Journal Article; Review,2020,Expert review of neurotherapeutics,eligible,excluded,final,not_applicable,,exclude,excluded_eligibility,Regra de elegibilidade,pilot-v1.1,no_pubmed_integrity_signal,2026-08-22 01:52:33.208402-03,This article is excluded because it does not meet NDRO eligibility requirements.,Revisão ou meta-análise,,2026-08-22 01:52:33.208402-03
ndro-mvp-v0.1.2-20260823,2026-08-23,ALS-R-057,ALS,31042469,https://pubmed.ncbi.nlm.nih.gov/31042469/,Loss of Nuclear TDP-43 Is Associated with Decondensation of LINE Retrotransposons.,Liu Elaine Y; Russ Jenny; Cali Christopher P; Phan Jessica M; Amlie-Wolf Alexandre; Lee Edward B,"Loss of the nuclear RNA binding protein TAR DNA binding protein-43 (TDP-43) into cytoplasmic aggregates is the strongest correlate to neurodegeneration in amyotrophic lateral sclerosis and frontotemporal degeneration. The molecular changes associated with the loss of nuclear TDP-43 in human tissues are not entirely known. Using subcellular fractionation and fluorescent-activated cell sorting to enrich for diseased neuronal nuclei without TDP-43 from post-mortem frontotemporal degeneration-amyotrophic lateral sclerosis (FTD-ALS) human brain, we characterized the effects of TDP-43 loss on the transcriptome and chromatin accessibility. Nuclear TDP-43 loss is associated with gene expression changes that affect RNA processing, nucleocytoplasmic transport, histone processing, and DNA damage. Loss of nuclear TDP-43 is also associated with chromatin decondensation around long interspersed nuclear elements (LINEs) and increased LINE1 DNA content. Moreover, loss of TDP-43 leads to increased retrotransposition that can be inhibited with antiretroviral drugs, suggesting that TDP-43 neuropathology is associated with altered chromatin structure including decondensation of LINEs.",amyotrophic lateral sclerosis; ATAC-seq; autoregulation; chromatin; frontotemporal dementia; histone; motor neuron disease; reverse transcriptase; RNA; splicing,"Journal Article; Research Support, N.I.H., Extramural; Research Support, Non-U.S. Gov't",2019,Cell reports,eligible,eligible,final,complete,co_primary_focus,include,core,Adjudicação humana,pilot-v1.1,no_pubmed_integrity_signal,2026-08-22 01:52:33.208402-03,This article is included in the NDRO core analytical corpus.,Elegibilidade confirmada durante adjudicação humana,,2026-08-22 01:52:33.208402-03
ndro-mvp-v0.1.2-20260823,2026-08-23,ALS-R-058,ALS,28634653,https://pubmed.ncbi.nlm.nih.gov/28634653/,"Assessing the Combined Toxicity of BMAA and Its Isomers 2,4-DAB and AEG In Vitro Using Human Neuroblastoma Cells.",Main Brendan J; Rodgers Kenneth J,"The non-protein amino acid (NPAA) ß-methylamino-L-alanine (BMAA) is produced by a diverse range of cyanobacteria, diatoms and dinoflagellates, and is present in both aquatic and terrestrial ecosystems globally. Exposure to BMAA has been implicated in the development of neurodegenerative diseases including amyotrophic lateral sclerosis (ALS), Alzheimer's disease (AD) and Parkinson's disease (PD). BMAA is often found in nature along with its structural isomers 2,4-diaminobutyric acid (2,4-DAB) and aminoethylglycine (AEG); however, the toxicity of these NPAAs in combination has not been examined. We have previously demonstrated that BMAA induces endoplasmic reticulum (ER) stress and increases caspase and cathepsin activity in human neuroblastoma cells (SH-SY5Y), effects consistent with proteotoxic stress due to disturbances in protein synthesis, folding or turnover. The current study investigates whether 2,4-DAB and AEG share a similar mechanism of toxicity to BMAA, and if simultaneous exposure of cells to BMAA and its isomers results in increased toxicity in vitro. We show that a 48-h treatment with both 500 μM BMAA and 2,4-DAB decreases cell viability in vitro whereas AEG was not cytotoxic under the same conditions. Treatment of SH-SY5Y cells with 2,4-DAB did not increase expression of ER stress markers. Combined treatment of cells with BMAA and 2,4-DAB resulted in increased caspase activity and increased apoptosis above that of BMAA or 2,4-DAB on their own. These results suggest that 2,4-DAB does not share the same mechanism of toxicity as BMAA but the presence of 2,4-DAB increases the toxicity of BMAA to human cells in vitro.","2,4-DAB; ALS; BMAA; MND; Non-protein amino acids; Unfolded protein response",Journal Article,2017,Neurotoxicity research,eligible,eligible,final,not_applicable,background_mention,exclude,excluded_relevance,Consenso A+B,pilot-v1.1,no_pubmed_integrity_signal,2026-08-22 01:52:33.208402-03,This article is excluded because it does not meet NDRO scientific relevance criteria.,Estudo empírico original com abstract utilizável,,2026-08-22 01:52:33.208402-03
ndro-mvp-v0.1.2-20260823,2026-08-23,ALS-R-059,ALS,30564616,https://pubmed.ncbi.nlm.nih.gov/30564616/,Protein production is an early biomarker for RNA-targeted therapies.,Self Wade K; Schoch Kathleen M; Alex Jacob; Barthélemy Nicolas; Bollinger James G; Sato Chihiro; Cole Tracy; Kordasiewicz Holly B; Swayze Eric; Bateman Randall J; Miller Timothy M,"OBJECTIVES: Clinical trials for progressive neurodegenerative disorders such as Alzheimer's Disease and Amyotrophic Lateral Sclerosis have been hindered due to the absence of effective pharmacodynamics markers to assay target engagement. We tested whether measurements of new protein production would be a viable pharmacodynamics tool for RNA-targeted therapies.
METHODS: Transgenic animal models expressing human proteins implicated in neurodegenerative disorders - microtubule-associated protein tau (hTau) or superoxide dismutase-1 (hSOD1) - were treated with antisense oligonucleotides (ASOs) delivered to the central nervous system to target these human mRNA transcripts. Simultaneously, animals were administered 13C6-leucine via drinking water to measure new protein synthesis after ASO treatment. Measures of new protein synthesis and protein concentration were assayed at designated time points after ASO treatment using targeted proteomics.
RESULTS: ASO treatment lowered hTau mRNA and protein production (measured by 13C6-leucine-labeled hTau protein) earlier than total hTau protein concentration in transgenic mouse cortex. In the CSF of hSOD1 transgenic rats, ASO treatment lowered newly generated hSOD1 protein driven by decreases in newly synthesized hSOD1 protein, not overall protein concentration, 30 days after treatment. At later time points, decreases in newly generated protein were still observed after mRNA lowering reached a steady state after ASO treatment.
INTERPRETATION: Measures of newly generated protein show earlier pharmacodynamics changes for RNA-lowering therapeutics compared with total protein concentration. Early in ASO treatment, decreases in newly generated protein are driven by changes in newly synthesized protein. Measuring new protein production in CSF may be a promising early pharmacodynamics marker for RNA-targeted therapeutics.",,Journal Article,2018,Annals of clinical and translational neurology,eligible,eligible,final,complete,co_primary_focus,include,core,Adjudicação humana,pilot-v1.1,no_pubmed_integrity_signal,2026-08-22 01:52:33.208402-03,This article is included in the NDRO core analytical corpus.,Elegibilidade confirmada durante adjudicação humana,,2026-08-22 01:52:33.208402-03
ndro-mvp-v0.1.2-20260823,2026-08-23,ALS-R-060,ALS,33790773,https://pubmed.ncbi.nlm.nih.gov/33790773/,ALS Mimics due to Affection of the Cervical Spine: From Common Compressive Myelopathy to Rare CSF Epidural Collection.,Storti Benedetta; Diamanti Susanna; Tremolizzo Lucio; Riva Nilo; Lunetta Christian; Filippi Massimo; Ferrarese Carlo; Appollonio Ildebrando,"Amyotrophic lateral sclerosis (ALS) is a clinically heterogeneous disease, with chameleon presentations and several mimics. Considering the poor prognosis of ALS, their precise and timely identification is pivotal. Affection of the cervical spine represents one potential source of ALS mimics that should never be missed, since it is potentially treatable. We hereby present 5 cases initially diagnosed as ALS but eventually found to have different kinds of cervical spine affection, from a common compressive myelopathy to a rare space-occupying cystic fluid collection.",Amyotrophic lateral sclerosis; Cervical spine; Diagnosis; Mimic; Myelopathy,Case Reports; Journal Article,2021,Case reports in neurology,eligible,excluded,final,not_applicable,,exclude,excluded_eligibility,Regra de elegibilidade,pilot-v1.1,no_pubmed_integrity_signal,2026-08-22 01:52:33.208402-03,This article is excluded because it does not meet NDRO eligibility requirements.,Relato ou série de casos,,2026-08-22 01:52:33.208402-03
ndro-mvp-v0.1.2-20260823,2026-08-23,ALS-R-061,ALS,40966555,https://pubmed.ncbi.nlm.nih.gov/40966555/,Amyotrophic Lateral Sclerosis.,Weber Daria,,,Journal Article,2025,Radiologic technology,excluded,excluded,final,not_applicable,,exclude,excluded_eligibility,Regra de elegibilidade,pilot-v1.1,no_pubmed_integrity_signal,2026-08-22 01:52:33.208402-03,This article is excluded because it does not meet NDRO eligibility requirements.,Abstract ausente,Abstract missing from the public PubMed record.,2026-08-22 01:52:33.208402-03
ndro-mvp-v0.1.2-20260823,2026-08-23,ALS-R-062,ALS,38050971,https://pubmed.ncbi.nlm.nih.gov/38050971/,Digital markers of motor speech impairments in spontaneous speech of patients with ALS-FTD spectrum disorders.,Shellikeri Sanjana; Cho Sunghye; Ash Sharon; Gonzalez-Recober Carmen; Mcmillan Corey T; Elman Lauren; Quinn Colin; Amado Defne A; Baer Michael; Irwin David J; Massimo Lauren; Olm Christopher A; Liberman Mark Y; Grossman Murray; Nevler Naomi,"OBJECTIVE: To evaluate automated digital speech measures, derived from spontaneous speech (picture descriptions), in assessing bulbar motor impairments in patients with ALS-FTD spectrum disorders (ALS-FTSD).
METHODS: Automated vowel algorithms were employed to extract two vowel acoustic measures: vowel space area (VSA), and mean second formant slope (F2 slope). Vowel measures were compared between ALS with and without clinical bulbar symptoms (ALS + bulbar (n = 49, ALSFRS-r bulbar subscore: x¯ = 9.8 (SD = 1.7)) vs. ALS-nonbulbar (n = 23), behavioral variant frontotemporal dementia (bvFTD, n = 25) without a motor syndrome, and healthy controls (HC, n = 32). Correlations with bulbar motor clinical scales, perceived listener effort, and MRI cortical thickness of the orobuccal primary motor cortex (oral PMC) were examined. We compared vowel measures to speaking rate, a conventional metric for assessing bulbar dysfunction.
RESULTS: ALS + bulbar had significantly reduced VSA and F2 slope than ALS-nonbulbar (|d|=0.94 and |d|=1.04, respectively), bvFTD (|d|=0.89 and |d|=1.47), and HC (|d|=0.73 and |d|=0.99). These reductions correlated with worse bulbar clinical scores (VSA: R = 0.33, p = 0.043; F2 slope: R = 0.38, p = 0.011), greater listener effort (VSA: R=-0.43, p = 0.041; F2 slope: p > 0.05), and cortical thinning in oral PMC (F2 slope: β = 0.0026, p = 0.017). Vowel measures demonstrated greater sensitivity and specificity for bulbar impairment than speaking rate, while showing independence from cognitive and respiratory impairments.
CONCLUSION: Automatic vowel measures are easily derived from a brief spontaneous speech sample, are sensitive to mild-moderate stage of bulbar disease in ALS-FTSD, and may present better sensitivity to bulbar impairment compared to traditional assessments such as speaking rate.",biomarker; digital speech; dysarthria; motor speech,"Journal Article; Research Support, N.I.H., Extramural; Research Support, U.S. Gov't, Non-P.H.S.",2023,Amyotrophic lateral sclerosis & frontotemporal degeneration,eligible,eligible,final,complete,primary_focus,include,core,Consenso A+B,pilot-v1.1,no_pubmed_integrity_signal,2026-08-22 01:52:33.208402-03,This article is included in the NDRO core analytical corpus.,Estudo empírico original com abstract utilizável,,2026-08-22 01:52:33.208402-03
ndro-mvp-v0.1.2-20260823,2026-08-23,ALS-R-063,ALS,41850140,https://pubmed.ncbi.nlm.nih.gov/41850140/,Employing an integrated computational simulation strategy to identify high-affinity ligands for TDP-43 amyloid proteins.,Gao Yunqing; Sun Zhenghao; Wei Qiumei; She Chenyuan; Wang Yafeng; Chen Jingyun; Wang Mengxuan; Gui Xinrui; Xia Xue; Liu Yang; Wang Xin,"Developing high-affinity ligands targeting TDP-43 amyloid species is a potential therapeutic approach for amyotrophic lateral sclerosis (ALS). Here, we propose an integrated computational simulation strategy, which integrates multiple virtual screening methods, molecular dynamics simulations and binding free energy evaluations. Using this strategy, we successfully identified TDPL1, a high-affinity ligand for TDP-43 amyloid proteins. In vitro affinity assays confirmed the computational predictions. Based on the MD simulation results, we further investigated the binding mode between TDPL1 and TDP-43 amyloid proteins. Additionally, steered molecular dynamics simulations were employed to assess the impact of TDPL1 on the stability of β-sheet interactions within the TDP-43 amyloid structure. Our data demonstrate that TDPL1 not only binds effectively to TDP-43 amyloid proteins but also possesses the potential to disrupt the stability of amyloid aggregates. These findings provide a molecular foundation for the future development of diagnostic agents or targeted therapeutics for ALS and related diseases.",ALS; MD simulations; Steered molecular dynamics simulation; TDP-43 amyloid proteins; Virtual screening,Journal Article,2026,Bioorganic & medicinal chemistry,eligible,eligible,final,complete,primary_focus,include,core,Consenso A+B,pilot-v1.1,no_pubmed_integrity_signal,2026-08-22 01:52:33.208402-03,This article is included in the NDRO core analytical corpus.,Estudo empírico original com abstract utilizável,,2026-08-22 01:52:33.208402-03
ndro-mvp-v0.1.2-20260823,2026-08-23,ALS-R-064,ALS,37178170,https://pubmed.ncbi.nlm.nih.gov/37178170/,Presymptomatic grey matter alterations in ALS kindreds: a computational neuroimaging study of asymptomatic C9orf72 and SOD1 mutation carriers.,Bede Peter; Lulé Dorothée; Müller Hans-Peter; Tan Ee Ling; Dorst Johannes; Ludolph Albert C; Kassubek Jan,"BACKGROUND: The characterisation of presymptomatic disease-burden patterns in asymptomatic mutation carriers has a dual academic and clinical relevance. The understanding of disease propagation mechanisms is of considerable conceptual interests, and defining the optimal time of pharmacological intervention is essential for improved clinical trial outcomes.
METHODS: In a prospective, multimodal neuroimaging study, 22 asymptomatic C9orf72 GGGGCC hexanucleotide repeat carriers, 13 asymptomatic subjects with SOD1, and 54 ""gene-negative"" ALS kindreds were enrolled. Cortical and subcortical grey matter alterations were systematically appraised using volumetric, morphometric, vertex, and cortical thickness analyses. Using a Bayesian approach, the thalamus and amygdala were further parcellated into specific nuclei and the hippocampus was segmented into anatomically defined subfields.
RESULTS: Asymptomatic GGGGCC hexanucleotide repeat carriers in C9orf72 exhibited early subcortical changes with the preferential involvement of the pulvinar and mediodorsal regions of the thalamus, as well as the lateral aspect of the hippocampus. Volumetric approaches, morphometric methods, and vertex analyses were anatomically consistent in capturing focal subcortical changes in asymptomatic C9orf72 hexanucleotide repeat expansion carriers. SOD1 mutation carriers did not exhibit significant subcortical grey matter alterations. In our study, none of the two asymptomatic cohorts exhibited cortical grey matter alterations on either cortical thickness or morphometric analyses.
DISCUSSION: The presymptomatic radiological signature of C9orf72 is associated with selective thalamic and focal hippocampal degeneration which may be readily detectable before cortical grey matter changes ensue. Our findings confirm selective subcortical grey matter involvement early in the course of C9orf72-associated neurodegeneration.",Amyotrophic lateral sclerosis; Asymptomatic; Biomarker; C9orf72; Frontotemporal dementia; Magnetic resonance imaging (MRI); Pharmaceutical trials; Presymptomatic; SOD1,Journal Article,2023,Journal of neurology,eligible,eligible,final,complete,primary_focus,include,core,Consenso A+B,pilot-v1.1,no_pubmed_integrity_signal,2026-08-22 01:52:33.208402-03,This article is included in the NDRO core analytical corpus.,Estudo empírico original com abstract utilizável,,2026-08-22 01:52:33.208402-03
ndro-mvp-v0.1.2-20260823,2026-08-23,ALS-R-065,ALS,36462105,https://pubmed.ncbi.nlm.nih.gov/36462105/,Safety and Efficacy of Edaravone in Patients with Amyotrophic Lateral Sclerosis: A Systematic Review and Meta-analysis.,Gao Mengxia; Zhu Lingqun; Chang Jingling; Cao Tianyu; Song Lianying; Wen Chunli; Chen Yi; Zhuo Yudi; Chen Fei,"BACKGROUND AND OBJECTIVE: The efficacy and safety of edaravone for the treatment of amyotrophic lateral sclerosis (ALS) remain unclear. The aim of this meta-analysis was to provide evidence-based medical guidance and advice for the clinical application of edaravone in the treatment of ALS.
METHODS: PubMed, Embase, Chinese Biomedical Literature Database (CBM), Cochrane Library and Web of Science were searched through 09 March 2022 for randomized controlled trials (RCTs) on the safety and efficacy of edaravone versus placebo during follow-up of patients with ALS. A summary of the outcome measures with GRADE was performed. This study was registered on PROSPERO (ID: CRD 42022319997).
RESULTS: Five RCTs with a total of 566 participants were included, and there was a significant difference (mean difference [MD] 1.33, 95% confidence interval [CI] 0.33-2.34; p = 0.009) in the Revised Amyotrophic Lateral Sclerosis Functional Rating Scale (ALSFRS-R) score between the treatment and placebo groups. The edaravone group had an increased grip strength (MD 0.26, 95% CI 0.03-0.49; p = 0.03) and modified Norris Scale score (MD 2.81, 95% CI 1.18-4.43; p = 0.0007). However, there were no significant differences between groups for the change in forced vital capacity (FVC)% (MD 0.55, 95% CI - 3.15 to 4.24; p = 0.77), pinch strength (MD 0.05, 95% CI - 0.05 to 0.16; p = 0.33) or Amyotrophic Lateral Sclerosis Assessment Questionnaire (ALSAQ-40) score (MD - 4.76, 95% CI - 9.56 to 0.03; p = 0.05). The incidence of adverse events (AEs) (risk ratio [RR] 0.09, 95% CI 0.93-1.05; p = 0.65), serious adverse events (SAEs) (RR 0.72, 95% CI 0.52-1.00; p = 0.05) and the number of deaths (risk difference [RD] 0.00, 95% CI - 0.02 to 0.03; p = 0.83) were not statistically different from the placebo group. The quality of evidence was low only for SAEs, and the remaining outcome measures were of moderate quality.
CONCLUSIONS: Compared with placebo, edaravone may provide potential clinical benefits in the treatment of ALS and may not increase the number of AEs and deaths. However, due to the low-quality evidence of the included studies and the small sample size, more high-quality and high-standard research evidence is needed to confirm these results.
PROTOCOL REGISTRATION: This study was registered on PROSPERO (ID: CRD 42022319997).",,Journal Article; Meta-Analysis; Systematic Review,2022,Clinical drug investigation,eligible,excluded,final,not_applicable,,exclude,excluded_eligibility,Regra de elegibilidade,pilot-v1.1,no_pubmed_integrity_signal,2026-08-22 01:52:33.208402-03,This article is excluded because it does not meet NDRO eligibility requirements.,Revisão ou meta-análise,,2026-08-22 01:52:33.208402-03
ndro-mvp-v0.1.2-20260823,2026-08-23,ALS-R-066,ALS,35379698,https://pubmed.ncbi.nlm.nih.gov/35379698/,Development of a sensitive trial-ready poly(GP) CSF biomarker assay for C9orf72-associated frontotemporal dementia and amyotrophic lateral sclerosis.,Wilson Katherine M; Katona Eszter; Glaria Idoia; Carcolé Mireia; Swift Imogen J; Sogorb-Esteve Aitana; Heller Carolin; Bouzigues Arabella; Heslegrave Amanda J; Keshavan Ashvini; Knowles Kathryn; Patil Saurabh; Mohapatra Susovan; Liu Yuanjing; Goyal Jaya; Sanchez-Valle Raquel; Laforce Robert Jr; Synofzik Matthis; Rowe James B; Finger Elizabeth; Vandenberghe Rik; Butler Christopher R; Gerhard Alexander; Van Swieten John C; Seelaar Harro; Borroni Barbara; Galimberti Daniela; de Mendonça Alexandre; Masellis Mario; Tartaglia M Carmela; Otto Markus; Graff Caroline; Ducharme Simon; Schott Jonathan M; Malaspina Andrea; Zetterberg Henrik; Boyanapalli Ramakrishna; Rohrer Jonathan D; Isaacs Adrian M; Genetic FTD Initiative (GENFI),"OBJECTIVE: A GGGGCC repeat expansion in the C9orf72 gene is the most common cause of genetic frontotemporal dementia (FTD) and amyotrophic lateral sclerosis (ALS). As potential therapies targeting the repeat expansion are now entering clinical trials, sensitive biomarker assays of target engagement are urgently required. Our objective was to develop such an assay.
METHODS: We used the single molecule array (Simoa) platform to develop an immunoassay for measuring poly(GP) dipeptide repeat proteins (DPRs) generated by the C9orf72 repeat expansion in cerebrospinal fluid (CSF) of people with C9orf72-associated FTD/ALS.
RESULTS AND CONCLUSIONS: We show the assay to be highly sensitive and robust, passing extensive qualification criteria including low intraplate and interplate variability, a high precision and accuracy in measuring both calibrators and samples, dilutional parallelism, tolerance to sample and standard freeze-thaw and no haemoglobin interference. We used this assay to measure poly(GP) in CSF samples collected through the Genetic FTD Initiative (N=40 C9orf72 and 15 controls). We found it had 100% specificity and 100% sensitivity and a large window for detecting target engagement, as the C9orf72 CSF sample with the lowest poly(GP) signal had eightfold higher signal than controls and on average values from C9orf72 samples were 38-fold higher than controls, which all fell below the lower limit of quantification of the assay. These data indicate that a Simoa-based poly(GP) DPR assay is suitable for use in clinical trials to determine target engagement of therapeutics aimed at reducing C9orf72 repeat-containing transcripts.",FRONTOTEMPORAL DEMENTIA; MOTOR NEURON DISEASE,"Journal Article; Research Support, Non-U.S. Gov't",2022,"Journal of neurology, neurosurgery, and psychiatry",eligible,eligible,final,complete,co_primary_focus,include,core,Consenso A+B,pilot-v1.1,no_pubmed_integrity_signal,2026-08-22 01:52:33.208402-03,This article is included in the NDRO core analytical corpus.,Estudo empírico original com abstract utilizável,,2026-08-22 01:52:33.208402-03
ndro-mvp-v0.1.2-20260823,2026-08-23,ALS-R-067,ALS,38934400,https://pubmed.ncbi.nlm.nih.gov/38934400/,Spatial transcriptomics combined with single-nucleus RNA sequencing reveals glial cell heterogeneity in the human spinal cord.,Chen Yali; Wei Yiyong; Liu Jin; Zhu Tao; Zhou Cheng; Zhang Donghang,"JOURNAL/nrgr/04.03/01300535-202511000-00032/figure1/v/2024-12-20T164640Z/r/image-tiff Glial cells play crucial roles in regulating physiological and pathological functions, including sensation, the response to infection and acute injury, and chronic neurodegenerative disorders. Glial cells include astrocytes, microglia, and oligodendrocytes in the central nervous system, and satellite glial cells and Schwann cells in the peripheral nervous system. Despite the greater understanding of glial cell types and functional heterogeneity achieved through single-cell and single-nucleus RNA sequencing in animal models, few studies have investigated the transcriptomic profiles of glial cells in the human spinal cord. Here, we used high-throughput single-nucleus RNA sequencing and spatial transcriptomics to map the cellular and molecular heterogeneity of astrocytes, microglia, and oligodendrocytes in the human spinal cord. To explore the conservation and divergence across species, we compared these findings with those from mice. In the human spinal cord, astrocytes, microglia, and oligodendrocytes were each divided into six distinct transcriptomic subclusters. In the mouse spinal cord, astrocytes, microglia, and oligodendrocytes were divided into five, four, and five distinct transcriptomic subclusters, respectively. The comparative results revealed substantial heterogeneity in all glial cell types between humans and mice. Additionally, we detected sex differences in gene expression in human spinal cord glial cells. Specifically, in all astrocyte subtypes, the levels of NEAT1 and CHI3L1 were higher in males than in females, whereas the levels of CST3 were lower in males than in females. In all microglial subtypes, all differentially expressed genes were located on the sex chromosomes. In addition to sex-specific gene differences, the levels of MT-ND4 , MT2A , MT-ATP6 , MT-CO3 , MT-ND2 , MT-ND3 , and MT-CO2 in all spinal cord oligodendrocyte subtypes were higher in females than in males. Collectively, the present dataset extensively characterizes glial cell heterogeneity and offers a valuable resource for exploring the cellular basis of spinal cord-related illnesses, including chronic pain, amyotrophic lateral sclerosis, and multiple sclerosis.",,Journal Article,2024,Neural regeneration research,eligible,eligible,final,not_applicable,background_mention,exclude,excluded_relevance,Consenso A+B,pilot-v1.1,no_pubmed_integrity_signal,2026-08-22 01:52:33.208402-03,This article is excluded because it does not meet NDRO scientific relevance criteria.,Estudo empírico original com abstract utilizável,,2026-08-22 01:52:33.208402-03
ndro-mvp-v0.1.2-20260823,2026-08-23,ALS-R-068,ALS,42116669,https://pubmed.ncbi.nlm.nih.gov/42116669/,Offset Conduction Velocity Reveals Prognostic Slowing of Motor Axons in Amyotrophic Lateral Sclerosis.,Shimizu Toshio; Myojin Hironobu; Bokuda Kota; Kawazoe Tomoya; Morishima Ryo; Kimura Hideki; Takahashi Kazushi; Nakayama Yuki,"INTRODUCTION/AIMS: Slowing of motor nerve conduction is not classically regarded as a feature of amyotrophic lateral sclerosis (ALS). We introduce a novel electrophysiological parameter, offset motor conduction velocity (offset-MCV), to assess conduction in relatively slower motor axons and investigate its association with survival in ALS.
METHODS: Motor nerve conduction studies of the median and tibial nerves were performed in 145 patients with ALS and 70 healthy controls. Onset and offset latencies of compound muscle action potentials were measured, and onset- and offset-MCVs were calculated. Patients were followed until death or tracheostomy, and associations between MCV parameters and survival were analyzed.
RESULTS: Both onset- and offset-MCVs were significantly reduced in patients with ALS compared with controls for the median and tibial nerves (all p < 0.0001). Onset-MCVs were not associated with survival. In contrast, reduced offset-MCVs in both nerves were associated with short survival (log-rank test: median nerve, p = 0.009; tibial nerve, p = 0.021). Multivariate Cox regression analysis identified tibial nerve offset-MCV as an independent prognostic factor (p = 0.029).
DISCUSSION: Pathological slowing of motor nerve conduction occurs in ALS and is associated with poor survival. Offset-MCV may reflect disease-related changes in slower α-motor axons and represents a potential prognostic biomarker in ALS.",amyotrophic lateral sclerosis; median nerve; motor nerve conduction; survival prognosis; tibial nerve,Journal Article,2026,Muscle & nerve,eligible,eligible,final,complete,primary_focus,include,core,Consenso A+B,pilot-v1.1,no_pubmed_integrity_signal,2026-08-22 01:52:33.208402-03,This article is included in the NDRO core analytical corpus.,Estudo empírico original com abstract utilizável,,2026-08-22 01:52:33.208402-03
ndro-mvp-v0.1.2-20260823,2026-08-23,ALS-R-069,ALS,39651147,https://pubmed.ncbi.nlm.nih.gov/39651147/,The ALS-associated co-chaperone DNAJC7 mediates neuroprotection against proteotoxic stress by modulating HSF1 activity.,Fleming Andrew C; Rao Nalini R; Wright Matthew; Savas Jeffrey N; Kiskinis Evangelos,"The degeneration of neurons in patients with amyotrophic lateral sclerosis (ALS) is commonly associated with accumulation of misfolded, insoluble proteins. Heat shock proteins (HSPs) are central regulators of protein homeostasis as they fold newly synthesized proteins and refold damaged proteins. Heterozygous loss-of-function mutations in the DNAJC7 gene that encodes an HSP co-chaperone were recently identified as a cause for rare forms of ALS, yet the mechanisms underlying pathogenesis remain unclear. Using mass spectrometry, we found that the DNAJC7 interactome in human motor neurons (MNs) is enriched for RNA binding proteins (RBPs) and stress response chaperones. MNs generated from iPSCs with the ALS-associated mutation R156X in DNAJC7 exhibit increased insolubility of its client RBP HNRNPU and associated RNA metabolism alterations. Additionally, DNAJC7 haploinsufficiency renders MNs increasingly susceptible to proteotoxic stress and cell death as a result of an ablated HSF1 stress response pathway. Critically, expression of HSF1 in mutant DNAJC7 MNs is sufficient to rescue their sensitivity to proteotoxic stress, while postmortem ALS patient cortical neurons exhibit a reduction in the expression of HSF1 pathway genes. Taken together, our work identifies DNAJC7 as a crucial mediator of HNRNPU function and stress response pathways in human MNs and highlights HSF1 as a therapeutic target in ALS.",Amyotrophic lateral sclerosis (ALS); chaperone; DNAJC7; HNRNPU; HSF1; HSP70; iPSC models; motor neurons; stress response,Journal Article; Preprint,2024,bioRxiv : the preprint server for biology,eligible,eligible,final,complete,primary_focus,include,core,Consenso A+B,pilot-v1.1,no_pubmed_integrity_signal,2026-08-22 01:52:33.208402-03,This article is included in the NDRO core analytical corpus.,Estudo empírico original com abstract utilizável,,2026-08-22 01:52:33.208402-03
ndro-mvp-v0.1.2-20260823,2026-08-23,ALS-R-070,ALS,37091527,https://pubmed.ncbi.nlm.nih.gov/37091527/,Experience with telemedicine in neuromuscular clinic during COVID-19 pandemic.,Ghasemi Mehdi; Poulliot Kristy; Daniello Kate M; Silver Brian,"OBJECTIVES: The aim of the present study was to evaluate the feasibility and acceptability of telehealth for the care of neuromuscular patients during the COVID-19 pandemic.
METHODS: Neuromuscular patients or their caregivers, as well as health care providers (HCPs), who completed a televisit during the pandemic received an online survey, assessing satisfaction with the visit, quality of care, and experience with the televisit interference.
RESULTS: Surveys from 46 neuromuscular patients (including 18 with motor neuron disease [MND])/caregivers and 7 HCPs were completed. Several aspects of televisits including good communication, adequate time to discuss concern, provision of equal care, and telemedicine interference were rated favorably among participants. Telehealth was strongly satisfactory in 30 (65.22%) and satisfactory in 15 (32.61%) neuromuscular patients/caregivers. In 18 MND patients, this was 10 (55.56%) and 7 (38.89%), respectively. Moreover, 24 (52.17%) neuromuscular patients/caregivers would strongly agree and 18 (39.13%) would agree to participate again in televisits. This was 10 (55.56%) and 4 (33.33%) for MND cases, respectively. Various medical issues were addressed during the televisits including medication management, ordering tests/referrals, discussion of goals of care, and research. The predictive stepwise logistic model found younger age as a predicting factor for higher satisfaction from, or participation again in, televisits in neuromuscular patients. Limb onset location was also a predicting factor for strong satisfaction from televisits in MND cases.
CONCLUSIONS: Telemedicine is feasible and highly effective at achieving personalized care that was rated satisfactory by the majority of neuromuscular patients/caregivers and HCPs during the COVID-19 pandemic.",amyotrophic lateral sclerosis (ALS); COVID-19; motor neuron disease (MND); neuromuscular clinic; telemedicine; televisit,Journal Article,2023,Acta myologica : myopathies and cardiomyopathies : official journal of the Mediterranean Society of Myology,eligible,eligible,final,not_applicable,not_relevant,exclude,excluded_relevance,Adjudicação humana,pilot-v1.1,no_pubmed_integrity_signal,2026-08-22 01:52:33.208402-03,This article is excluded because it does not meet NDRO scientific relevance criteria.,Elegibilidade confirmada durante adjudicação humana,,2026-08-22 01:52:33.208402-03
ndro-mvp-v0.1.2-20260823,2026-08-23,ALS-R-071,ALS,41781371,https://pubmed.ncbi.nlm.nih.gov/41781371/,"TDP-43 phosphorylation: Exploring kinases, phosphatases, and therapeutic potential in neurodegeneration.",Zhang Liti; Huang Yichen; Huang Wei; Huang Qianqian; Lin Yizhou; Gu Jianlan,"TAR DNA-binding protein 43 (TDP-43) is a multifunctional DNA/RNA-binding protein whose abnormal phosphorylation and aggregation are central to the pathogenesis of several neurodegenerative diseases. TDP-43 proteinopathy, characterized by hyperphosphorylation and cytoplasmic accumulation, is a defining pathological feature of amyotrophic lateral sclerosis and frontotemporal lobar degeneration, and is frequently observed in Alzheimer's disease. The phosphorylation state of TDP-43 is dynamically regulated by a network of protein kinases-including CK1, GSK3β, CDC7, and PKA-and counterbalanced by phosphatases such as PP2A and PP1; however, the precise molecular mechanisms governing this equilibrium in disease remain incompletely understood. Notably, phosphorylated TDP-43 acquires prion-like properties, enabling self-templated aggregation and cell-to-cell propagation, which amplifies pathology and drives disease progression. These insights have catalyzed the development of therapeutic strategies aimed at modulating TDP-43 phosphorylation, with kinase inhibitors and phosphatase enhancers emerging as promising candidates for targeting TDP-43 proteinopathies. This review integrates current knowledge on the regulatory networks controlling TDP-43 phosphorylation, examines its role in prion-like spread, and evaluates emerging therapeutic approaches aimed at mitigating TDP-43-mediated neurodegeneration.",Alzheimer's disease; neurodegenerative disease; phosphatase; phosphorylation; protein kinase; TDP-43,Journal Article; Review,2026,Journal of Alzheimer's disease : JAD,eligible,excluded,final,not_applicable,,exclude,excluded_eligibility,Regra de elegibilidade,pilot-v1.1,no_pubmed_integrity_signal,2026-08-22 01:52:33.208402-03,This article is excluded because it does not meet NDRO eligibility requirements.,Revisão ou meta-análise,,2026-08-22 01:52:33.208402-03
ndro-mvp-v0.1.2-20260823,2026-08-23,ALS-R-072,ALS,39203762,https://pubmed.ncbi.nlm.nih.gov/39203762/,Malnutrition in Amyotrophic Lateral Sclerosis: Insights from Morphofunctional Assessment and Global Leadership Initiative on Malnutrition Criteria.,Zarco-Martín María Teresa; Freire Carmen; Andreo-López María Carmen; Leyva-Martínez Socorro; Fernández-Soto María Luisa,"Amyotrophic Lateral Sclerosis (ALS) is a progressive neurodegenerative disease frequently accompanied by malnutrition due to weight loss, increased energy expenditure, and muscle mass loss. This study aimed to evaluate morphofunctional assessment tools as predictors of malnutrition and to investigate their relationship with muscle status and disease severity in ALS patients. A cross-sectional study was conducted with 45 ALS patients at the San Cecilio University Hospital in Granada. Malnutrition was assessed using the Global Leadership Initiative on Malnutrition (GLIM) criteria. Morphofunctional assessment was performed using Bioimpedance Vectorial Analysis (BIVA), handgrip strength (HGS), and Short Physical Performance Battery (SPPB). Malnutrition prevalence was 38% according to GLIM criteria. Significant differences were observed between malnourished and non-malnourished groups in age (70 ± 9 vs. 62 ± 10 years, p = 0.01), sex (female prevalence: 58.8% vs. 25.0%, p = 0.02), dysphagia prevalence (83% vs. 29%, p < 0.001), PEG/PRG use (35.3% vs. 3.6%, p = 0.01), and ALSFRS-R scores (30 ± 12 vs. 34 ± 12, p = 0.02). Malnourished patients had lower values in anthropometric measurements, muscle mass obtained by BIVA, and phase angle (PA) (4.05 ± 0.8° vs. 5.09 ± 0.8°, p < 0.001). No significant differences were found in muscle strength or functional status. PA showed significant correlations with muscle strength (r = 0.52, p < 0.001) and muscle mass measures (r = 0.48, p < 0.001). Moreover, PA was associated with poorer disease progression and physical performance. In our sample, BIVA metrics such as PA (<4.3°), SPA (<-0.8), body cell mass (<9.2 kg/m), and extracellular water (>49.75%) were identified as malnutrition risk factors. The study underscores the critical importance of comprehensive morphofunctional assessment and the use of advanced diagnostic criteria, for early identification and intervention in malnutrition among people with ALS. Further research is warranted to validate these findings and develop targeted nutritional strategies into routine clinical practice.",ALS; body composition; malnutrition; phase angle,Journal Article,2024,Nutrients,eligible,eligible,final,complete,primary_focus,include,core,Consenso A+B,pilot-v1.1,no_pubmed_integrity_signal,2026-08-22 01:52:33.208402-03,This article is included in the NDRO core analytical corpus.,Estudo empírico original com abstract utilizável,,2026-08-22 01:52:33.208402-03
ndro-mvp-v0.1.2-20260823,2026-08-23,ALS-R-073,ALS,41250117,https://pubmed.ncbi.nlm.nih.gov/41250117/,Environmental toxins in neurodegeneration - a narrative review.,Kulcsárová Kristína; Piel Johannes Heinrich Alexander; Schaeffer Eva,"As the global incidence of neurodegenerative disorders rises at a rate beyond what can be attributed solely to population aging, the role of modifiable risk factors has come into research spotlight to inform preventive strategies. While many lifestyle interventions can be implemented at an individual level, addressing environmental pollutants that drive neurodegeneration requires a collective effort involving both public and political engagement. This narrative review summarizes current evidence on the role of selected environmental toxins-pesticides, solvents, air pollution, and heavy metals-in the development of Parkinson's Disease, Alzheimer's Disease, and Amyotrophic Lateral Sclerosis. Drawing from epidemiological and experimental studies, we highlight associations between these exposures and neurodegeneration, as well as potential converging pathophysiological mechanisms such as neuroinflammation and proteinopathy. Understanding these links may help inform public health measures aimed at reducing the burden of these diseases.",Air pollution; Alzheimer’s disease; Amyotrophic lateral sclerosis; Environmental toxins; Heavy metals; Neurodegeneration; Parkinson’s disease; Pesticides; Solvents,Journal Article; Review,2025,Neurological research and practice,eligible,excluded,final,not_applicable,,exclude,excluded_eligibility,Regra de elegibilidade,pilot-v1.1,no_pubmed_integrity_signal,2026-08-22 01:52:33.208402-03,This article is excluded because it does not meet NDRO eligibility requirements.,Revisão ou meta-análise,,2026-08-22 01:52:33.208402-03
ndro-mvp-v0.1.2-20260823,2026-08-23,ALS-R-074,ALS,42111077,https://pubmed.ncbi.nlm.nih.gov/42111077/,Efficacy and safety of pharmacological and biological therapies for amyotrophic lateral sclerosis: a network meta-analysis.,Zhou Shixun; Li Xinpeng; Jiao Yurui; Wu Juan,"BACKGROUND: Amyotrophic lateral sclerosis (ALS) is a progressive neurodegenerative disorder for which disease-modifying treatment options remain limited. This study aimed to systematically assess the efficacy and safety of pharmacological and biological therapies for ALS via a network meta-analysis (NMA).
METHODS: PubMed, EMBASE, Cochrane, and Web of Science were searched until February 25, 2025. Randomized controlled trials (RCTs) evaluating any pharmacological or biological intervention in ALS were eligible. Risk of bias was assessed using the Cochrane RoB 2 tool. A Bayesian NMA was performed in R (gemtc package). Effect estimates were expressed as mean differences (MDs) or risk ratios (RRs) with 95% credible intervals (CrIs). Interventions were ranked using the surface under the cumulative ranking curve (SUCRA). Publication bias was explored with funnel plots (Stata 18.0). Subgroup analyses were conducted for drug classes demonstrating significant efficacy and including at least three RCTs.
RESULTS: 109 trials involving 16,353 participants were included. The primary outcome was the ALS Functional Rating Scale-Revised (ALSFRS-R); secondary outcomes included forced vital capacity (FVC), mortality, and serious adverse events (SAEs). Compared with placebo, the combination of cell therapy and neuroprotective agents produced the greatest attenuation of ALSFRS-R decline (MD: 3.65, 95% CrI: 1.27-6.05) and was associated with the lowest SAE risk. Receptor agonists ranked highest for preservation of FVC, whereas alkaloids ranked first for mortality reduction; however, no intervention demonstrated a statistically significant survival benefit versus placebo. Within-class subgroup analyses further identified several specific agents, such as masitinib, talampanel, and EH301, as demonstrating relatively consistent efficacy, although substantial heterogeneity remained among enzyme inhibitors.
CONCLUSION: Cell therapy combined with neuroprotective agents may slow functional decline in ALS. Receptor agonists may help preserve respiratory function. Survival benefits remain inconclusive, underscoring the continued importance of comprehensive supportive care.
SYSTEMATIC REVIEW REGISTRATION: https://www.crd.york.ac.uk/PROSPERO/view/CRD420251000672, identifier CRD420251000672.",amyotrophic lateral sclerosis; biological therapies; Lou Gehrig’s disease; motor neuron disease; pharmacological intervention; randomized controlled trial,Journal Article; Systematic Review,2026,Frontiers in neurology,eligible,excluded,final,not_applicable,,exclude,excluded_eligibility,Regra de elegibilidade,pilot-v1.1,no_pubmed_integrity_signal,2026-08-22 01:52:33.208402-03,This article is excluded because it does not meet NDRO eligibility requirements.,Revisão ou meta-análise,,2026-08-22 01:52:33.208402-03
ndro-mvp-v0.1.2-20260823,2026-08-23,ALS-R-075,ALS,39291166,https://pubmed.ncbi.nlm.nih.gov/39291166/,"Colchicine treatment in amyotrophic lateral sclerosis: safety, biological and clinical effects in a randomized clinical trial.",Gianferrari Giulia; Cuoghi Costantini Riccardo; Crippa Valeria; Carra Serena; Bonetto Valentina; Pansarasa Orietta; Cereda Cristina; Zucchi Elisabetta; Martinelli Ilaria; Simonini Cecilia; Vicini Roberto; Fini Nicola; Trojsi Francesca; Passaniti Carla; Ticozzi Nicola; Doretti Alberto; Diamanti Luca; Fiamingo Giuseppe; Conte Amelia; Dalla Bella Eleonora; D'Errico Eustachio; Scarian Eveljn; Pasetto Laura; Antoniani Francesco; Galli Veronica; Casarotto Elena; Co-ALS Investigators Group; D'Amico Roberto; Poletti Angelo; Mandrioli Jessica,"In preclinical studies, the anti-inflammatory drug colchicine, which has never been tested in amyotrophic lateral sclerosis, enhanced the expression of autophagy factors and inhibited accumulation of transactive response DNA-binding protein 43 kDa, a known histopathological marker of amyotrophic lateral sclerosis. This multicentre, randomized, double-blind trial enrolled patients with probable or definite amyotrophic lateral sclerosis who experienced symptom onset within the past 18 months. Patients were randomly assigned in a 1:1:1 ratio to receive colchicine at a dose of 0.005 mg/kg/day, 0.01 mg/kg/day or placebo for a treatment period of 30 weeks. The number of positive responders, defined as patients with a decrease lesser than 4 points in the Amyotrophic Lateral Sclerosis Functional Rating Scale-Revised total score during the 30-week treatment period, was the primary outcome. Disease progression, survival, safety and quality of life at the end of treatment were the secondary clinical outcomes. Secondary biological outcomes included changes from baseline to treatment end of stress granule and autophagy responses, transactive response DNA-binding protein 43 kDa, neurofilament accumulation and extracellular vesicle secretion, between the colchicine and placebo groups. Fifty-four patients were randomized to receive colchicine (n = 18 for each colchicine arm) or placebo (n = 18). The number of positive responders did not differ between the placebo and colchicine groups: 2 out of 18 patients (11.1%) in the placebo group, 5 out of 18 patients (27.8%) in the colchicine 0.005 mg/kg/day group (odds ratio = 3.1, 97.5% confidence interval 0.4-37.2, P = 0.22) and 1 out of 18 patients (5.6%) in the colchicine 0.01 mg/kg/day group (odds ratio = 0.5, 97.5% confidence interval 0.01-10.2, P = 0.55). During treatment, a slower Amyotrophic Lateral Sclerosis Functional Rating Scale-Revised decline was detected in patients receiving colchicine 0.005 mg/kg/day (mean difference = 0.53, 97.5% confidence interval 0.07-0.99, P = 0.011). Eight patients experienced adverse events in placebo arm (44.4%), three in colchicine 0.005 mg/kg/day (16.7%) and seven in colchicine 0.01 mg/kg/day arm (35.9%). The differences in adverse events were not statistically significant. In conclusion, colchicine treatment was safe for amyotrophic lateral sclerosis patients. Further studies are required to better understand mechanisms of action and clinical effects of colchicine in this condition.",amyotrophic lateral sclerosis; colchicine; neuroinflammation; protein quality control; randomized clinical trial,Clinical Trial; Journal Article,2024,Brain communications,eligible,eligible,final,complete,primary_focus,include,core,Consenso A+B,pilot-v1.1,no_pubmed_integrity_signal,2026-08-22 01:52:33.208402-03,This article is included in the NDRO core analytical corpus.,Estudo empírico original com abstract utilizável,,2026-08-22 01:52:33.208402-03
ndro-mvp-v0.1.2-20260823,2026-08-23,ALS-R-076,ALS,37138766,https://pubmed.ncbi.nlm.nih.gov/37138766/,Reduced C9orf72 expression exacerbates polyGR toxicity in patient iPSC-derived motor neurons and a Type I protein arginine methyltransferase inhibitor reduces that toxicity.,Dane Therese L; Gill Anna L; Vieira Fernando G; Denton Kyle R,"INTRODUCTION: Intronic repeat expansions in the C9orf72 gene are the most frequent known single genetic causes of amyotrophic lateral sclerosis (ALS) and frontotemporal dementia (FTD). These repeat expansions are believed to result in both loss-of-function and toxic gain-of-function. Gain-of-function results in the production of toxic arginine-rich dipeptide repeat proteins (DPRs), namely polyGR and polyPR. Small-molecule inhibition of Type I protein arginine methyltransferases (PRMTs) has been shown to protect against toxicity resulting from polyGR and polyPR challenge in NSC-34 cells and primary mouse-derived spinal neurons, but the effect in human motor neurons (MNs) has not yet been explored.
METHODS: To study this, we generated a panel of C9orf72 homozygous and hemizygous knockout iPSCs to examine the contribution of C9orf72 loss-of-function toward disease pathogenesis. We differentiated these iPSCs into spinal motor neurons (sMNs).
RESULTS: We found that reduced levels of C9orf72 exacerbate polyGR15 toxicity in a dose-dependent manner. Type I PRMT inhibition was able to partially rescue polyGR15 toxicity in both wild-type and C9orf72-expanded sMNs.
DISCUSSION: This study explores the interplay of loss-of-function and gain-of-function toxicity in C9orf72 ALS. It also implicates type I PRMT inhibitors as a possible modulator of polyGR toxicity.",amyotrophic lateral sclerosis (ALS); asymmetric dimethylation; C9orf72; dipeptide repeat protein (DPR); frontotemporal dementia (FTD); hexanucleotide repeat expansion (HRE); poly-Glycine-Arginine (polyGR); protein arginine methyltransferase (PRMT),Journal Article,2023,Frontiers in cellular neuroscience,eligible,eligible,final,complete,primary_focus,include,core,Adjudicação humana,pilot-v1.1,no_pubmed_integrity_signal,2026-08-22 01:52:33.208402-03,This article is included in the NDRO core analytical corpus.,Elegibilidade confirmada durante adjudicação humana,,2026-08-22 01:52:33.208402-03
ndro-mvp-v0.1.2-20260823,2026-08-23,ALS-R-077,ALS,38359044,https://pubmed.ncbi.nlm.nih.gov/38359044/,"PERK modulation, with GSK2606414, Sephin1 or salubrinal, failed to produce therapeutic benefits in the SOD1G93A mouse model of ALS.",Vieira Fernando G; Tassinari Valerie R; Kidd Joshua D; Moreno Andrew; Thompson Kenneth; Perrin Steven; Gill Alan; Hatzipetros Theo,"Amyotrophic lateral sclerosis (ALS) has been linked to overactivity of the protein kinase RNA-like ER kinase (PERK) branch of the unfolded protein response (UPR) pathway, both in ALS patients and mouse models. However, attempts to pharmacologically modulate PERK for therapeutic benefit have yielded inconsistent and often conflicting results. This study sought to address these discrepancies by comprehensively evaluating three commonly used, CNS-penetrant, PERK modulators (GSK2606414, salubrinal, and Sephin1) in the same experimental models, with the goal of assessing the viability of targeting the PERK pathway as a therapeutic strategy for ALS. To achieve this goal, a tunicamycin-challenge assay was developed using wild-type mice to monitor changes in liver UPR gene expression in response to PERK pathway modulation. Subsequently, multiple dosing regimens of each PERK modulator were tested in standardized, well-powered, gender-matched, and litter-matched survival efficacy studies using the SOD1G93A mouse model of ALS. The alpha-2-adrenergic receptor agonist clonidine was also tested to elucidate the results obtained from the Sephin1, and of the previously reported guanabenz studies, by comparing the effects of presence or absence of α-2 agonism. The results revealed that targeting PERK may not be an ideal approach for ALS treatment. Inhibiting PERK with GSK2606414 or activating it with salubrinal did not confer therapeutic benefits. While Sephin1 showed some promising therapeutic effects, it appears that these outcomes were mediated through PERK-independent mechanisms. Clonidine also produced some favorable therapeutic effects, which were unexpected and not linked to the UPR. In conclusion, this study highlights the challenges of pharmacologically targeting PERK for therapeutic purposes in the SOD1G93A mouse model and suggests that exploring other targets within, and outside, the UPR may be more promising avenues for ALS treatment.",,"Journal Article; Research Support, Non-U.S. Gov't",2024,PloS one,eligible,eligible,final,complete,primary_focus,include,core,Consenso A+B,pilot-v1.1,no_pubmed_integrity_signal,2026-08-22 01:52:33.208402-03,This article is included in the NDRO core analytical corpus.,Estudo empírico original com abstract utilizável,,2026-08-22 01:52:33.208402-03
ndro-mvp-v0.1.2-20260823,2026-08-23,ALS-R-078,ALS,38725125,https://pubmed.ncbi.nlm.nih.gov/38725125/,Establishment of a registry of clinical data and bioresources for rare nervous system diseases.,Kim Dayoung; Kim Sooyoung; Seok Jin Myoung; Shin Kyong Jin; Oh Eungseok; Jeon Mi Young; Park Joungkyu; Chang Hee Jin; Youn Jinyoung; Oh Jeeyoung; Sohn Eunhee; Park Jinse; Cho Jin Whan; Kim Byoung Joon,"Rare diseases are predominantly genetic or inherited, and patients with these conditions frequently exhibit neurological symptoms. Diagnosing and treating many rare diseases is a complex challenge, and their low prevalence complicates the performance of research, which in turn hinders the advancement of therapeutic options. One strategy to address this issue is the creation of national or international registries for rare diseases, which can help researchers monitor and investigate their natural progression. In the Republic of Korea, we established a registry across 5 centers that focuses on 3 rare diseases, all of which are characterized by gait disturbances resulting from motor system dysfunction. The registry will collect clinical information and human bioresources from patients with amyotrophic lateral sclerosis, spinocerebellar ataxia, and hereditary spastic paraplegia. These resources will be stored at ICreaT and the National Biobank of Korea. Once the registry is complete, the data will be made publicly available for further research. Through this registry, our research team is dedicated to identifying genetic variants that are specific to Korean patients, uncovering biomarkers that show a strong correlation with clinical symptoms, and leveraging this information for early diagnosis and the development of treatments.",Data collection; Health resources; Nervous system; Rare diseases,Journal Article,2024,Osong public health and research perspectives,eligible,excluded,final,not_applicable,,exclude,excluded_eligibility,Human semantic-extraction adjudication v1.1,pilot-v1.1,no_pubmed_integrity_signal,2026-08-22 01:52:33.208402-03,This article is excluded because it does not meet NDRO eligibility requirements.,Registry establishment report describing future data collection without empirical participant results.,,2026-08-22 01:52:33.208402-03
ndro-mvp-v0.1.2-20260823,2026-08-23,ALS-R-079,ALS,39454934,https://pubmed.ncbi.nlm.nih.gov/39454934/,A variant of the Hspa8 synaptic chaperone modifies disease in a SOD1G86R mouse model of amyotrophic lateral sclerosis.,Takeda Taishi; Her Yoon-Ra; Kim Jeong-Ki; Jha Narendra N; Monani Umrao R,"Amyotrophic lateral sclerosis (ALS) is a relatively common and invariably fatal, paralyzing motor neuron disease for which there are few treatment options. ALS is frequently associated with ubiquitin-positive motor neuronal aggregates, a pathology suggestive of perturbed proteostasis. Indeed, cellular chaperones, which are involved in protein trafficking and degradation often underlie familial ALS. Spinal muscular atrophy (SMA) is a second, common paralytic condition resulting from motor neuron loss and muscle atrophy. While SMA is now effectively treated, mechanisms underlying motor neuron degeneration in the disease remain far from clear. To address mechanistic questions about SMA, we recently identified a genetic modifier of the disease. The factor, a G470R variant in the constitutively expressed cellular chaperone, Hspa8, arrested motor neuron loss, prevented the abnormal accumulation of neurofilament aggregates at nerve terminals and suppressed disease. Hspa8 is best known for its role in autophagy. Amongst its many clients is the ALS-associated superoxide dismutase 1 (SOD1) protein. Given its suppression of the SMA phenotype, we tested potential disease-mitigating effects of Hspa8G470R in a mutant SOD1 mouse model of ALS. Unexpectedly, disease in mutant SOD1 mice expressing the G470R variant was aggravated. Motor performance of the mice deteriorated, muscle atrophy worsened, and lifespan shrunk even further. Paradoxically, SOD1 protein in spinal cord tissue of the mice was dramatically reduced. Our results suggest that Hspa8 modulates the ALS phenotype. However, rather than mitigating disease, the G470R variant exacerbates it.",Amyotrophic lateral sclerosis; Hspa8; Modifier; Mouse models; SOD1; Spinal muscular atrophy,Journal Article,2024,Experimental neurology,eligible,eligible,final,complete,primary_focus,include,core,Consenso A+B,pilot-v1.1,no_pubmed_integrity_signal,2026-08-22 01:52:33.208402-03,This article is included in the NDRO core analytical corpus.,Estudo empírico original com abstract utilizável,,2026-08-22 01:52:33.208402-03
ndro-mvp-v0.1.2-20260823,2026-08-23,ALS-R-080,ALS,40249895,https://pubmed.ncbi.nlm.nih.gov/40249895/,"Author Response: Physical Activity, Fitness, and Long-Term Risk of Amyotrophic Lateral Sclerosis: A Prospective Cohort Study.",Vaage Anders Myhre; Nakken Ola,,,Letter,2025,Neurology,excluded,excluded,final,not_applicable,,exclude,excluded_eligibility,Regra de elegibilidade,pilot-v1.1,no_pubmed_integrity_signal,2026-08-22 01:52:33.208402-03,This article is excluded because it does not meet NDRO eligibility requirements.,Abstract ausente,Abstract missing from the public PubMed record.,2026-08-22 01:52:33.208402-03
ndro-mvp-v0.1.2-20260823,2026-08-23,ALS-R-42568821,ALS,42568821,https://pubmed.ncbi.nlm.nih.gov/42568821/,"From neural development to regenerative medicine: A research journey in stem cell biology, spinal cord repair, and iPSC-based drug discovery.",Okano Hideyuki,"This commemorative article reflects on a research journey spanning neural development, stem cell biology, regenerative medicine, and iPSC-based drug discovery. My early work focused on RNA-mediated regulation in the nervous system, including studies on myelin basic protein gene regulation and the identification and functional characterization of the RNA-binding protein Musashi. These studies contributed to the conceptual foundation of neural stem cell biology and helped establish methods for identifying and isolating neural stem/progenitor cells, including those present in the adult human brain. Building on this foundation, my colleagues and I pursued translational research in spinal cord injury, ranging from analyses of injury pathophysiology and molecular interventions to preclinical studies using rodent and non-human primate models. These efforts ultimately led to the first-in-human clinical study of induced pluripotent stem cell-derived neural stem/progenitor cell transplantation for subacute spinal cord injury. In parallel, we developed patient-derived iPSC platforms for neurological disease modeling and drug discovery, particularly for amyotrophic lateral sclerosis, where iPSC-based screening identified Ropinirole as a therapeutic candidate and enabled reverse translational research linking cellular phenotypes with clinical responses. Looking ahead, I argue that the future of regenerative therapy will depend on the continued integration of developmental biology, stem cell science, disease modeling, rehabilitation, and clinical translation to address unmet medical needs in disorders of the central nervous system.",Amyotrophic lateral sclerosis; Induced pluripotent stem cells; Neural stem cells; Regenerative medicine; Spinal cord injury,Journal Article; Review,2026,Regenerative therapy,eligible,excluded,final,not_applicable,,exclude,excluded_eligibility,Deterministic eligibility rule,eligibility-v1.1-update-20260822,no_pubmed_integrity_signal,2026-08-22 12:22:52.019764-03,This article is excluded because it does not meet NDRO eligibility requirements.,not_original_empirical_research,,2026-08-22 12:22:52.019764-03
ndro-mvp-v0.1.2-20260823,2026-08-23,ALS-R-42613775,ALS,42613775,https://pubmed.ncbi.nlm.nih.gov/42613775/,Integrated In Silico Discovery of Thymoquinone Analogs Targeting the Keap1-Nrf2 Pathway for Amyotrophic Lateral Sclerosis Therapy.,Nalicho Jabir C; Mabeyo Petro E; Paluch Andrew S; Paul Lucas,"Oxidative stress drives neuronal vulnerability in amyotrophic lateral sclerosis (ALS), making the Keap1-Nrf2 pathway a vital therapeutic target. While thymoquinone (TQ) modulates this axis, its efficacy is limited by low potency and poor drug-likeness. We utilized an integrated in silico workflow-including validated QSAR modeling (R2 = 0.68, Q2 ext = 0.66), ADMET profiling, docking, 200 ns molecular dynamics, and MM-PBSA analysis-to identify improved TQ-derived Keap1 inhibitors. Screening 64 analogs prioritized three leads (CHEMBL3416163, CHEMBL4636830, and CHEMBL221598) with favorable safety and blood-brain barrier permeability. Docking and dynamics confirmed these analogs form stable interactions with Kelch domain hotspots. MM-PBSA calculations revealed significantly enhanced binding free energies (-75.10 to -93.79 kJ mol-1) compared to parent TQ (-21.05 kJ mol-1), driven primarily by van der Waals and hydrophobic forces. This study identifies structurally tractable TQ analogs with improved predicted potency and establishes a robust computational framework for neuroprotective discovery. The prioritized leads are compelling candidates for in vitro and in vivo validation as redox-modulating agents in ALS.",amyotrophic lateral sclerosis; Keap1–Nrf2 signaling; medicinal chemistry; molecular dynamics; molecular modeling; oxidative stress; QSAR modeling,Journal Article,2026,ChemistryOpen,eligible,eligible,semantic_pending,pending,,,,,eligibility-v1.1-update-20260822,no_pubmed_integrity_signal,2026-08-22 12:22:52.019764-03,This record has not yet received a final NDRO classification.,eligible_original_research_with_adequate_english_scientific_abstract,,2026-08-22 12:39:55.173011-03
ndro-mvp-v0.1.2-20260823,2026-08-23,ALS-R-42614372,ALS,42614372,https://pubmed.ncbi.nlm.nih.gov/42614372/,i.c.v. delivery of AAV9-synapsin-promoted caveolin-1 attenuates neuromuscular deficits and neuromuscular degeneration in hSOD1G93A mice.,Watanabe Noriyuki; Kawahori Yumi; Ta Vinh; Wang Dongsheng; Ohgi Kenneth A; Wang Hongxia; Kleschevnikova Natalia; Ishikawa Eiichi; Head Brian P,"Practical and broad biodistributable gene delivery interventions are essential for advancing therapeutic strategies targeting neurodegenerative diseases such as amyotrophic lateral sclerosis (ALS). We previously demonstrated that subpial delivery of AAV9-synapsin-promoted caveolin-1 (SynCav1) afforded significant neuroprotective effects in mutant superoxide dismutase (SOD)-1-induced ALS pathology. However, subpial delivery is regionally restricted, technically challenging, and highly invasive. This study evaluated whether the intracerebroventricular (i.c.v.) route of administration (ROA), an alternative CNS delivery strategy less invasive than direct spinal cord injections, could achieve broader CNS biodistribution and produce functional or histological benefits in hSOD1G93A mice. i.c.v. administration of AAV9-SynCav1 achieved widespread Cav-1 overexpression in the motor cortex and spinal cord. SynCav1-treated male mice exhibited improved running wheel (RW) performance and better motor-evoked potentials. Immunofluorescence revealed attenuated degeneration of cholinergic motor neurons (MNs) in the cervical and lumbar ventral horn, as well as preserved diaphragm neuromuscular junction (NMJ) innervation in SynCav1-treated mice. These findings serve as preclinical proof of concept that i.c.v. delivery of AAV9-SynCav1 can achieve CNS target engagement and produce selective functional and anatomical benefits in hSOD1G93A mice.",AAV9-SynCav1; amyotrophic lateral sclerosis; caveolin-1; intracerebroventricular administration; motor neuron; neuroprotection,Journal Article,2026,Molecular therapy. Advances,eligible,eligible,semantic_pending,pending,,,,,eligibility-v1.1-update-20260822,no_pubmed_integrity_signal,2026-08-22 12:22:52.019764-03,This record has not yet received a final NDRO classification.,eligible_original_research_with_adequate_english_scientific_abstract,,2026-08-22 12:39:55.173011-03
ndro-mvp-v0.1.2-20260823,2026-08-23,ALS-R-42614391,ALS,42614391,https://pubmed.ncbi.nlm.nih.gov/42614391/,Neutralization of pathogenic PC-OxPL by AAV-delivered scFv as a therapeutic strategy for amyotrophic lateral sclerosis.,Gomes-Duarte Andreia; Wong Jamie K; Moro Alessandro; Pasteuning-Vuhman Svetlana; Pos Wouter; Haselberg Rob; Sogorb-González Marina; Pascoal Sofia; Borst Linda; Chatterjee Madhurima; Giera Martin; Tsimikas Sotirios; Sadiq Saud A; van Deventer Sander,"Amyotrophic lateral sclerosis (ALS) is a fatal neurodegenerative disorder defined by progressive motor neuron loss and TDP-43 proteinopathy, yet the upstream drivers of this pathology remain unclear. Oxidized phosphatidylcholines (PC-OxPL) have emerged as potent inducers of proteinopathy in the central nervous system (CNS), but their role in ALS has not been systematically explored. We identify a distinct PC-OxPL signature in the cerebrospinal fluid (CSF) of patients with sporadic ALS (sALS) and show that apolipoprotein E (apoE)-containing particles are the primary PC-OxPL carriers in this compartment. In human iPSC-derived motor neurons, PC-OxPL exposure triggered disease-relevant transcriptional alterations and TDP-43 pathology, establishing PC-OxPL as a mediator of ALS-like neurodegeneration in vitro. To counteract this toxicity, we engineered an Adeno-Associated Virus (AAV)-delivered single-chain antibody fragment (scFv), PC-OxPL-VecTab, targeting PC-OxPL neoepitopes. PC-OxPL-VecTab neutralized PC-OxPL-induced neurotoxicity, reduced TDP-43 aggregation, and prevented motor neuron death and behavioral deficits in a sALS CSF transfer mouse model. Intrathecal delivery of PC-OxPL-VecTab in minipigs achieved broad CNS biodistribution and transgene expression, supporting the feasibility of CNS delivery. These findings position PC-OxPL as a mechanistic contributor to ALS pathogenesis and establish PC-OxPL-VecTab as a therapeutic strategy for ALS with potential broader applicability to disorders associated with PC-OxPL accumulation.",amyotrophic lateral sclerosis; apolipoprotein E; gene therapy; oxidized phosphatidylcholines; TAR DNA-binding protein 43,Journal Article,2026,Molecular therapy. Advances,eligible,eligible,semantic_pending,pending,,,,,eligibility-v1.1-update-20260822,no_pubmed_integrity_signal,2026-08-22 12:22:52.019764-03,This record has not yet received a final NDRO classification.,eligible_original_research_with_adequate_english_scientific_abstract,,2026-08-22 12:39:55.173011-03
ndro-mvp-v0.1.2-20260823,2026-08-23,ALS-R-42620667,ALS,42620667,https://pubmed.ncbi.nlm.nih.gov/42620667/,Antisense oligonucleotide treatment following viral delivery of artificial SOD1-targeting miRNA shows improved efficacy in SOD1-G93A mice.,Hawley Zachary C E; Guise Amanda J; Pardo Ingrid D; Chowdhury Twinkle; Hana Sam; Zavodszky Maria I; Engle Linda; Wiltberger Kelly; Bartlett Dan; Raitcheva Denitza; Bommegowda Santhosh; Lee Wan-Hung; Chen Shukkwan K; Sheehy Adam; Driscoll Rachelle; Peterson Michael; Sebalusky Jennifer; Hamann Stefan; Marsh Galina; Doherty Jessica; Chicoine Kay-Ellen; Cundiff Paige; Dwyer Sean; Clarner Pete; Zeng Weike; Ferretti Daniel; Tuczkewycz Taras; Isaza Isabel; Patrovanie Melissa; Mcgladrigan Collin; Chu Jenhwa; Morrison James P; Arnold H Moore; Shen Shen; Hurt Jessica A; Trapa Patrick; Graham Danielle L; Plowey Edward D; Lo Shih-Ching,"Adeno-associated virus (AAV) artificial microRNAs (amiRNAs) targeting superoxide dismutase 1 (SOD1) have been proposed as a therapeutic strategy for people living with amyotrophic lateral sclerosis (ALS) who harbor toxic gain-of-function variants in the SOD1 gene. Clinical efforts have primarily focused on AAV delivery via the cerebrospinal fluid (CSF), as blood-brain-barrier-crossing capsids are still being developed preclinically. However, intra-CSF delivery has been shown to be highly variable and increases the risk for AAV-related adverse events such as dorsal root ganglion (DRG) toxicity. Here, we show that immunosuppressants (IMS) following intra-CSF delivery of AAV9-amiR-SOD1 in non-human primates (NHPs) prevented AAV-related DRG toxicity, and this benefit was maintained for over 300 days even after immunotherapy stopped at 90 days post-AAV treatment. In line with prior literature, we found intra-CSF delivery of AAV9-amiR-SOD1 to be highly variable in adult mice and NHPs, requiring higher doses of virus to achieve efficacious endpoints. To address this concern, we developed a proof-of-principle study showing that AAV9-amiR-SOD1, in combination with a SOD1-targeting antisense oligonucleotide, provided an additive therapeutic benefit in SOD1-G93A mice compared with AAV9-amiR-SOD1 alone. This combinatorial approach lowered the viral load needed to reach efficacious endpoints, which could mitigate AAV-related adverse events alongside IMS.",AAV; adeno-associated virus; ALS; antisense oligonucleotides; artificial miRNAs; gene therapy; SOD1,Journal Article,2026,Molecular therapy. Advances,eligible,eligible,semantic_pending,pending,,,,,eligibility-v1.1-update-20260822,no_pubmed_integrity_signal,2026-08-22 12:22:52.019764-03,This record has not yet received a final NDRO classification.,eligible_original_research_with_adequate_english_scientific_abstract,,2026-08-22 12:39:55.173011-03
ndro-mvp-v0.1.2-20260823,2026-08-23,FTD-R-001,FTD,21986681,https://pubmed.ncbi.nlm.nih.gov/21986681/,Guam dementia syndrome revisited in 2011.,Lee Suzee E,"PURPOSE OF REVIEW: This review covers the amyotrophic lateral sclerosis (ALS)/parkinsonism dementia complex (PDC) of Guam. Clinical and epidemiological characteristics, genetic possible and environmental causes, and neuropathological features of the disease are discussed.
RECENT FINDINGS: Recent studies of clinical syndromes and neuropathological studies are compared with previous descriptions of the disease. The latest genetic and environmental studies are also reviewed.
SUMMARY: In recent years, understanding of the molecular pathogenesis of neurodegenerative diseases has evolved. ALS/PDC shares neuropathological features found in many neurodegenerative diseases such as Alzheimer's disease, Lewy body disease, and frontotemporal lobar degeneration. Thus, examining ALS/PDC may provide further explanations on how various proteins seen in neurodegenerative disorders may be interrelated.",,"Historical Article; Journal Article; Research Support, Non-U.S. Gov't; Review",2011,Current opinion in neurology,eligible,excluded,final,not_applicable,,exclude,excluded_eligibility,Regra de elegibilidade,pilot-v1.1,no_pubmed_integrity_signal,2026-08-22 01:52:33.208402-03,This article is excluded because it does not meet NDRO eligibility requirements.,Revisão ou meta-análise,,2026-08-22 01:52:33.208402-03
ndro-mvp-v0.1.2-20260823,2026-08-23,FTD-R-002,FTD,21923634,https://pubmed.ncbi.nlm.nih.gov/21923634/,Comparing the clinical usefulness of the Institute of Cognitive Neurology (INECO) Frontal Screening (IFS) and the Frontal Assessment Battery (FAB) in frontotemporal dementia.,Gleichgerrcht Ezequiel; Roca María; Manes Facundo; Torralva Teresa,"We compared the utility of two executive-function brief screening tools, the Institute of Cognitive Neurology (INECO) Frontal Screening (IFS) and the Frontal Assessment Battery (FAB), in their ability to detect executive dysfunction in a group of behavioral variant frontotemporal dementia (bv-FTD, n = 25) and Alzheimer's disease (AD, n = 25) patients in the early stages of their disease and in comparison to a group of age-, gender-, and education-matched controls (n = 26). Relative to the FAB, the IFS showed (a) better capability to differentiate between types of dementia; (b) higher sensitivity and specificity for the detection of executive dysfunction; (c) stronger correlations with standard executive tasks. We conclude that while both tools are brief and specific for the detection of early executive dysfunction in dementia, the IFS is more sensitive and specific in differentiating bvFTD from AD, and its use in everyday clinical practice can contribute to the differential diagnosis between types of dementia.",,"Comparative Study; Journal Article; Research Support, Non-U.S. Gov't",2011,Journal of clinical and experimental neuropsychology,eligible,eligible,final,complete,co_primary_focus,include,core,Consenso A+B,pilot-v1.1,no_pubmed_integrity_signal,2026-08-22 01:52:33.208402-03,This article is included in the NDRO core analytical corpus.,Estudo empírico original com abstract utilizável,,2026-08-22 01:52:33.208402-03
ndro-mvp-v0.1.2-20260823,2026-08-23,FTD-R-003,FTD,20858950,https://pubmed.ncbi.nlm.nih.gov/20858950/,The speech and language FOXP2 gene modulates the phenotype of frontotemporal lobar degeneration.,Padovani Alessandro; Cosseddu Maura; Premi Enrico; Archetti Silvana; Papetti Alice; Agosti Chiara; Bigni Barbara; Cerini Carlo; Paghera Barbara; Bellelli Giuseppe; Borroni Barbara,"The FOXP2 gene is mutated in a severe monogenic form of speech and language deficits, but no study on the influence of genetic variations within FOXP2 in neurological disorders characterized by language impairment is available yet. In the present study, we investigated the impact of common FOXP2 polymorphisms with regard to frontotemporal lobar degeneration (FTLD). Two-hundred ten FTLD patients underwent clinical and a wide standardized neuropsychological examination as well as brain imaging. In all patients, and in 200 age-matched healthy controls, four FOXP2 polymorphisms were evaluated, namely rs2396753, rs1456031, rs17137124 and rs1852469. SPECT images were analyzed by Statistical Parametric Mapping (SPM5). No significant differences of the four FOXP2 polymorphisms in genotype distribution and allele frequency between FTLD and controls were observed. A significant and specific association between rs1456031 TT and rs17137124 TT genotypes and verbal fluency scores was reported. The two polymorphisms showed an addictive effect. When the analysis was computed on the number of observations over time, and 391 assessments considered, comparable results were obtained. FTLD patients carrying at-risk polymorphisms showed greater hypoperfusion in the frontal areas, namely the left inferior frontal gyrus, and putamen, compared to the non-carriers (p < 0.005). Genetic variations within FOXP2 do not represent a genetic risk to FTLD per se, but modulate FTLD presentation when disease is overt, affecting language performances and leading to hypoperfusion in language-associated brain areas.",,"Comparative Study; Journal Article; Research Support, Non-U.S. Gov't",2010,Journal of Alzheimer's disease : JAD,eligible,eligible,final,complete,primary_focus,include,core,Consenso A+B,pilot-v1.1,no_pubmed_integrity_signal,2026-08-22 01:52:33.208402-03,This article is included in the NDRO core analytical corpus.,Estudo empírico original com abstract utilizável,,2026-08-22 01:52:33.208402-03
ndro-mvp-v0.1.2-20260823,2026-08-23,FTD-R-004,FTD,22322305,https://pubmed.ncbi.nlm.nih.gov/22322305/,Atomic identification of fluorescent Q-dots on tau-positive fibrils in 3D-reconstructed pick bodies.,Uematsu Miho; Adachi Eijiro; Nakamura Ayako; Tsuchiya Kuniaki; Uchihara Toshiki,"Pick body disease, characterized by the presence of Pick bodies, is distinguished from neurofibrillary tangles in Alzheimer disease on the basis of their smooth, spherical shape. Quantum dots (QDs) are nanometer-scale, water-soluble fluorophores that are detectable both as a fluorescent signal by light microscopy and as electron-dense particles under electron microscopy. In this study, tau-positive Pick bodies were immunofluorescently labeled with QD nanocrystals composed of cadmium selenide for three-dimensional (3D) reconstruction and subsequently subjected to electron microscopic observation to identify QD immunolabeling on the same Pick body for comparison in detail. The identity of the QD nanocrystals, which label the tau-positive fibrils, was confirmed by the presence of both cadmium and selenium on these nanocrystals, demonstrated as parallel peaks corresponding to these atoms on energy-dispersive X-ray spot analysis under super-resolution scanning transmission electron microscopy. This confirmation of the specificity of the QD labeling through both its fluorescence and energy-dispersive X-ray spectra reinforces the reliability of the labeling. In addition, this exact comparison of the same structure by electron microscopy and 3D light microscopy demonstrates how its ultrastructural details are related to its surrounding structures on a 3D basis, providing further insights into how molecules woven into specific pathological ultrastructures are at work in situ.",,"Journal Article; Research Support, Non-U.S. Gov't",2012,The American journal of pathology,eligible,eligible,final,complete,primary_focus,include,core,Consenso A+B,pilot-v1.1,no_pubmed_integrity_signal,2026-08-22 01:52:33.208402-03,This article is included in the NDRO core analytical corpus.,Estudo empírico original com abstract utilizável,,2026-08-22 01:52:33.208402-03
ndro-mvp-v0.1.2-20260823,2026-08-23,FTD-R-005,FTD,23189052,https://pubmed.ncbi.nlm.nih.gov/23189052/,Is the subcallosal medial prefrontal cortex a common site of atrophy in Alzheimer's disease and frontotemporal lobar degeneration?,Lindberg Olof; Westman Eric; Karlsson Sari; Ostberg Per; Svensson Leif A; Simmons Andrew; Wahlund Lars-Olof,"Regions affected late in neurodegenerative disease are thought to be anatomically connected to regions affected earlier. The subcallosal medial prefrontal cortex (SMPC) has connections with the dorsolateral prefrontal cortex (DLPFC), orbitofrontal cortex (OFC), and hippocampus (HC), which are regions that may become atrophic in frontotemporal lobar degeneration (FTLD) and Alzheimer's disease (AD). We hypothesized that the SMPC is a common site of frontal atrophy in the FTLD subtypes and in AD. The volume of the SMPC, DLPFC, OFC, HC, and entorhinal cortex (EC) were manually delineated for 12 subjects with frontotemporal dementia (FTD), 13 with semantic dementia (SD), 9 with progressive nonfluent aphasia (PNFA), 10 AD cases, and 13 controls. Results revealed significant volume loss in the left SMPC in FTD, SD, and PNFA, while the right SMPC was also atrophied in SD and FTD. In AD a non significant tendency of volume loss in the left SMPC was found (p = 0.08), with no volume loss on the right side. Results indicated that volume loss reflected the degree of brain connectivity. In SD and AD temporal regions displayed most atrophy. Among the frontal regions, the SMPC (which receives the strongest temporal projections) demonstrated most volume loss, the OFC (which receives less temporal projections) less volume loss, while the DLPFC (which is at multisynaptic distance from the temporal regions) demonstrated no volume loss. In PNFA, the left SMPC was atrophic, possibly reflecting progression from the left anterior insula, while FTD patients may have had SMPC atrophy at the initial stages of the disease. Atrophy of the SMPC may thus be affected by either initial temporal or initial frontal atrophy, making it a common site of frontal atrophy in the dementia subtypes investigated.",Alzheimer's disease; frontotemporal dementia; MRI; subcallosal medial prefrontal cortex,Journal Article,2012,Frontiers in aging neuroscience,eligible,eligible,final,complete,co_primary_focus,include,core,Consenso A+B,pilot-v1.1,no_pubmed_integrity_signal,2026-08-22 01:52:33.208402-03,This article is included in the NDRO core analytical corpus.,Estudo empírico original com abstract utilizável,,2026-08-22 01:52:33.208402-03
ndro-mvp-v0.1.2-20260823,2026-08-23,FTD-R-006,FTD,22133803,https://pubmed.ncbi.nlm.nih.gov/22133803/,Overexpression of TDP-43 causes partially p53-dependent G2/M arrest and p53-independent cell death in HeLa cells.,Lee Kikyo; Suzuki Hiroaki; Aiso Sadakazu; Matsuoka Masaaki,"It has been hypothesized that the dysregulation of transactive response DNA-binding protein-43 (TDP-43) in neurons is closely linked to the pathogenesis of amyotrophic lateral sclerosis and frontotemporal lobar degeneration with ubiquitinated inclusions. However, it remains undefined whether the dysregulation of TDP-43 in non-neuronal cells, such as glial cells, contributes to the pathogenesis of these neurodegenerative diseases. Primarily using HeLa cells, we show that a low-grade overexpression of TDP-43, 2- to 5-fold greater than endogenous expression, which is thought to mimic the gain of function of TDP-43, induced cell cycle arrest at the G2/M phase and cell death in cultured non-neuronal cells. Since the activation of p53 may induce G2/M arrest and/or cell death in many abnormal situations, we examined the mechanism underlying G2/M arrest from the standpoint of p53 regulation. It was determined that the TDP-43-induced G2/M arrest was attenuated, while TDP-43-induced death was not attenuated, in cells in which the p53 function was compromised. These data collectively indicate that TDP-43 causes G2/M arrest in a partially p53-dependent manner and it causes cell death in a p53-independent manner in cycling cells. Because it is likely that the impaired proliferation in glial cells causes a decrease in the neuron-supporting ability, these findings further suggests that the gain of function of TDP-43 may cause neurotoxicity by inducing cell cycle arrest and death in glial cells.",,"Journal Article; Research Support, Non-U.S. Gov't",2011,Neuroscience letters,eligible,eligible,final,complete,shared_mechanism,separate_view,separate,Consenso A+B,pilot-v1.1,no_pubmed_integrity_signal,2026-08-22 01:52:33.208402-03,This original study is preserved in a separate analytical view.,Estudo empírico original com abstract utilizável,,2026-08-22 01:52:33.208402-03
ndro-mvp-v0.1.2-20260823,2026-08-23,FTD-R-007,FTD,21072965,https://pubmed.ncbi.nlm.nih.gov/21072965/,[Frontotemporal lobar degeneration: a diagnostic challenge].,Remes Anne M,"Frontotemporal lobar degeneration (FTLD) is a common cause of dementia in population of under 65 years old. FTLD manifests clinically with progressive behavioural problems and personality changes and/or language impairment. There are no disease-modifying treatments for FTLD. Symptomatic treatments such as selective serotonin reuptake inhibitors and atypical antipsychotic agents are frequently used to manage behavioural symptoms. Immunohistochemical findings have clarified neuropathological classification of the disease. Family history of dementia is positive in approximately 30-50% of FTLD cases. Mutations in five different genes are known to cause FTLD, but these mutations seem to be rare in the Finnish population.",,English Abstract; Journal Article; Review,2010,Duodecim; laaketieteellinen aikakauskirja,eligible,excluded,final,not_applicable,,exclude,excluded_eligibility,Regra de elegibilidade,pilot-v1.1,no_pubmed_integrity_signal,2026-08-22 01:52:33.208402-03,This article is excluded because it does not meet NDRO eligibility requirements.,Revisão ou meta-análise,,2026-08-22 01:52:33.208402-03
ndro-mvp-v0.1.2-20260823,2026-08-23,FTD-R-008,FTD,23782232,https://pubmed.ncbi.nlm.nih.gov/23782232/,Epilepsy and brain injury: a case report of a dramatic neuropsychiatric vicious circle.,Rapinesi Chiara; Del Casale Antonio; Serata Daniele; Kotzalidis Giorgio D; Scatena Paola; Muzi Antonio; Lazanio Simone; Savoja Valeria; Carbonetti Paolo; Fensore Claudio; Ferracuti Stefano; Angeletti Gloria; Tatarelli Roberto; Girardi Paolo,"PRIMARY OBJECTIVE: Early treatment of epilepsy is warranted to avoid possible severe consequences. This study aimed to assess the value of treatment in a patient who developed epilepsy after major brain surgery.
DESIGN: Case description. A 51 years-old man had a history of putative petit mal seizures since adolescence and left frontotemporal lobectomy after a major traffic accident at age 17. He subsequently developed quickly generalizing partial complex seizures, associated with severe behavioural alterations and personality changes; the condition was left untreated. A further seizure-related loss of consciousness led to another traffic accident at age 47.
METHODS AND PROCEDURES: The patient was administered 200 mg/day topiramate, 600 mg/day quetiapine, 1000 mg/day valproate, 1200 mg/day gabapentin and 800 mg/day carbamazepine.
MAIN OUTCOMES AND RESULTS: The instituted anti-epileptic treatment reduced seizure frequency and severity, but did not affect psychiatric symptomatology, which even worsened. An association between anti-epileptic drugs with mood stabilizing properties and an atypical anti-psychotic dramatically improved psychiatric symptoms, but did not prevent the patient from needing long-term healthcare.
CONCLUSIONS: Long-term untreated epilepsy may expose to accident proneness and further psychiatric deterioration. Early diagnosis and treatment of epilepsy may help in avoiding a potentially lethal vicious circle.",,Case Reports; Journal Article,2013,Brain injury,eligible,excluded,final,not_applicable,,exclude,excluded_eligibility,Regra de elegibilidade,pilot-v1.1,no_pubmed_integrity_signal,2026-08-22 01:52:33.208402-03,This article is excluded because it does not meet NDRO eligibility requirements.,Relato ou série de casos,,2026-08-22 01:52:33.208402-03
ndro-mvp-v0.1.2-20260823,2026-08-23,FTD-R-009,FTD,23748725,https://pubmed.ncbi.nlm.nih.gov/23748725/,[Psychopathological spectrum in behavioral variant frontotemporal dementia].,Poletti Michele; Bonuccelli Ubaldo,"BACKGROUND: The aim of this study was to describe the psychopathological spectrum of behavioral variant frontotemporal dementia.
METHODS: The clinical pictures of 8 patients with a diagnosis of behavioral variant frontotemporal dementia are presented, focusing on psychopathological alterations, neurocognitive functioning and neuroimaging.
RESULTS: 5 patients have a positive psychiatric history; from the psychopathological point of view, 5 patients mainly present an externalizing/disinhibited symptomatology and 3 patients mainly present an internalizing/apathetic symptomatology; the clinical onset is usually insidious, with a progressive course and a lack of insight related to behavioral and personality changes. From the cognitive point of view, 2 patients present a preserved neuropsychological profile, while 6 patients present several cognitive deficits, mainly episodic memory and executive functions, both dorsolateral and orbital. With regard to neuroimaging, a heterogeneous pattern emerged, with the majority of patients showing cortical atrophy and frontotemporal hypometabolism.
CONCLUSIONS: Behavioral variant frontotemporal dementia is clinically characterized by a wide spectrum of psychopathological alterations, including both an externalizing/disinhibited symptomatology and an internalizing/apathetic symptomatology. The neuropsychological assessment may detect early cognitive deficits, especially of prefrontal executive functions; the heterogeneity of neuroimaging findings suggests to add neuroimaging diagnostic criteria to actual behavioral diagnostic",,Case Reports; English Abstract; Journal Article,2013,Rivista di psichiatria,eligible,excluded,final,not_applicable,,exclude,excluded_eligibility,Regra de elegibilidade,pilot-v1.1,no_pubmed_integrity_signal,2026-08-22 01:52:33.208402-03,This article is excluded because it does not meet NDRO eligibility requirements.,Relato ou série de casos,,2026-08-22 01:52:33.208402-03
ndro-mvp-v0.1.2-20260823,2026-08-23,FTD-R-010,FTD,23250955,https://pubmed.ncbi.nlm.nih.gov/23250955/,Optimally efficient neural systems for processing spoken language.,Zhuang Jie; Tyler Lorraine K; Randall Billi; Stamatakis Emmanuel A; Marslen-Wilson William D,"Cognitive models claim that spoken words are recognized by an optimally efficient sequential analysis process. Evidence for this is the finding that nonwords are recognized as soon as they deviate from all real words (Marslen-Wilson 1984), reflecting continuous evaluation of speech inputs against lexical representations. Here, we investigate the brain mechanisms supporting this core aspect of word recognition and examine the processes of competition and selection among multiple word candidates. Based on new behavioral support for optimal efficiency in lexical access from speech, a functional magnetic resonance imaging study showed that words with later nonword points generated increased activation in the left superior and middle temporal gyrus (Brodmann area [BA] 21/22), implicating these regions in dynamic sound-meaning mapping. We investigated competition and selection by manipulating the number of initially activated word candidates (competition) and their later drop-out rate (selection). Increased lexical competition enhanced activity in bilateral ventral inferior frontal gyrus (BA 47/45), while increased lexical selection demands activated bilateral dorsal inferior frontal gyrus (BA 44/45). These findings indicate functional differentiation of the fronto-temporal systems for processing spoken language, with left middle temporal gyrus (MTG) and superior temporal gyrus (STG) involved in mapping sounds to meaning, bilateral ventral inferior frontal gyrus (IFG) engaged in less constrained early competition processing, and bilateral dorsal IFG engaged in later, more fine-grained selection processes.",cohort model; inferior frontal gyrus; lexical competition; lexical selection; spoken word recognition,"Journal Article; Research Support, Non-U.S. Gov't",2012,"Cerebral cortex (New York, N.Y. : 1991)",eligible,eligible,final,not_applicable,not_relevant,exclude,excluded_relevance,Consenso A+B,pilot-v1.1,no_pubmed_integrity_signal,2026-08-22 01:52:33.208402-03,This article is excluded because it does not meet NDRO scientific relevance criteria.,Estudo empírico original com abstract utilizável,,2026-08-22 01:52:33.208402-03
ndro-mvp-v0.1.2-20260823,2026-08-23,FTD-R-011,FTD,23036522,https://pubmed.ncbi.nlm.nih.gov/23036522/,Insular networks for emotional processing and social cognition: comparison of two case reports with either cortical or subcortical involvement.,Couto Blas; Sedeño Lucas; Sposato Luciano A; Sigman Mariano; Riccio Patricia M; Salles Alejo; Lopez Vladimir; Schroeder Johannes; Manes Facundo; Ibanez Agustin,"INTRODUCTION: The processing of the emotion of disgust is attributed to the insular cortex (IC), which is also responsible for social emotions and higher-cognitive functions. We distinguish the role of the IC from its connections in regard to these functions through the assessment of emotions and social cognition in a double case report. These subjects were very rare cases that included a focal IC lesion and a subcortical focal stroke affecting the connections of the IC with frontotemporal areas.
MATERIALS & METHODS: Both patients and a sample of 10 matched controls underwent neuropsychological and affective screening questionnaires, a battery of multimodal basic emotion recognition tests, an emotional inference disambiguation task using social contextual clues, an empathy task and a theory of mind task.
RESULTS: The insular lesion (IL) patient showed no impairments in emotion recognition and social emotions and presented with a pattern of delayed reaction times (RTs) in a subset of both groups of tasks. The subcortical lesion (SL) patient was impaired in multimodal aversive emotion recognition, including disgust, and exhibited delayed RTs and a heterogeneous pattern of impairments in subtasks of empathy and in the contextual inference of emotions.
CONCLUSIONS: Our results suggest that IC related networks, and not the IC itself, are related to negative emotional processing and social emotions. We discuss these results with respect to theoretical approaches of insular involvement in emotional and social processing and propose that IC connectivity with frontotemporal and subcortical regions might be relevant for contextual emotional processing and social cognition.",,"Comparative Study; Journal Article; Research Support, Non-U.S. Gov't",2012,Cortex; a journal devoted to the study of the nervous system and behavior,eligible,excluded,final,not_applicable,,exclude,excluded_eligibility,Regra de elegibilidade,pilot-v1.1,no_pubmed_integrity_signal,2026-08-22 01:52:33.208402-03,This article is excluded because it does not meet NDRO eligibility requirements.,Relato ou série de casos,,2026-08-22 01:52:33.208402-03
ndro-mvp-v0.1.2-20260823,2026-08-23,FTD-R-012,FTD,22343156,https://pubmed.ncbi.nlm.nih.gov/22343156/,Pathologic evaluation of the supraoptic and paraventricular nuclei in dementia.,Diodati David; Cyn-Ang Lee; Kertesz Andrew; Finger Elizabeth,"BACKGROUND: The neuropeptide oxytocin, produced in the supraoptic (SON) and paraventricular nuclei (PVN) of the hypothalamus, is now understood to function as a neurotransmitter critical for various aspects of social cognition and pro-social behaviour. While patients with Frontotemporal dementia (FTD) display prominent and progressive deficits in such social behaviours, the integrity of these nuclei in FTD is not known.
METHODS: We conducted a quantitative neuropathologic examination of the SON and PVN from patients with FTLD with TDP-43 proteinopathy, Alzheimer's disease, Lewy body disease and controls to determine whether significant pathologic changes or neuronal loss may contribute to the striking behavioural symptoms of FTD.
RESULTS: Contrary to predictions, we found both nuclei to be free of significant pathologic change (TDP-43) in FTLD. In contrast, tau related pathology was found in the PVN in Alzheimer's disease, and alpha-synuclein pathology in the SON in patients with Lewy body dementia.
CONCLUSIONS: These results indicate that the SON and PVN are resistant to FTLD TDP-43 pathology. They also support prior suggestions that the SON is resistant to Alzheimer's disease (AD) related pathology, and extend this to demonstrate SON susceptibility to alpha-synuclein pathology in patients with Lewy body dementia.",,"Journal Article; Research Support, Non-U.S. Gov't",2012,The Canadian journal of neurological sciences. Le journal canadien des sciences neurologiques,eligible,eligible,final,complete,co_primary_focus,include,core,Consenso A+B,pilot-v1.1,no_pubmed_integrity_signal,2026-08-22 01:52:33.208402-03,This article is included in the NDRO core analytical corpus.,Estudo empírico original com abstract utilizável,,2026-08-22 01:52:33.208402-03
ndro-mvp-v0.1.2-20260823,2026-08-23,FTD-R-013,FTD,21823158,https://pubmed.ncbi.nlm.nih.gov/21823158/,Clinicopathological correlations in corticobasal degeneration.,Lee Suzee E; Rabinovici Gil D; Mayo Mary Catherine; Wilson Stephen M; Seeley William W; DeArmond Stephen J; Huang Eric J; Trojanowski John Q; Growdon Matthew E; Jang Jung Y; Sidhu Manu; See Tricia M; Karydas Anna M; Gorno-Tempini Maria-Luisa; Boxer Adam L; Weiner Michael W; Geschwind Michael D; Rankin Katherine P; Miller Bruce L,"OBJECTIVE: To characterize cognitive and behavioral features, physical findings, and brain atrophy patterns in pathology-proven corticobasal degeneration (CBD) and corticobasal syndrome (CBS) with known histopathology.
METHODS: We reviewed clinical and magnetic resonance imaging data in all patients evaluated at our center with either an autopsy diagnosis of CBD (n = 18) or clinical CBS at first presentation with known histopathology (n = 40). Atrophy patterns were compared using voxel-based morphometry.
RESULTS: CBD was associated with 4 clinical syndromes: progressive nonfluent aphasia (n = 5), behavioral variant frontotemporal dementia (n = 5), executive-motor (n = 7), and posterior cortical atrophy (n = 1). Behavioral or cognitive problems were the initial symptoms in 15 of 18 patients; less than half exhibited early motor findings. Compared to controls, CBD patients showed atrophy in dorsal prefrontal and perirolandic cortex, striatum, and brainstem (p < 0.001 uncorrected). The most common pathologic substrates for clinical CBS were CBD (35%), Alzheimer disease (AD, 23%), progressive supranuclear palsy (13%), and frontotemporal lobar degeneration (FTLD) with TDP inclusions (13%). CBS was associated with perirolandic atrophy irrespective of underlying pathology. In CBS due to FTLD (tau or TDP), atrophy extended into prefrontal cortex, striatum, and brainstem, whereas in CBS due to AD, atrophy extended into temporoparietal cortex and precuneus (p < 0.001 uncorrected).
INTERPRETATION: Frontal lobe involvement is characteristic of CBD, and in many patients frontal, not parietal or basal ganglia, symptoms dominate early stage disease. CBS is driven by medial perirolandic dysfunction, but this anatomy is not specific to a single underlying histopathology. Antemortem prediction of CBD will remain challenging until clinical features of CBD are redefined, and sensitive, specific biomarkers are identified.",,"Journal Article; Research Support, N.I.H., Extramural; Research Support, Non-U.S. Gov't",2011,Annals of neurology,eligible,eligible,final,not_applicable,comparative_mention,exclude,excluded_relevance,Adjudicação humana,pilot-v1.1,no_pubmed_integrity_signal,2026-08-22 01:52:33.208402-03,This article is excluded because it does not meet NDRO scientific relevance criteria.,Elegibilidade confirmada durante adjudicação humana,,2026-08-22 01:52:33.208402-03
ndro-mvp-v0.1.2-20260823,2026-08-23,FTD-R-014,FTD,20186373,https://pubmed.ncbi.nlm.nih.gov/20186373/,[Malignant peripheric nerve sheath tumor of the orbit: first description of orbital location in a patient with NF1].,Romero-Rojas A E; Díaz-Pérez J A; Lozano-Castillo A,"INTRODUCTION: The malignant peripheric nerve sheath tumor (MPNST), is a malignant neoplastic lesion originated in Schwann cells of the lining sheath of peripheral nerves. This neoplasia may appear with benign or malignant heterologous components, with divergent differentiation, as the glandular one.
AIM: To describe for the first time in the literature, a case of a glandular MPNST, located at the orbit and to revise the literature on this tumoral lesion.
CLINICAL CASE: Nine year old male, with a base diagnosis of NF1, who had exophthalmos, retro-ocular pain, headache, facial asymmetry and descent of the right eyeball, that started 1 year earlier. This patient showed in the Computed Tomography an Magnetic Resonance, a well delimited, lobulated, solid mass at the eyeball, which extended to the fontal and temporal brain parenchyma. A right Fronto-temporal craniotomy was made with fronto -orbital- zygomatic resection of the tumoral lesion. Later, a dural plasty and reconstruction with titanium mesh was made at the skull base. At present, the patient is asymptomatic after 4 months of follow up. A malignant biphasic neoplastic lesion was observed, reactive in the mesenchymal elements S100, PGP 9.5, neurofilaments and vimentin. The glandular component was positive for AE1/AE3, EMA, CEA and focally for CD57. There was also reactivity to cromogranin, synaptophysin, serotonin and somatostatin. The diagnosis of Glandular MPNST was made.
CONCLUSION: For the first time in the literature a case of Glandular MPNST located at the orbit, which occurred in child with NF1, is described. This extremely uncommon neoplasia must be taken into account, in the study of biphasic malignant lesions, as its diagnosis is of great importance because of the bad prognosis of the affected patients.",,English Abstract; Journal Article,2010,"Neurocirugia (Asturias, Spain)",eligible,excluded,final,not_applicable,,exclude,excluded_eligibility,Regra de elegibilidade,pilot-v1.1,no_pubmed_integrity_signal,2026-08-22 01:52:33.208402-03,This article is excluded because it does not meet NDRO eligibility requirements.,Relato ou série de casos,,2026-08-22 01:52:33.208402-03
ndro-mvp-v0.1.2-20260823,2026-08-23,FTD-R-015,FTD,23855491,https://pubmed.ncbi.nlm.nih.gov/23855491/,The Network Modification (NeMo) Tool: elucidating the effect of white matter integrity changes on cortical and subcortical structural connectivity.,Kuceyeski Amy; Maruta Jun; Relkin Norman; Raj Ashish,"Accurate prediction of brain dysfunction caused by disease or injury requires the quantification of resultant neural connectivity changes compared with the normal state. There are many methods with which to assess anatomical changes in structural or diffusion magnetic resonance imaging, but most overlook the topology of white matter (WM) connections that make up the healthy brain network. Here, a new neuroimaging software pipeline called the Network Modification (NeMo) Tool is presented that associates alterations in WM integrity with expected changes in neural connectivity between gray matter regions. The NeMo Tool uses a large reference set of healthy tractograms to assess implied network changes arising from a particular pattern of WM alteration on a region- and network-wise level. In this way, WM integrity changes can be extrapolated to the cortices and deep brain nuclei, enabling assessment of functional and cognitive alterations. Unlike current techniques that assess network dysfunction, the NeMo tool does not require tractography in pathological brains for which the algorithms may be unreliable or diffusion data are unavailable. The versatility of the NeMo Tool is demonstrated by applying it to data from patients with Alzheimer's disease, fronto-temporal dementia, normal pressure hydrocephalus, and mild traumatic brain injury. This tool fills a gap in the quantitative neuroimaging field by enabling an investigation of morphological and functional implications of changes in structural WM integrity.",,"Journal Article; Research Support, N.I.H., Extramural; Research Support, Non-U.S. Gov't; Research Support, U.S. Gov't, Non-P.H.S.",2013,Brain connectivity,eligible,eligible,final,not_applicable,background_mention,exclude,excluded_relevance,Adjudicação humana,pilot-v1.1,no_pubmed_integrity_signal,2026-08-22 01:52:33.208402-03,This article is excluded because it does not meet NDRO scientific relevance criteria.,Elegibilidade confirmada durante adjudicação humana,,2026-08-22 01:52:33.208402-03
ndro-mvp-v0.1.2-20260823,2026-08-23,FTD-R-016,FTD,25938098,https://pubmed.ncbi.nlm.nih.gov/25938098/,Study of the location and morphology of the pterion in adult nigerian skulls.,Adejuwon Sunday A; Olopade Funmilayo E; Bolaji Modupe,"The pterion which marks the union of 4 bones of the cranium is located superior to the zygomatic arch and posterior to the frontozygomatic suture. It is an important neurosurgical landmark for the lateral/pterional approach and has racial differences in both its location and pattern of union of the bones. This study aims to analyze the location and types of pterion in adult Nigerian skulls. Bilateral sides of 37 adult dry skulls were studied. The pterion types were classified; linear distances from the centre of the pterion to the midpoint of the zygomatic arch and to the frontozygomatic suture were measured; these were analyzed for side and gender differences. Sphenoparietal was the most common pterion type (86.1%) followed by frontotemporal (8.3%), stellate (5.6%), and epipteric types (0%). The mean distances from the pterion to the midpoint of zygomatic arch were 39.74 ± 0.505 mm and 37.95 ± 0.657 mm in males and females, respectively, while the distances to the frontozygomatic suture were 31.87 ± 0.642 mm and 30.35 ± 0.836 mm. The vertical position of the pterion was significantly higher in males than females. Bilateral occurrence is statistically insignificant. This information will be of neurosurgical and anthropological importance.",,Journal Article,2013,ISRN anatomy,eligible,eligible,final,not_applicable,not_relevant,exclude,excluded_relevance,Consenso A+B,pilot-v1.1,no_pubmed_integrity_signal,2026-08-22 01:52:33.208402-03,This article is excluded because it does not meet NDRO scientific relevance criteria.,Estudo empírico original com abstract utilizável,,2026-08-22 01:52:33.208402-03
ndro-mvp-v0.1.2-20260823,2026-08-23,FTD-R-017,FTD,21418522,https://pubmed.ncbi.nlm.nih.gov/21418522/,Cerebral correlates of psychotic syndromes in neurodegenerative diseases.,Jellinger Kurt A,"Psychosis has been recognized as a common feature in neurodegenerative diseases and a core feature of dementia that worsens most clinical courses. It includes hallucinations, delusions including paranoia, aggressive behaviour, apathy and other psychotic phenomena that occur in a wide range of degenerative disorders including Alzheimer's disease, synucleinopathies (Parkinson's disease, dementia with Lewy bodies), Huntington's disease, frontotemporal degenerations, motoneuron and prion diseases. Many of these psychiatric manifestations may be early expressions of cognitive impairment, but often there is a dissociation between psychotic/behavioural symptoms and the rather linear decline in cognitive function, suggesting independent pathophysiological mechanisms. Strictly neuropathological explanations are likely to be insufficient to explain them, and a large group of heterogeneous factors (environmental, neurochemical changes, genetic factors, etc.) may influence their pathogenesis. Clinico-pathological evaluation of behavioural and psychotic symptoms (PS) in the setting of neurodegenerative and dementing disorders presents a significant challenge for modern neurosciences. Recognition and understanding of these manifestations may lead to the development of more effective preventive and therapeutic options that can serve to delay long-term progression of these devastating disorders and improve the patients' quality of life. A better understanding of the pathophysiology and distinctive pathological features underlying the development of PS in neurodegenerative diseases may provide important insights into psychotic processes in general.",,Journal Article; Review,2012,Journal of cellular and molecular medicine,eligible,excluded,final,not_applicable,,exclude,excluded_eligibility,Regra de elegibilidade,pilot-v1.1,no_pubmed_integrity_signal,2026-08-22 01:52:33.208402-03,This article is excluded because it does not meet NDRO eligibility requirements.,Revisão ou meta-análise,,2026-08-22 01:52:33.208402-03
ndro-mvp-v0.1.2-20260823,2026-08-23,FTD-R-018,FTD,22534659,https://pubmed.ncbi.nlm.nih.gov/22534659/,TDP-43: gumming up neurons through protein-protein and protein-RNA interactions.,Buratti Emanuele; Baralle Francisco E,"Since the discovery that 43 kDa TAR DNA binding protein (TDP-43) is involved in neurodegeneration, studies of this protein have focused on the global effects of TDP-43 expression modulation on cell metabolism and survival. The major difficulty with these global searches, which can yield hundreds to thousands of variations in gene expression level and/or mRNA isoforms, is our limited ability to separate specific TDP-43 effects from secondary dysregulations occurring at the gene expression and various mRNA processing steps. In this review, we focus on two biochemical properties of TDP-43: its ability to bind RNA and its protein-protein interactions. In particular, we overview how these two properties may affect potentially very important processes for the pathology, from the autoregulation of TDP-43 to aggregation in the cytoplasmic/nuclear compartments.",,Journal Article; Review,2012,Trends in biochemical sciences,eligible,excluded,final,not_applicable,,exclude,excluded_eligibility,Regra de elegibilidade,pilot-v1.1,no_pubmed_integrity_signal,2026-08-22 01:52:33.208402-03,This article is excluded because it does not meet NDRO eligibility requirements.,Revisão ou meta-análise,,2026-08-22 01:52:33.208402-03
ndro-mvp-v0.1.2-20260823,2026-08-23,FTD-R-019,FTD,24124634,https://pubmed.ncbi.nlm.nih.gov/24124634/,"Amyotrophic Lateral Sclerosis: An update for 2013 Clinical Features, Pathophysiology, Management and Therapeutic Trials.",Gordon Paul H,"Amyotrophic lateral sclerosis (ALS), first described by Jean-Martin Charcot in the 1870s, is an age-related disorder that leads to degeneration of motor neurons. The disease begins focally in the central nervous system and then spreads relentlessly. The clinical diagnosis, defined by progressive signs and symptoms of upper and lower motor neuron dysfunction, is confirmed by electromyography. Additional testing excludes other conditions. The disease is heterogeneous, but most patients die of respiratory muscle weakness less than 3 years from symptom-onset. Like other age-related neurodegenerative diseases, ALS has genetic and environmental triggers. Of the five to 10% of cases that are inherited, mutations have been discovered for a high proportion. In addition to genetic factors, age, tobacco use, and athleticism may contribute to sporadic ALS, but important etiologies are unidentified for most patients. Complex pathophysiological processes, including mitochondrial dysfunction, aggregation of misfolded protein, oxidative stress, excitotoxicity, inflammation and apoptosis, involve both motor neurons and surrounding glial cells. There is clinical and pathological overlap with other neurodegenerative diseases, particularly frontotemporal dementia. The mechanisms leading to disease propagation in the brain are a current focus of research. To date, one medication, riluzole, licensed in 1996, has been proved to prolong survival in ALS. Numerous clinical trials have so far been unable to identify another neuroprotective agent. Researchers now aim to slow disease progression by targeting known pathophysiological pathways or genetic defects. Current approaches are directed at muscle proteins such as Nogo, energetic balance, cell replacement, and abnormal gene products resulting from mutations. Until better understanding of the causes and mechanisms underlying progression lead to more robust neuroprotective agents, symptomatic therapies can extend life and improve quality of life. Palliative care programs such as hospice give emotional and physical support to patients and families throughout much of the disease course.",amyotrophic lateral sclerosis; diagnosis; epidemiology; neurodegeneration; pathophysiology; treatment,Journal Article; Review,2013,Aging and disease,eligible,excluded,final,not_applicable,,exclude,excluded_eligibility,Regra de elegibilidade,pilot-v1.1,no_pubmed_integrity_signal,2026-08-22 01:52:33.208402-03,This article is excluded because it does not meet NDRO eligibility requirements.,Revisão ou meta-análise,,2026-08-22 01:52:33.208402-03
ndro-mvp-v0.1.2-20260823,2026-08-23,FTD-R-020,FTD,23493702,https://pubmed.ncbi.nlm.nih.gov/23493702/,Neuroscience. RNA that gets RAN in neurodegeneration.,Taylor J Paul,,,Comment; Journal Article,2013,"Science (New York, N.Y.)",excluded,excluded,final,not_applicable,,exclude,excluded_eligibility,Regra de elegibilidade,pilot-v1.1,no_pubmed_integrity_signal,2026-08-22 01:52:33.208402-03,This article is excluded because it does not meet NDRO eligibility requirements.,Abstract ausente,Abstract missing from the public PubMed record.,2026-08-22 01:52:33.208402-03
ndro-mvp-v0.1.2-20260823,2026-08-23,FTD-R-021,FTD,28165465,https://pubmed.ncbi.nlm.nih.gov/28165465/,"Apical dendrite degeneration, a novel cellular pathology for Betz cells in ALS.",Genç Barış; Jara Javier H; Lagrimas Amiko K B; Pytel Peter; Roos Raymond P; Mesulam M Marsel; Geula Changiz; Bigio Eileen H; Özdinler P Hande,"Apical dendrites of Betz cells are important sites for the integration of cortical input, however their health has not been fully assessed in ALS patients. We investigated the primary motor cortices isolated from post-mortem normal control subjects, patients with familial ALS (fALS), sporadic ALS (sALS), ALS with frontotemporal dementia (FTD-ALS), and Alzheimer's disease (AD), and found profound apical dendrite degeneration of Betz cells in both fALS and sALS, as well as FTD-ALS patients. In contrast, Betz cells of AD patients and normal controls retain cellular integrity in the motor cortex, and CA1 pyramidal neurons show abnormalities predominantly within their soma, rather than the apical dendrite. In line with extensive vacuolation and cytoarchitectural disintegration, the numbers of synapses were also significantly reduced only in ALS patients. Our findings indicate apical dendrite degeneration as a novel cellular pathology that distinguishes ALS and further support the importance of cortical dysfunction for disease pathology.",,"Journal Article; Research Support, N.I.H., Extramural; Research Support, Non-U.S. Gov't",2017,Scientific reports,eligible,eligible,final,complete,co_primary_focus,include,core,Adjudicação humana,pilot-v1.1,no_pubmed_integrity_signal,2026-08-22 01:52:33.208402-03,This article is included in the NDRO core analytical corpus.,Elegibilidade confirmada durante adjudicação humana,,2026-08-22 01:52:33.208402-03
ndro-mvp-v0.1.2-20260823,2026-08-23,FTD-R-022,FTD,27875531,https://pubmed.ncbi.nlm.nih.gov/27875531/,Loss of C9orf72 Enhances Autophagic Activity via Deregulated mTOR and TFEB Signaling.,Ugolino Janet; Ji Yon Ju; Conchina Karen; Chu Justin; Nirujogi Raja Sekhar; Pandey Akhilesh; Brady Nathan R; Hamacher-Brady Anne; Wang Jiou,"The most common cause of the neurodegenerative diseases amyotrophic lateral sclerosis and frontotemporal dementia is a hexanucleotide repeat expansion in C9orf72. Here we report a study of the C9orf72 protein by examining the consequences of loss of C9orf72 functions. Deletion of one or both alleles of the C9orf72 gene in mice causes age-dependent lethality phenotypes. We demonstrate that C9orf72 regulates nutrient sensing as the loss of C9orf72 decreases phosphorylation of the mTOR substrate S6K1. The transcription factor EB (TFEB), a master regulator of lysosomal and autophagy genes, which is negatively regulated by mTOR, is substantially up-regulated in C9orf72 loss-of-function animal and cellular models. Consistent with reduced mTOR activity and increased TFEB levels, loss of C9orf72 enhances autophagic flux, suggesting that C9orf72 is a negative regulator of autophagy. We identified a protein complex consisting of C9orf72 and SMCR8, both of which are homologous to DENN-like proteins. The depletion of C9orf72 or SMCR8 leads to significant down-regulation of each other's protein level. Loss of SMCR8 alters mTOR signaling and autophagy. These results demonstrate that the C9orf72-SMCR8 protein complex functions in the regulation of metabolism and provide evidence that loss of C9orf72 function may contribute to the pathogenesis of relevant diseases.",,Journal Article,2016,PLoS genetics,eligible,eligible,final,complete,co_primary_focus,include,core,Consenso A+B,pilot-v1.1,no_pubmed_integrity_signal,2026-08-22 01:52:33.208402-03,This article is included in the NDRO core analytical corpus.,Estudo empírico original com abstract utilizável,,2026-08-22 01:52:33.208402-03
ndro-mvp-v0.1.2-20260823,2026-08-23,FTD-R-023,FTD,26760674,https://pubmed.ncbi.nlm.nih.gov/26760674/,Mini-Mental State Examination (MMSE) for the detection of dementia in clinically unevaluated people aged 65 and over in community and primary care populations.,Creavin Sam T; Wisniewski Susanna; Noel-Storr Anna H; Trevelyan Clare M; Hampton Thomas; Rayment Dane; Thom Victoria M; Nash Kirsty J E; Elhamoui Hosam; Milligan Rowena; Patel Anish S; Tsivos Demitra V; Wing Tracey; Phillips Emma; Kellman Sophie M; Shackleton Hannah L; Singleton Georgina F; Neale Bethany E; Watton Martha E; Cullum Sarah,"BACKGROUND: The Mini Mental State Examination (MMSE) is a cognitive test that is commonly used as part of the evaluation for possible dementia.
OBJECTIVES: To determine the diagnostic accuracy of the Mini-Mental State Examination (MMSE) at various cut points for dementia in people aged 65 years and over in community and primary care settings who had not undergone prior testing for dementia.
SEARCH METHODS: We searched the specialised register of the Cochrane Dementia and Cognitive Improvement Group, MEDLINE (OvidSP), EMBASE (OvidSP), PsycINFO (OvidSP), LILACS (BIREME), ALOIS, BIOSIS previews (Thomson Reuters Web of Science), and Web of Science Core Collection, including the Science Citation Index and the Conference Proceedings Citation Index (Thomson Reuters Web of Science). We also searched specialised sources of diagnostic test accuracy studies and reviews: MEDION (Universities of Maastricht and Leuven, www.mediondatabase.nl), DARE (Database of Abstracts of Reviews of Effects, via the Cochrane Library), HTA Database (Health Technology Assessment Database, via the Cochrane Library), and ARIF (University of Birmingham, UK, www.arif.bham.ac.uk). We attempted to locate possibly relevant but unpublished data by contacting researchers in this field. We first performed the searches in November 2012 and then fully updated them in May 2014. We did not apply any language or date restrictions to the electronic searches, and we did not use any methodological filters as a method to restrict the search overall.
SELECTION CRITERIA: We included studies that compared the 11-item (maximum score 30) MMSE test (at any cut point) in people who had not undergone prior testing versus a commonly accepted clinical reference standard for all-cause dementia and subtypes (Alzheimer disease dementia, Lewy body dementia, vascular dementia, frontotemporal dementia). Clinical diagnosis included all-cause (unspecified) dementia, as defined by any version of the Diagnostic and Statistical Manual of Mental Disorders (DSM); International Classification of Diseases (ICD) and the Clinical Dementia Rating.
DATA COLLECTION AND ANALYSIS: At least three authors screened all citations.Two authors handled data extraction and quality assessment. We performed meta-analysis using the hierarchical summary receiver-operator curves (HSROC) method and the bivariate method.
MAIN RESULTS: We retrieved 24,310 citations after removal of duplicates. We reviewed the full text of 317 full-text articles and finally included 70 records, referring to 48 studies, in our synthesis. We were able to perform meta-analysis on 28 studies in the community setting (44 articles) and on 6 studies in primary care (8 articles), but we could not extract usable 2 x 2 data for the remaining 14 community studies, which we did not include in the meta-analysis. All of the studies in the community were in asymptomatic people, whereas two of the six studies in primary care were conducted in people who had symptoms of possible dementia. We judged two studies to be at high risk of bias in the patient selection domain, three studies to be at high risk of bias in the index test domain and nine studies to be at high risk of bias regarding flow and timing. We assessed most studies as being applicable to the review question though we had concerns about selection of participants in six studies and target condition in one study.The accuracy of the MMSE for diagnosing dementia was reported at 18 cut points in the community (MMSE score 10, 14-30 inclusive) and 10 cut points in primary care (MMSE score 17-26 inclusive). The total number of participants in studies included in the meta-analyses ranged from 37 to 2727, median 314 (interquartile range (IQR) 160 to 647). In the community, the pooled accuracy at a cut point of 24 (15 studies) was sensitivity 0.85 (95% confidence interval (CI) 0.74 to 0.92), specificity 0.90 (95% CI 0.82 to 0.95); at a cut point of 25 (10 studies), sensitivity 0.87 (95% CI 0.78 to 0.93), specificity 0.82 (95% CI 0.65 to 0.92); and in seven studies that adjusted accuracy estimates for level of education, sensitivity 0.97 (95% CI 0.83 to 1.00), specificity 0.70 (95% CI 0.50 to 0.85). There was insufficient data to evaluate the accuracy of the MMSE for diagnosing dementia subtypes.We could not estimate summary diagnostic accuracy in primary care due to insufficient data.
AUTHORS' CONCLUSIONS: The MMSE contributes to a diagnosis of dementia in low prevalence settings, but should not be used in isolation to confirm or exclude disease. We recommend that future work evaluates the diagnostic accuracy of tests in the context of the diagnostic pathway experienced by the patient and that investigators report how undergoing the MMSE changes patient-relevant outcomes.",,"Journal Article; Meta-Analysis; Research Support, Non-U.S. Gov't; Systematic Review",2016,The Cochrane database of systematic reviews,eligible,excluded,final,not_applicable,,exclude,excluded_eligibility,Regra de elegibilidade,pilot-v1.1,no_pubmed_integrity_signal,2026-08-22 01:52:33.208402-03,This article is excluded because it does not meet NDRO eligibility requirements.,Revisão ou meta-análise,,2026-08-22 01:52:33.208402-03
ndro-mvp-v0.1.2-20260823,2026-08-23,FTD-R-024,FTD,25880917,https://pubmed.ncbi.nlm.nih.gov/25880917/,Complex single step skull reconstruction in Gorham's disease - a technical report and review of the literature.,Ohla Victoria; Bayoumi Ahmed B; Hefty Markus; Anderson Matthew; Kasper Ekkehard M,"BACKGROUND: Gorham's disease is a rare osteolytic disorder characterized by progressive resorption of bone and replacement of osseous matrix by a proliferative non-neoplastic vascular or lymphatic tissue. A standardized treatment protocol has not yet been defined due to the unpredictable natural history of the disease and variable clinical presentations. No single treatment has proven to be superior in arresting the course of the disease. Trials have included surgery, radiation and medical therapies using drugs such as calcium salts, vitamin D supplements and hormones. We report on our advantageous experience in the management of this osteolyic disorder in a case when it affected only the skull vault. A brief review of pertinent literature about Gorham's disease with skull involvement is provided.
CASE PRESENTATION: A 25-year-old Caucasian male presented with a skull depression over the left fronto-temporal region. He noticed progressive enlargement of the skull defect associated with local pain and mild headache. Physical examination revealed a tender palpable depression of the fronto-temporal convexity. Conventional X-ray of the skull showed widespread loss of bone substance. Subsequent CT scans showed features of patchy erosions indicative of an underlying osteolysis. MRI also revealed marginal enhancement at the site of the defect. The patient was in need of a pathological diagnosis as well as complex reconstruction of the afflicted area. A density graded CT scan was done to determine the variable degrees of osteolysis and a custom made allograft was designed for cranioplasty preoperatively to allow for a single step excisional craniectomy with synchronous skull repair. Gorham's disease was diagnosed based on histopathological examination. No neurological deficit or wound complications were reported postoperatively. Over a two-year follow up period, the patient had no evidence of local recurrence or other systemic involvement.
CONCLUSIONS: A single step excisional craniectomy and cranioplasty can be an effective treatment for patients with Gorham's disease affecting the skull vault only. Preoperative planning by a density graded CT aids to design a synthetic bone flap and is beneficial in skull reconstruction. Systemic involvement is variable in this patient's population.",,Case Reports; Journal Article; Review,2015,BMC surgery,eligible,excluded,final,not_applicable,,exclude,excluded_eligibility,Regra de elegibilidade,pilot-v1.1,no_pubmed_integrity_signal,2026-08-22 01:52:33.208402-03,This article is excluded because it does not meet NDRO eligibility requirements.,Revisão ou meta-análise,,2026-08-22 01:52:33.208402-03
ndro-mvp-v0.1.2-20260823,2026-08-23,FTD-R-025,FTD,27498188,https://pubmed.ncbi.nlm.nih.gov/27498188/,Common Molecular Pathways in Amyotrophic Lateral Sclerosis and Frontotemporal Dementia.,Weishaupt Jochen H; Hyman Tony; Dikic Ivan,"Amyotrophic lateral sclerosis (ALS) and frontotemporal dementia (FTD) are age-related neurodegenerative diseases in which predominantly motor neurons and cerebral cortex neurons, respectively, are affected. Several novel ALS and FTD disease genes have been recently discovered, pointing toward a few overarching pathways in ALS/FTD pathogenesis. Nevertheless, a precise picture of how various cellular processes cause neuronal death, or how different routes leading to ALS and FTD are functionally connected is just emerging. Moreover, how the most recent milestone findings in the ALS/FTD field might lead to improved diagnosis and treatment is actively being explored. We highlight some of the most exciting recent topics in the field, which could potentially facilitate the identification of further links between the pathogenic ALS/FTD pathways related to autophagy, vesicle trafficking, and RNA metabolism.",amyotrophic lateral sclerosis; autophagy; frontotemporal dementia; genetics; RNA granules,"Journal Article; Research Support, Non-U.S. Gov't; Review",2016,Trends in molecular medicine,eligible,excluded,final,not_applicable,,exclude,excluded_eligibility,Regra de elegibilidade,pilot-v1.1,no_pubmed_integrity_signal,2026-08-22 01:52:33.208402-03,This article is excluded because it does not meet NDRO eligibility requirements.,Revisão ou meta-análise,,2026-08-22 01:52:33.208402-03
ndro-mvp-v0.1.2-20260823,2026-08-23,FTD-R-026,FTD,26402105,https://pubmed.ncbi.nlm.nih.gov/26402105/,miRNAs: Key Players in Neurodegenerative Disorders and Epilepsy.,Karnati Hanuma Kumar; Panigrahi Manas Kumar; Gutti Ravi Kumar; Greig Nigel H; Tamargo Ian A,"MicroRNAs (miRNAs) are endogenous, ∼22 nucleotide, non-coding RNA molecules that function as post-transcriptional regulators of gene expression. miRNA dysregulation has been observed in cancer and in neurodegenerative disorders such as Alzheimer's, Parkinson's, and Huntington's diseases, amyotrophic lateral sclerosis, and the neurological disorder, epilepsy. Neuronal degradation and death are important hallmarks of neurodegenerative disorders. Additionally, abnormalities in metabolism, synapsis and axonal transport have been associated with Alzheimer's disease, Parkinson's disease, and frontotemporal dementia. A number of recently published studies have demonstrated the importance of miRNAs in the nervous system and have contributed to the growing body of evidence on miRNA dysregulation in neurological disorders. Knowledge of the expressions and activities of such miRNAs may aid in the development of novel therapeutics. In this review, we discuss the significance of miRNA dysregulation in the development of neurodegenerative disorders and the use of miRNAs as targets for therapeutic intervention.",Alzheimer’s disease; amyotrophic lateral sclerosis; epilepsy; Huntington’s disease; miRNAs; neurodegenerative disorders; Parkinson’s disease,"Journal Article; Research Support, N.I.H., Intramural; Research Support, Non-U.S. Gov't; Review",2015,Journal of Alzheimer's disease : JAD,eligible,excluded,final,not_applicable,,exclude,excluded_eligibility,Regra de elegibilidade,pilot-v1.1,no_pubmed_integrity_signal,2026-08-22 01:52:33.208402-03,This article is excluded because it does not meet NDRO eligibility requirements.,Revisão ou meta-análise,,2026-08-22 01:52:33.208402-03
ndro-mvp-v0.1.2-20260823,2026-08-23,FTD-R-027,FTD,24164931,https://pubmed.ncbi.nlm.nih.gov/24164931/,Pharmacological treatments for frontotemporal dementias: a systematic review of randomized controlled trials.,Nardell Maria; Tampi Rajesh R,"The objective of this review is to summarize the current data on the pharmacological treatments for frontotemporal dementias from randomized controlled trials. A systematic search of 4 major databases, PubMed, Medline, PsychINFO and Cochrane, found a total of 9 randomized controlled, double-blinded clinical trials. Of these, 2 trials used the selective serotonin reuptake inhibitor (SSRI), paroxetine; 1 trial used trazodone; 2 trials used stimulants (methylphenidate and dextroamphetamine); 1 trial used the acetylcholinesterase inhibitor, galantamine; 2 trials used the N-methyl-d-aspartate antagonist, memantine; and 1 trial used the neuropeptide oxytocin. The analysis of the available data indicates that SSRIs, trazodone, and the amphetamines may be effective in reducing some behavioral symptoms, but none of these medications had an impact on cognition. Available data indicate that these medications were well tolerated in all the trials.",frontotemporal dementias; frontotemporal lobar degeneration pharmacological treatments; randomized controlled trial; systematic literature review,Journal Article; Systematic Review,2013,American journal of Alzheimer's disease and other dementias,eligible,excluded,final,not_applicable,,exclude,excluded_eligibility,Regra de elegibilidade,pilot-v1.1,no_pubmed_integrity_signal,2026-08-22 01:52:33.208402-03,This article is excluded because it does not meet NDRO eligibility requirements.,Revisão ou meta-análise,,2026-08-22 01:52:33.208402-03
ndro-mvp-v0.1.2-20260823,2026-08-23,FTD-R-028,FTD,24885496,https://pubmed.ncbi.nlm.nih.gov/24885496/,Investigating perturbed pathway modules from gene expression data via structural equation models.,Pepe Daniele; Grassi Mario,"BACKGROUND: It is currently accepted that the perturbation of complex intracellular networks, rather than the dysregulation of a single gene, is the basis for phenotypical diversity. High-throughput gene expression data allow to investigate changes in gene expression profiles among different conditions. Recently, many efforts have been made to individuate which biological pathways are perturbed, given a list of differentially expressed genes (DEGs). In order to understand these mechanisms, it is necessary to unveil the variation of genes in relation to each other, considering the different phenotypes. In this paper, we illustrate a pipeline, based on Structural Equation Modeling (SEM) that allowed to investigate pathway modules, considering not only deregulated genes but also the connections between the perturbed ones.
RESULTS: The procedure was tested on microarray experiments relative to two neurological diseases: frontotemporal lobar degeneration with ubiquitinated inclusions (FTLD-U) and multiple sclerosis (MS). Starting from DEGs and dysregulated biological pathways, a model for each pathway was generated using databases information biological databases, in order to design how DEGs were connected in a causal structure. Successively, SEM analysis proved if pathways differ globally, between groups, and for specific path relationships. The results confirmed the importance of certain genes in the analyzed diseases, and unveiled which connections are modified among them.
CONCLUSIONS: We propose a framework to perform differential gene expression analysis on microarray data based on SEM, which is able to: 1) find relevant genes and perturbed biological pathways, investigating putative sub-pathway models based on the concept of disease module; 2) test and improve the generated models; 3) detect a differential expression level of one gene, and differential connection between two genes. This could shed light, not only on the mechanisms affecting variations in gene expression, but also on the causes of gene-gene relationship modifications in diseased phenotypes.",,"Journal Article; Research Support, Non-U.S. Gov't",2014,BMC bioinformatics,eligible,eligible,final,not_applicable,background_mention,exclude,excluded_relevance,Adjudicação humana,pilot-v1.1,no_pubmed_integrity_signal,2026-08-22 01:52:33.208402-03,This article is excluded because it does not meet NDRO scientific relevance criteria.,Elegibilidade confirmada durante adjudicação humana,,2026-08-22 01:52:33.208402-03
ndro-mvp-v0.1.2-20260823,2026-08-23,FTD-R-029,FTD,25675791,https://pubmed.ncbi.nlm.nih.gov/25675791/,[Peculiarities of preoperative diagnosis of glioms of fronto-temporal localization].,Tiaglyĭ S V,,,Journal Article,2014,Klinichna khirurhiia,excluded,eligible,final,not_applicable,not_relevant,exclude,excluded_relevance,Consenso A+B,pilot-v1.1,no_pubmed_integrity_signal,2026-08-22 01:52:33.208402-03,This article is excluded because it does not meet NDRO scientific relevance criteria.,Estudo empírico original com abstract utilizável,English abstract not confirmed from public PubMed fields.,2026-08-22 01:52:33.208402-03
ndro-mvp-v0.1.2-20260823,2026-08-23,FTD-R-030,FTD,25442110,https://pubmed.ncbi.nlm.nih.gov/25442110/,Characterization of DNA G-quadruplex species forming from C9ORF72 G4C2-expanded repeats associated with amyotrophic lateral sclerosis and frontotemporal lobar degeneration.,Šket Primož; Pohleven Jure; Kovanda Anja; Štalekar Maja; Župunski Vera; Zalar Matja; Plavec Janez; Rogelj Boris,"The G4C2 hexanucleotide repeat expansion, located in the first intron of the C9ORF72 gene, represents a major genetic hallmark of amyotrophic lateral sclerosis and frontotemporal lobar degeneration. Several hypotheses have been proposed on how the transcribed repeat RNA leads to the development of amyotrophic lateral sclerosis and frontotemporal lobar degeneration. However, despite their importance, factors affecting the transcription of expanded-repeat RNA are not well known. As transcription is dependent on the DNA containing the expanded repeats, it is crucial to understand its structure. G-quadruplexes are known to affect expression on the level of DNA, therefore whether they form on the expanded-repeat DNA constitutes an important biological question. Using nuclear magnetic resonance and circular dichroism spectroscopy we show that DNA G4C2 with varying number of repeats d(G4C2)n form planar guanine quartets characteristic of G-quadruplexes. Additionally, we show DNA G-quadruplexes can form inter- and intra-molecularly in either parallel or anti-parallel orientation, based on d(G4C2) sequence length. This potential structural heterogeneity of longer disease-relevant repeats should therefore be taken into account when studying their role in disease pathogenesis.",Amyotrophic lateral sclerosis; Chromosome 9 open reading frame 72; Expanded hexanucleotide repeats; Frontotemporal lobar degeneration; G-quadruplex,"Journal Article; Research Support, Non-U.S. Gov't",2014,Neurobiology of aging,eligible,eligible,final,complete,co_primary_focus,include,core,Consenso A+B,pilot-v1.1,no_pubmed_integrity_signal,2026-08-22 01:52:33.208402-03,This article is included in the NDRO core analytical corpus.,Estudo empírico original com abstract utilizável,,2026-08-22 01:52:33.208402-03
ndro-mvp-v0.1.2-20260823,2026-08-23,FTD-R-031,FTD,27789409,https://pubmed.ncbi.nlm.nih.gov/27789409/,"Generation of an isogenic, gene-corrected iPSC line from a symptomatic 57-year-old female patient with frontotemporal dementia caused by a P301L mutation in the microtubule associated protein tau (MAPT) gene.",Nimsanor Natakarn; Kitiyanant Narisorn; Poulsen Ulla; Rasmussen Mikkel A; Clausen Christian; Mau-Holzmann Ulrike A; Nielsen Jørgen E; Nielsen Troels T; Hyttel Poul; Holst Bjørn; Schmid Benjamin,"Frontotemporal dementia with parkinsonism linked to chromosome 17q21.2 (FTDP-17) is an autosomal-dominant neurodegenerative disorder. Mutations in the MAPT (microtubule-associated protein tau)-gene can cause FTDP-17, but the underlying pathomechanisms of the disease are still unknown. Induced pluripotent stem cells (iPSCs) hold great promise to model FTDP-17 as such cells can be differentiated in vitro to the required cell type. Furthermore, gene-editing approaches allow generating isogenic gene-corrected controls that can be used as a very specific control. Here, we report the generation of genetically corrected iPSCs from a 57-year-old female FTD-17 patient carrying an P301L mutation in the MAPT-gene.",,"Journal Article; Research Support, Non-U.S. Gov't",2016,Stem cell research,eligible,eligible,final,complete,primary_focus,include,core,Consenso A+B,pilot-v1.1,no_pubmed_integrity_signal,2026-08-22 01:52:33.208402-03,This article is included in the NDRO core analytical corpus.,Estudo empírico original com abstract utilizável,,2026-08-22 01:52:33.208402-03
ndro-mvp-v0.1.2-20260823,2026-08-23,FTD-R-032,FTD,26072203,https://pubmed.ncbi.nlm.nih.gov/26072203/,A novel task assessing intention and emotion attribution: Italian standardization and normative data of the Story-based Empathy Task.,Dodich Alessandra; Cerami Chiara; Canessa Nicola; Crespi Chiara; Iannaccone Sandro; Marcone Alessandra; Realmuto Sabrina; Lettieri Giada; Perani Daniela; Cappa Stefano F,"Theory of Mind (ToM), the process by which an individual imputes mental states to himself and others, is presently considered as a multidimensional cognitive domain, with two main facets (i.e., cognitive and affective ToM) accounting, respectively, for the ability to understand others' intention (intention attribution-IA) and emotions (emotion attribution-EA). Despite the large amount of literature investigating the behavioural and neural bases of mentalizing abilities in neurological conditions, there is still a lack of validated neuropsychological tools specifically designed to assess such skills. Here, we report the normative data of the Story-Based Empathy Task (SET), a non-verbal test developed for the assessment of intention and emotion attribution in the neurodegenerative conditions characterized by the impairment of social-emotional abilities. It is an easy-to-administer task including 18 stimuli, sub-grouped into two experimental conditions assessing, respectively, the ability to infer others' intentions (SET-IA) and emotions (SET-EA), compared to a control condition of causal inference (SET-CI). Normative data were collected in 136 Italian subjects pooled across subgroups homogenous for age (range 20-79 years), sex, and education (at least 5 years). The results show a detrimental effect of age and a beneficial effect of education on both the global score and each subscale, for which we provide correction grids. This new task could be a useful tool to investigate both affective and cognitive aspects of ToM in the course of disorders of socio-emotional behaviour, such as the fronto-temporal dementia spectrum.",Affective ToM; Cognitive ToM; Empathy; Italian standardization; Mentalizing; Social cognition,"Journal Article; Research Support, Non-U.S. Gov't",2015,Neurological sciences : official journal of the Italian Neurological Society and of the Italian Society of Clinical Neurophysiology,eligible,eligible,final,not_applicable,background_mention,exclude,excluded_relevance,Consenso A+B,pilot-v1.1,no_pubmed_integrity_signal,2026-08-22 01:52:33.208402-03,This article is excluded because it does not meet NDRO scientific relevance criteria.,Estudo empírico original com abstract utilizável,,2026-08-22 01:52:33.208402-03
ndro-mvp-v0.1.2-20260823,2026-08-23,FTD-R-033,FTD,26042498,https://pubmed.ncbi.nlm.nih.gov/26042498/,Frequency-based Segregation of Syntactic and Semantic Unification during Online Sentence Level Language Comprehension.,Bastiaansen Marcel; Hagoort Peter,"During sentence level language comprehension, semantic and syntactic unification are functionally distinct operations. Nevertheless, both recruit roughly the same brain areas (spatially overlapping networks in the left frontotemporal cortex) and happen at the same time (in the first few hundred milliseconds after word onset). We tested the hypothesis that semantic and syntactic unification are segregated by means of neuronal synchronization of the functionally relevant networks in different frequency ranges: gamma (40 Hz and up) for semantic unification and lower beta (10-20 Hz) for syntactic unification. EEG power changes were quantified as participants read either correct sentences, syntactically correct though meaningless sentences (syntactic prose), or sentences that did not contain any syntactic structure (random word lists). Other sentences contained either a semantic anomaly or a syntactic violation at a critical word in the sentence. Larger EEG gamma-band power was observed for semantically coherent than for semantically anomalous sentences. Similarly, beta-band power was larger for syntactically correct sentences than for incorrect ones. These results confirm the existence of a functional dissociation in EEG oscillatory dynamics during sentence level language comprehension that is compatible with the notion of a frequency-based segregation of syntactic and semantic unification.",,Journal Article,2015,Journal of cognitive neuroscience,eligible,eligible,final,not_applicable,not_relevant,exclude,excluded_relevance,Consenso A+B,pilot-v1.1,no_pubmed_integrity_signal,2026-08-22 01:52:33.208402-03,This article is excluded because it does not meet NDRO scientific relevance criteria.,Estudo empírico original com abstract utilizável,,2026-08-22 01:52:33.208402-03
ndro-mvp-v0.1.2-20260823,2026-08-23,FTD-R-034,FTD,28467211,https://pubmed.ncbi.nlm.nih.gov/28467211/,Hippocampal Sclerosis in Older Patients: Practical Examples and Guidance With a Focus on Cerebral Age-Related TDP-43 With Sclerosis.,Cykowski Matthew D; Powell Suzanne Z; Schulz Paul E; Takei Hidehiro; Rivera Andreana L; Jackson Robert E; Roman Gustavo; Jicha Gregory A; Nelson Peter T,"CONTEXT: - Autopsy studies of the older population (≥65 years of age), and particularly of the ""oldest-old"" (≥85 years of age), have identified a significant proportion (∼20%) of cognitively impaired patients in which hippocampal sclerosis is the major substrate of an amnestic syndrome. Hippocampal sclerosis may also be comorbid with frontotemporal lobar degeneration, Alzheimer disease, and Lewy body disease. Until recently, the terms hippocampal sclerosis of aging or hippocampal sclerosis dementia were applied in this context. Recent discoveries have prompted a conceptual expansion of hippocampal sclerosis of aging because (1) cellular inclusions of TAR DNA-binding protein 43 kDa (TDP-43) are frequent; (2) TDP-43 pathology may be found outside hippocampus; and (3) brain arteriolosclerosis is a common, possibly pathogenic, component.
OBJECTIVE: - To aid pathologists with recent recommendations for diagnoses of common neuropathologies in older persons, particularly hippocampal sclerosis, and highlight the recent shift in diagnostic terminology from HS-aging to cerebral age-related TDP-43 with sclerosis (CARTS).
DATA SOURCES: - Peer-reviewed literature and 5 autopsy examples that illustrate common age-related neuropathologies, including CARTS, and emphasize the importance of distinguishing CARTS from late-onset frontotemporal lobar degeneration with TDP-43 pathology and from advanced Alzheimer disease with TDP-43 pathology.
CONCLUSIONS: - In advanced old age, the substrates of cognitive impairment are often multifactorial. This article demonstrates common and frequently comorbid neuropathologic substrates of cognitive impairment in the older population, including CARTS, to aid those practicing in this area of pathology.",,Case Reports; Journal Article,2017,Archives of pathology & laboratory medicine,eligible,excluded,final,not_applicable,,exclude,excluded_eligibility,Regra de elegibilidade,pilot-v1.1,no_pubmed_integrity_signal,2026-08-22 01:52:33.208402-03,This article is excluded because it does not meet NDRO eligibility requirements.,Relato ou série de casos,,2026-08-22 01:52:33.208402-03
ndro-mvp-v0.1.2-20260823,2026-08-23,FTD-R-035,FTD,26882509,https://pubmed.ncbi.nlm.nih.gov/26882509/,"The effects of behavioral and psychological symptoms on caregiver burden in frontotemporal dementia, Lewy body dementia, and Alzheimer's disease: clinical experience in China.",Liu Shuling; Jin Yi; Shi Zhihong; Huo Ya Ruth; Guan Yalin; Liu Mengyuan; Liu Shuai; Ji Yong,"BACKGROUND AND AIMS: Caregivers of individuals with neurodegenerative diseases, including frontotemporal dementia (FTD), Lewy body dementia (DLB), and Alzheimer's disease (AD), experience high levels of psychological and physical stress, likely due to behavioral and psychological symptoms of dementia (BPSD). This study is the first to simultaneously evaluate the effects of BPSD on caregiver burden in these three types of dementia.
METHOD: A total of 214 dementia patients, including probable FTD (n = 82), DLB (n = 22), and AD (n = 110), as well as their primary caregivers, were assessed using psychological inventories and cognitive evaluation. The FTD group was further divided into the three established clinical variants: behavioral variant frontotemporal dementia (bvFTD, n = 51), non-fluent variant primary progressive aphasia (nfvPPA, n = 15), and semantic variant primary progressive aphasia (svPPA, n = 16). Cognitive impairment and neuropsychiatric symptoms were assessed using the Mini Mental State Examination, Montreal Cognitive Assessment, Clock Drawing Test, and Neuropsychiatric Inventory (NPI), respectively. Caregiver burden was assessed using the Zarit Burden Inventory (ZBI).
RESULTS: FTD patients had higher NPI and ZBI scores than DLB and AD patients, whose scores were similar. Logistic regression analysis revealed that the factors influencing caregiver burden for each group were: FTD: total NPI scores, agitation, and aberrant motor behavior; bvFTD: total NPI scores; DLB: total NPI scores; and AD: total NPI scores, onset age, apathy, and ADL. Caregivers of bvFTD patients had the highest levels of burden, which were significantly greater than for caregivers of nfvPPA, svPPA, DLB, and AD patients.
CONCLUSION: BPSD was highly correlated with emotional burden in caregivers of FTD, DLB, and AD patients. The highest burden was observed in bvFTD caregivers.",Behavioral and psychological symptoms of dementia (BPSD); caregiver burden; China; DLB; FTD,"Comparative Study; Journal Article; Research Support, Non-U.S. Gov't",2016,Aging & mental health,eligible,eligible,final,complete,co_primary_focus,include,core,Consenso A+B,pilot-v1.1,no_pubmed_integrity_signal,2026-08-22 01:52:33.208402-03,This article is included in the NDRO core analytical corpus.,Estudo empírico original com abstract utilizável,,2026-08-22 01:52:33.208402-03
ndro-mvp-v0.1.2-20260823,2026-08-23,FTD-R-036,FTD,29202529,https://pubmed.ncbi.nlm.nih.gov/29202529/,"[Characteristics of cognitive function, behavioral and psychological symptoms in patients with Alzheimer's disease versus behavioral variant frontotemporal dementia].",Zhang L L; Wang Y; Cheng Y; Zhang N,"Objective: To compare the differences in cognitive function and behavioral and psychological symptoms between patients with Alzheimer's disease (AD) and behavioral variant frontotemporal dementia (bvFTD). Methods: Thirty-six AD patients and 20 bvFTD patients at mild-to-moderate stage, who were biomarker-confirmed by positron emission tomography (PET), were assessed with a neuropsychological battery and neuropsychiatry inventory (NPI). Cognitive domains, including memory, language, information processing speed and executive function, and behavioral and psychological symptoms were assessed and compared. Results: AD patients had lower scores in immediate recall, delayed recall and recognition than bvFTD patients (all P<0.05); while bvFTD patients had poorer performance in language and executive function than AD patients (all P<0.05). The NPI total score was significantly higher in patients with bvFTD compared with patients with AD (17.5±5.7 vs 9.3±3.5, P<0.05). In respect to the 12 items of NPI, the incidence of agitation and irritability was higher in AD group than in bvFTD group (72.2% vs 35.0%, 55.6% vs 20.0%, all P<0.05); while the incidence of apathy, disinhibition, euphoria, aberrant motor behavior and appetite/eating was higher in bvFTD group than in AD group (65.0% vs 33.3%, 80.0% vs 5.5%, 70.0% vs 5.6%, 40.0% vs 11.1%, 50.0% vs 5.6%, all P<0.05). Conclusion: Comprehensive neuropsychological assessment and evaluation of behavioral and psychological symptoms of patients with dementia are helpful in distinguishing AD from bvFTD.",Alzheimer's disease; Behavioral and psychological symptoms; Cognitive function; Frontotemporal dementia; Positron-emission tomography,Journal Article,2017,Zhonghua nei ke za zhi,eligible,eligible,final,complete,co_primary_focus,include,core,Consenso A+B,pilot-v1.1,no_pubmed_integrity_signal,2026-08-22 01:52:33.208402-03,This article is included in the NDRO core analytical corpus.,Estudo empírico original com abstract utilizável,,2026-08-22 01:52:33.208402-03
ndro-mvp-v0.1.2-20260823,2026-08-23,FTD-R-037,FTD,27418313,https://pubmed.ncbi.nlm.nih.gov/27418313/,ALS/FTD-associated FUS activates GSK-3β to disrupt the VAPB-PTPIP51 interaction and ER-mitochondria associations.,Stoica Radu; Paillusson Sébastien; Gomez-Suaga Patricia; Mitchell Jacqueline C; Lau Dawn Hw; Gray Emma H; Sancho Rosa M; Vizcay-Barrena Gema; De Vos Kurt J; Shaw Christopher E; Hanger Diane P; Noble Wendy; Miller Christopher Cj,"Defective FUS metabolism is strongly associated with amyotrophic lateral sclerosis and frontotemporal dementia (ALS/FTD), but the mechanisms linking FUS to disease are not properly understood. However, many of the functions disrupted in ALS/FTD are regulated by signalling between the endoplasmic reticulum (ER) and mitochondria. This signalling is facilitated by close physical associations between the two organelles that are mediated by binding of the integral ER protein VAPB to the outer mitochondrial membrane protein PTPIP51, which act as molecular scaffolds to tether the two organelles. Here, we show that FUS disrupts the VAPB-PTPIP51 interaction and ER-mitochondria associations. These disruptions are accompanied by perturbation of Ca(2+) uptake by mitochondria following its release from ER stores, which is a physiological read-out of ER-mitochondria contacts. We also demonstrate that mitochondrial ATP production is impaired in FUS-expressing cells; mitochondrial ATP production is linked to Ca(2+) levels. Finally, we demonstrate that the FUS-induced reductions to ER-mitochondria associations and are linked to activation of glycogen synthase kinase-3β (GSK-3β), a kinase already strongly associated with ALS/FTD.",amyotrophic lateral sclerosis; frontotemporal dementia; glycogen synthase kinase‐3β; protein tyrosine phosphatase interacting protein 51; vesicle‐associated membrane protein‐associated protein B,Journal Article,2016,EMBO reports,eligible,eligible,final,complete,co_primary_focus,include,core,Consenso A+B,pilot-v1.1,no_pubmed_integrity_signal,2026-08-22 01:52:33.208402-03,This article is included in the NDRO core analytical corpus.,Estudo empírico original com abstract utilizável,,2026-08-22 01:52:33.208402-03
ndro-mvp-v0.1.2-20260823,2026-08-23,FTD-R-038,FTD,25737152,https://pubmed.ncbi.nlm.nih.gov/25737152/,Non-pharmacological management for patients with frontotemporal dementia: a systematic review.,Shinagawa Shunichiro; Nakajima Shinichiro; Plitman Eric; Graff-Guerrero Ariel; Mimura Masaru; Nakayama Kazuhiko; Miller Bruce L,"Frontotemporal dementia (FTD) is a neurodegenerative disorder characterized by changes in behavior and language caused by focal degeneration of the frontal and anterior temporal lobes. The behavioral symptoms are distressing to patients and their caregivers. Non-pharmacological management is important as no disease-specific pharmacological treatment for FTD is currently available. The primary objective is to review the literature on non-pharmacological management for FTD and to propose directions for future research, with reference to findings. A search was performed using PubMed, MEDLINE, and EMBASE. Search terms included ""frontotemporal dementia"", and words related to non-pharmacological management, and it identified a total of 858 articles. Results revealed that very few randomized controlled trials exist on non-pharmacological management interventions for FTD. These interventions have been proposed by literature based on clinical experience. A small number of studies have supported behavioral management techniques that exploit disease-specific behaviors and preserved functions in patients with FTD, along with the management of caregivers' distress. These limitations warrant well-designed large-scale research to examine effects of non-pharmacological interventions on behavioral symptoms of FTD.",Behavioral management; caregiver support; environmental strategies; non-pharmacological interventions in frontotemporal dementia,Journal Article; Systematic Review,2015,Journal of Alzheimer's disease : JAD,eligible,excluded,final,not_applicable,,exclude,excluded_eligibility,Regra de elegibilidade,pilot-v1.1,no_pubmed_integrity_signal,2026-08-22 01:52:33.208402-03,This article is excluded because it does not meet NDRO eligibility requirements.,Revisão ou meta-análise,,2026-08-22 01:52:33.208402-03
ndro-mvp-v0.1.2-20260823,2026-08-23,FTD-R-039,FTD,26801513,https://pubmed.ncbi.nlm.nih.gov/26801513/,Fronto-temporal branch of facial nerve within the interfascial fat pad: is the interfascial dissection really safe?,Spiriev Toma; Ebner Florian Heinrich; Hirt Bernhard; Shiozawa Thomas; Gleiser Corinna; Tatagiba Marcos; Herlan Stephan,"BACKGROUND: The study was conducted to clarify the presence or absence of fronto-temporal branches (FTB) of the facial nerve within the interfascial (between the superficial and deep leaflet of the temporalis fascia) fat pad.
METHODS: Eight formalin-fixed cadaveric heads (16 sides) were used in the study. The course of the facial nerve and the FTB was dissected in its individual tissue planes and followed from the stylomastoid foramen to the frontal region.
RESULTS: In the fronto-temporal region, above the zygomatic arch, FTB gives several small twigs running anteriorly in the fat pad above the superficial temporalis fascia and a branch within the temporo-parietal fascia (TPF) to the muscles of the forehead. There were no twigs of the FTB within the interfascial fat pad.
CONCLUSIONS: No branches of the FTB are found in the interfascial (between the superficial and deep leaflet of the temporalis fascia) fat pad. The interfascial dissection can be safely performed without risk of injury to the FTB and potential subsequent frontalis palsy.",Facial nerve; Frontalis palsy; Fronto-temporal branch; Interfascial dissection; Skull base surgery; Subfascial dissection,Journal Article,2016,Acta neurochirurgica,eligible,eligible,final,not_applicable,not_relevant,exclude,excluded_relevance,Consenso A+B,pilot-v1.1,no_pubmed_integrity_signal,2026-08-22 01:52:33.208402-03,This article is excluded because it does not meet NDRO scientific relevance criteria.,Estudo empírico original confirmado por leitura do abstract,,2026-08-22 01:52:33.208402-03
ndro-mvp-v0.1.2-20260823,2026-08-23,FTD-R-040,FTD,28095679,https://pubmed.ncbi.nlm.nih.gov/28095679/,Non-Naturally Occurring Small Molecule Microtubule-Stabilizing Agents: A Potential Tactic for CNS-Directed Therapies.,Ballatore Carlo; Brunden Kurt R; Trojanowski John Q; Lee Virginia M-Y; Smith Amos B,"Several independent studies indicate that microtubule (MT)-stabilizing agents hold considerable promise as candidate therapeutics for a wide spectrum of conditions of the central nervous system (CNS), from brain tumors to spinal cord injury, as well as a number of neurodegenerative diseases, including Alzheimer's disease, frontotemporal lobar degeneration, Parkinson's disease, and amyotrophic lateral sclerosis. Although the identification and development of candidate compounds for CNS-directed MT-stabilizing therapies has been a challenge in drug discovery for many years, a growing number of molecules have now been identified that exhibit both MT-stabilizing activity and brain penetration. In this Viewpoint, we will highlight the potential utility of MT-active triazolopyrimidines, phenylpyrimidines, and related classes of non-naturally occurring small molecules that exhibit favorable druglike properties, including brain penetration and oral bioavailability. The mode of action of these small molecules has not as yet been fully elucidated at the molecular level. However, based on all available data, compounds from these classes appear to act on MTs in a potentially unique manner. Further characterization of these molecules may have important ramifications for drug discovery, especially in the area of CNS diseases.",Alzheimer’s disease; brain tumor; Microtubule; neurodegenerative disease; phenylpyrimidine; small molecule microtubule-stabilizing agents; traumatic brain injury; triazolopyrimidine,Journal Article; Review,2016,ACS chemical neuroscience,eligible,excluded,final,not_applicable,,exclude,excluded_eligibility,Regra de elegibilidade,pilot-v1.1,no_pubmed_integrity_signal,2026-08-22 01:52:33.208402-03,This article is excluded because it does not meet NDRO eligibility requirements.,Revisão ou meta-análise,,2026-08-22 01:52:33.208402-03
ndro-mvp-v0.1.2-20260823,2026-08-23,FTD-R-041,FTD,31720310,https://pubmed.ncbi.nlm.nih.gov/31720310/,Cerebral hemodynamic responses in preterm-born neonates to visual stimulation: classification according to subgroups and analysis of frontotemporal-occipital functional connectivity.,Karen Tanja; Kleiser Stefan; Ostojic Daniel; Isler Helene; Guglielmini Sabino; Bassler Dirk; Wolf Martin; Scholkmann Felix,"How neurovascular coupling develops in preterm-born neonates has been largely neglected in scientific research. We measured visually evoked (flicker light) hemodynamic responses (HRs) in preterm-born neonates ( n = 25  , gestational age: 31.71 ± 3.37  weeks, postnatal age: 25.48 ± 23.94  days) at the visual cortex (VC) and left frontotemporal lobe (FTL) using functional near-infrared spectroscopy (fNIRS) neuroimaging. We found that the HR characteristics show a large intersubject variability but could be classified into three groups according to the changes of oxyhemoglobin concentration at the VC [(A) increase, (B) decrease, or (C) inconclusive]. In groups A and B, the HRs at the left FTL were correlated with those at the VC, indicating the presence of a frontotemporal-occipital functional connectivity. Neonates in group A had a higher weight at measurement compared to those in group B, and had the lowest baseline total hemoglobin concentration and hematocrit compared to group C. To the best of our knowledge, this is the first fNIRS study showing (1) that the HRs of preterm-born neonates need to be classified into subgroups, (2) that the subgroups differed in terms of weight at measurement, and (3) that HRs can be observed also at the FTL during visual stimulation. These findings add insights into how neurovascular coupling develops in preterm-born neonates.",brain development; functional near-infrared spectroscopy; hemodynamic response; neurovascular coupling; optical neuroimaging; preterm-born neonates,Journal Article,2019,Neurophotonics,eligible,eligible,final,not_applicable,not_relevant,exclude,excluded_relevance,Consenso A+B,pilot-v1.1,no_pubmed_integrity_signal,2026-08-22 01:52:33.208402-03,This article is excluded because it does not meet NDRO scientific relevance criteria.,Estudo empírico original com abstract utilizável,,2026-08-22 01:52:33.208402-03
ndro-mvp-v0.1.2-20260823,2026-08-23,FTD-R-042,FTD,30948513,https://pubmed.ncbi.nlm.nih.gov/30948513/,Phase separation of RNA-binding proteins in physiology and disease: An introduction to the JBC Reviews thematic series.,Shorter James,"In recent years, there has been a jarring awakening that liquid-liquid phase separation (LLPS) of key protein and nucleic acid scaffolds underpins the biogenesis of diverse membraneless organelles, including P granules and stress granules in the cytoplasm and nucleoli and paraspeckles in the nucleus. These biomolecular condensates are proposed to be critical organizers of subcellular biochemistry and to control the flow of information from genotype to phenotype. Despite clear biological utility, LLPS can also have deleterious outcomes. Phase-separated compartments can concentrate specific RNA-binding proteins (RBPs), such as TDP-43 and fused in sarcoma (FUS), that through low-complexity, prion-like domains have an intrinsic tendency to form self-templating fibrils that are closely tied to fatal neurodegenerative disorders such as amyotrophic lateral sclerosis (ALS) and frontotemporal dementia. This series of reviews illuminates the molecular language underlying membraneless organelle biogenesis, how prion-like domains and post-translational modifications regulate phase behavior, how cells exploit the phase-separation process for adaptive modalities, and how phase separation is corrupted in neurodegenerative diseases. Collectively, these pieces provide a cutting-edge view of our functional and mechanistic understanding of phase separation in physiology and disease.",amyotrophic lateral sclerosis (ALS) (Lou Gehrig disease); biomolecular condensates; frontotemporal dementia; fused in sarcoma (FUS); heterogeneous nuclear ribonucleoprotein (hnRNP); Liquid–liquid phase separation; membraneless organelles; RNA-binding protein; TAR DNA-binding protein 43 (TDP-43) (TARDBP),Journal Article; Review,2019,The Journal of biological chemistry,eligible,excluded,final,not_applicable,,exclude,excluded_eligibility,Regra de elegibilidade,pilot-v1.1,no_pubmed_integrity_signal,2026-08-22 01:52:33.208402-03,This article is excluded because it does not meet NDRO eligibility requirements.,Revisão ou meta-análise,,2026-08-22 01:52:33.208402-03
ndro-mvp-v0.1.2-20260823,2026-08-23,FTD-R-043,FTD,31222357,https://pubmed.ncbi.nlm.nih.gov/31222357/,Letter: Behavioral Variant Frontotemporal Dementia as a Serious Complication of Spontaneous Intracranial Hypotension.,Barami Kaveh,,,Comment; Letter,2019,"Operative neurosurgery (Hagerstown, Md.)",excluded,excluded,final,not_applicable,,exclude,excluded_eligibility,Regra de elegibilidade,pilot-v1.1,no_pubmed_integrity_signal,2026-08-22 01:52:33.208402-03,This article is excluded because it does not meet NDRO eligibility requirements.,Abstract ausente,Abstract missing from the public PubMed record.,2026-08-22 01:52:33.208402-03
ndro-mvp-v0.1.2-20260823,2026-08-23,FTD-R-044,FTD,34720994,https://pubmed.ncbi.nlm.nih.gov/34720994/,Analysis of Genotype-Phenotype Correlations in Patients With Degenerative Dementia Through the Whole Exome Sequencing.,Sun Lin; Zhang Jianye; Su Ning; Zhang Shaowei; Yan Feng; Lin Xiang; Yu Jie; Li Wei; Li Xia; Xiao Shifu,"Background: Sporadic dementias generally occur in older age and are highly polygenic, which indicates some patients transmitted in a poly-genes hereditary fashion. Objective: Our study aimed to analyze the correlations of genetic features with clinical symptoms in patients with degenerative dementia. Methods: We recruited a group of 84 dementia patients and conducted the whole exome sequencing (WES). The data were analyzed focusing on 153 dementia-related causing and susceptible genes. Results: According to the American College of Medical Genetics and Genomics (ACMG) standards and guidelines, we identified four reported pathogenic variants, namely, PSEN1 c.A344G, APP c.G2149A, MAPT c.G1165A, and MAPT c.G742A, one reported likely pathogenic variant, namely, PSEN2 c.G100A, one novel pathogenic variants, SQSTM1 c.C671A, and three novel likely pathogenic variants, namely, ABCA7 c.C4690T, ATP13A2 c.3135delC, and NOS3 c.2897-2A > G. 21 variants with uncertain significance in PSEN2, C9orf72, NOTCH3, ABCA7, ERBB4, GRN, MPO, SETX, SORL1, NEFH, ADCM10, and SORL1, etc., were also detected in patients with Alzheimer's disease (AD) and frontotemporal dementia (FTD). Conclusion: The new variants in dementia-related genes indicated heterogeneity in pathogenesis and phenotype of degenerative dementia. WES could serve as an efficient diagnostic tool for detecting intractable dementia.",Alzheimer’s disease; dementia; frontotemporal lobe degeneration; next-generation sequencing; whole exome sequencing (WES),Journal Article,2021,Frontiers in aging neuroscience,eligible,eligible,final,complete,co_primary_focus,include,core,Consenso A+B,pilot-v1.1,no_pubmed_integrity_signal,2026-08-22 01:52:33.208402-03,This article is included in the NDRO core analytical corpus.,Estudo empírico original com abstract utilizável,,2026-08-22 01:52:33.208402-03
ndro-mvp-v0.1.2-20260823,2026-08-23,FTD-R-045,FTD,31173437,https://pubmed.ncbi.nlm.nih.gov/31173437/,Brain MR Spectroscopy Changes Precede Frontotemporal Lobar Degeneration Phenoconversion in Mapt Mutation Carriers.,Chen Qin; Boeve Bradley F; Tosakulwong Nirubol; Lesnick Timothy; Brushaber Danielle; Dheel Christina; Fields Julie; Forsberg Leah; Gavrilova Ralitza; Gearhart Debra; Haley Dana; Gunter Jeffrey L; Graff-Radford Jonathan; Jones David; Knopman David; Graff-Radford Neill; Kraft Ruth; Lapid Maria; Rademakers Rosa; Wszolek Zbigniew K; Rosen Howie; Boxer Adam L; Kantarci Kejal,"BACKGROUND AND PURPOSE: The objective of this study was to longitudinally investigate the trajectory of change in 1 H MRS measurements in asymptomatic MAPT mutation carriers who became symptomatic during follow-up, and to determine the time at which the neurochemical alterations accelerated during disease progression.
METHODS: We identified eight MAPT mutations carriers who transitioned from asymptomatic to symptomatic disease during follow-up. All participants were longitudinally followed with an average of 7.75 years (range 4-11 years) and underwent two or more single voxel 1 H MRS examinations from the posterior cingulate voxel, with a total of 60 examinations. The rate of longitudinal change for each metabolite was estimated using linear mixed models. A flex point model was used to estimate the flex time point of the change in slope.
RESULTS: The decrease in the NAA/mI ratio accelerated 2.09 years prior to symptom onset, and continued to decline. A similar trajectory was observed in the presumed glial marker mI/Cr ratio accelerating 1.86 years prior to symptom onset.
CONCLUSIONS: Our findings support the potential use of longitudinal 1 H MRS for monitoring the neurodegenerative progression in MAPT mutation carriers starting from the asymptomatic stage.",converter; frontotemporal lobar degeneration; longitudinal; MAPT; MRS,"Journal Article; Research Support, N.I.H., Extramural",2019,Journal of neuroimaging : official journal of the American Society of Neuroimaging,eligible,eligible,final,complete,primary_focus,include,core,Consenso A+B,pilot-v1.1,no_pubmed_integrity_signal,2026-08-22 01:52:33.208402-03,This article is included in the NDRO core analytical corpus.,Estudo empírico original com abstract utilizável,,2026-08-22 01:52:33.208402-03
ndro-mvp-v0.1.2-20260823,2026-08-23,FTD-R-046,FTD,31543469,https://pubmed.ncbi.nlm.nih.gov/31543469/,Pathological Progression Induced by the Frontotemporal Dementia-Associated R406W Tau Mutation in Patient-Derived iPSCs.,Nakamura Mari; Shiozawa Seiji; Tsuboi Daisuke; Amano Mutsuki; Watanabe Hirotaka; Maeda Sumihiro; Kimura Taeko; Yoshimatsu Sho; Kisa Fumihiko; Karch Celeste M; Miyasaka Tomohiro; Takashima Akihiko; Sahara Naruhiko; Hisanaga Shin-Ichi; Ikeuchi Takeshi; Kaibuchi Kozo; Okano Hideyuki,"Mutations in the microtubule-associated protein tau (MAPT) gene are known to cause familial frontotemporal dementia (FTD). The R406W tau mutation is a unique missense mutation whose patients have been reported to exhibit Alzheimer's disease (AD)-like phenotypes rather than the more typical FTD phenotypes. In this study, we established patient-derived induced pluripotent stem cell (iPSC) models to investigate the disease pathology induced by the R406W mutation. We generated iPSCs from patients and established isogenic lines using CRISPR/Cas9. The iPSCs were induced into cerebral organoids, which were dissociated into cortical neurons with high purity. In this neuronal culture, the mutant tau protein exhibited reduced phosphorylation levels and was increasingly fragmented by calpain. Furthermore, the mutant tau protein was mislocalized and the axons of the patient-derived neurons displayed morphological and functional abnormalities, which were rescued by microtubule stabilization. The findings of our study provide mechanistic insight into tau pathology and a potential for therapeutic intervention.",disease modeling; FTD; iPSC; neurodegenerative disease; tau,"Journal Article; Research Support, N.I.H., Extramural; Research Support, Non-U.S. Gov't",2019,Stem cell reports,eligible,eligible,final,complete,primary_focus,include,core,Consenso A+B,pilot-v1.1,no_pubmed_integrity_signal,2026-08-22 01:52:33.208402-03,This article is included in the NDRO core analytical corpus.,Estudo empírico original com abstract utilizável,,2026-08-22 01:52:33.208402-03
ndro-mvp-v0.1.2-20260823,2026-08-23,FTD-R-047,FTD,32096048,https://pubmed.ncbi.nlm.nih.gov/32096048/,Liquid-Liquid Phase Separation of Tau Protein in Neurobiology and Pathology.,Wegmann Susanne,"Tau is an intrinsically unfolded protein that, aside from its important role in the regulation of microtubule stability, harbors an emerging number of other functions. In order to find explanations for some longtime unsolved aspects of neuronal tau biology in the brain, we may have to step aside from observing tau molecules in dilute solutions, and from assuming a mono-molecular physicochemical behavior of molecules in the cell. Liquid condensed phases of tau proteins, which form through the biophysical process of liquid-liquid phase separation (LLPS), behave like liquids and thereby offer a new regime of interactions in the cell. So far, there is evidence that tau condensates (i) play a role for neurodegenerative diseases by transitioning into aggregated forms of tau, (ii) are involved in microtubule binding, nucleation, and bundling, and (iii) are interacting with RNA molecules, which could impact RNA homeostasis and transcription. Likewise the functions of monomeric tau, also tau condensation is regulated by post-translational modifications and can be influenced by the local environment, for example in neuronal sub-compartments. However, we are just beginning to understand the physicochemistry of tau LLPS, and the biological role of tau condensation has to be explored in the next years.",Aggregation; Alzheimer’s disease; Coacervation; Droplets; Frontotemporal dementia; Hydrogel; Microtubule binding; Propagation; Protein condensation; RNA,Journal Article; Review,2019,Advances in experimental medicine and biology,eligible,excluded,final,not_applicable,,exclude,excluded_eligibility,Regra de elegibilidade,pilot-v1.1,no_pubmed_integrity_signal,2026-08-22 01:52:33.208402-03,This article is excluded because it does not meet NDRO eligibility requirements.,Revisão ou meta-análise,,2026-08-22 01:52:33.208402-03
ndro-mvp-v0.1.2-20260823,2026-08-23,FTD-R-048,FTD,34484106,https://pubmed.ncbi.nlm.nih.gov/34484106/,Frontotemporal Pathology in Motor Neuron Disease Phenotypes: Insights From Neuroimaging.,McKenna Mary Clare; Corcia Philippe; Couratier Philippe; Siah We Fong; Pradat Pierre-Francois; Bede Peter,"Frontotemporal involvement has been extensively investigated in amyotrophic lateral sclerosis (ALS) but remains relatively poorly characterized in other motor neuron disease (MND) phenotypes such as primary lateral sclerosis (PLS), progressive muscular atrophy (PMA), spinal muscular atrophy (SMA), spinal bulbar muscular atrophy (SBMA), post poliomyelitis syndrome (PPS), and hereditary spastic paraplegia (HSP). This review focuses on insights from structural, metabolic, and functional neuroimaging studies that have advanced our understanding of extra-motor disease burden in these phenotypes. The imaging literature is limited in the majority of these conditions and frontotemporal involvement has been primarily evaluated by neuropsychology and post mortem studies. Existing imaging studies reveal that frontotemporal degeneration can be readily detected in ALS and PLS, varying degree of frontotemporal pathology may be captured in PMA, SBMA, and HSP, SMA exhibits cerebral involvement without regional predilection, and there is limited evidence for cerebral changes in PPS. Our review confirms the heterogeneity extra-motor pathology across the spectrum of MNDs and highlights the role of neuroimaging in characterizing anatomical patterns of disease burden in vivo. Despite the contribution of neuroimaging to MND research, sample size limitations, inclusion bias, attrition rates in longitudinal studies, and methodological constraints need to be carefully considered. Frontotemporal involvement is a quintessential clinical facet of MND which has important implications for screening practices, individualized management strategies, participation in clinical trials, caregiver burden, and resource allocation. The academic relevance of imaging frontotemporal pathology in MND spans from the identification of genetic variants, through the ascertainment of presymptomatic changes to the design of future epidemiology studies.",ALS; MND; MRI; PET; PLS; PMA; SBMA; SMA,Journal Article; Review,2021,Frontiers in neurology,eligible,excluded,final,not_applicable,,exclude,excluded_eligibility,Regra de elegibilidade,pilot-v1.1,no_pubmed_integrity_signal,2026-08-22 01:52:33.208402-03,This article is excluded because it does not meet NDRO eligibility requirements.,Revisão ou meta-análise,,2026-08-22 01:52:33.208402-03
ndro-mvp-v0.1.2-20260823,2026-08-23,FTD-R-049,FTD,31309997,https://pubmed.ncbi.nlm.nih.gov/31309997/,[Frequent involvement of the amyloid pathway in prodromal dementia with Lewy bodies].,Monge-Argiles J A; Monge-Garcia V; Gasparini-Berenguer R; Garcia-Perez C; Gabaldon-Torres L; Salas-Felipe J; Leiva-Santana C,,,Journal Article,2019,Revista de neurologia,excluded,eligible,final,not_applicable,not_relevant,exclude,excluded_relevance,Consenso A+B,pilot-v1.1,no_pubmed_integrity_signal,2026-08-22 01:52:33.208402-03,This article is excluded because it does not meet NDRO scientific relevance criteria.,Estudo empírico original com abstract utilizável,English abstract not confirmed from public PubMed fields.,2026-08-22 01:52:33.208402-03
ndro-mvp-v0.1.2-20260823,2026-08-23,FTD-R-050,FTD,33925655,https://pubmed.ncbi.nlm.nih.gov/33925655/,State-of-the-Art Methods and Emerging Fluid Biomarkers in the Diagnostics of Dementia-A Short Review and Diagnostic Algorithm.,Solje Eino; Benussi Alberto; Buratti Emanuele; Remes Anne M; Haapasalo Annakaisa; Borroni Barbara,"The most common neurodegenerative dementias include Alzheimer's disease (AD), dementia with Lewy bodies (DLB), and frontotemporal dementia (FTD). The correct etiology-based diagnosis is pivotal for clinical management of these diseases as well as for the suitable timing and choosing the accurate disease-modifying therapies when these become available. Enzyme-linked immunosorbent assay (ELISA)-based methods, detecting altered levels of cerebrospinal fluid (CSF) Tau, phosphorylated Tau, and Aβ-42 in AD, allowed the wide use of this set of biomarkers in clinical practice. These analyses demonstrate a high diagnostic accuracy in AD but suffer from a relatively restricted usefulness due to invasiveness and lack of prognostic value. In recent years, the development of novel advanced techniques has offered new state-of-the-art opportunities in biomarker discovery. These include single molecule array technology (SIMOA), a tool for non-invasive analysis of ultra-low levels of central nervous system-derived molecules from biofluids, such as CSF or blood, and real-time quaking (RT-QuIC), developed to analyze misfolded proteins. In the present review, we describe the history of methods used in the fluid biomarker analyses of dementia, discuss specific emerging biomarkers with translational potential for clinical use, and suggest an algorithm for the use of new non-invasive blood biomarkers in clinical practice.",Alzheimer’s disease; biomarkers; dementia; dementia with Lewy bodies; diagnosis; frontotemporal dementia,Journal Article; Review,2021,"Diagnostics (Basel, Switzerland)",eligible,excluded,final,not_applicable,,exclude,excluded_eligibility,Regra de elegibilidade,pilot-v1.1,no_pubmed_integrity_signal,2026-08-22 01:52:33.208402-03,This article is excluded because it does not meet NDRO eligibility requirements.,Revisão ou meta-análise,,2026-08-22 01:52:33.208402-03
ndro-mvp-v0.1.2-20260823,2026-08-23,FTD-R-051,FTD,33799358,https://pubmed.ncbi.nlm.nih.gov/33799358/,Corticospinal Tract and Related Grey Matter Morphometric Shape Analysis in ALS Phenotypes: A Fractal Dimension Study.,Rajagopalan Venkateswaran; Pioro Erik P,"A pathological hallmark of amyotrophic lateral sclerosis (ALS) is corticospinal tract (CST) degeneration resulting in upper motor neuron (UMN) dysfunction. No quantitative test is available to easily assess UMN pathways. Brain neuroimaging in ALS promises to potentially change this through identifying biomarkers of UMN dysfunction that may accelerate diagnosis and track disease progression. Fractal dimension (FD) has successfully been used to quantify brain grey matter (GM) and white matter (WM) shape complexity in various neurological disorders. Therefore, we investigated CST and whole brain GM and WM morphometric changes using FD analyses in ALS patients with different phenotypes. We hypothesized that FD would detect differences between ALS patients and neurologic controls and even between the ALS subgroups. Neuroimaging was performed in neurologic controls (n = 14), and ALS patients (n = 75). ALS patients were assigned into four groups based on their clinical or radiographic phenotypes. FD values were estimated for brain WM and GM structures. Patients with ALS and frontotemporal dementia (ALS-FTD) showed significantly higher CST FD values and lower primary motor and sensory cortex GM FD values compared to other ALS groups. No other group of ALS patients revealed significant FD value changes when compared to neurologic controls or with other ALS patient groups. These findings support a more severe disease process in ALS-FTD patients compared to other ALS patient groups. FD value measures may be a sensitive index to evaluate GM and WM (including CST) degeneration in ALS patients.",amyotrophic lateral sclerosis; corticospinal tract; fractal dimension; grey matter; white matter,Journal Article,2021,Brain sciences,eligible,eligible,final,complete,co_primary_focus,include,core,Adjudicação humana,pilot-v1.1,no_pubmed_integrity_signal,2026-08-22 01:52:33.208402-03,This article is included in the NDRO core analytical corpus.,Elegibilidade confirmada durante adjudicação humana,,2026-08-22 01:52:33.208402-03
ndro-mvp-v0.1.2-20260823,2026-08-23,FTD-R-052,FTD,32175624,https://pubmed.ncbi.nlm.nih.gov/32175624/,Cell-to-cell transmission of C9orf72 poly-(Gly-Ala) triggers key features of ALS/FTD.,Khosravi Bahram; LaClair Kathrine D; Riemenschneider Henrick; Zhou Qihui; Frottin Frédéric; Mareljic Nikola; Czuppa Mareike; Farny Daniel; Hartmann Hannelore; Michaelsen Meike; Arzberger Thomas; Hartl F Ulrich; Hipp Mark S; Edbauer Dieter,"The C9orf72 repeat expansion causes amyotrophic lateral sclerosis and frontotemporal dementia, but the poor correlation between C9orf72-specific pathology and TDP-43 pathology linked to neurodegeneration hinders targeted therapeutic development. Here, we addressed the role of the aggregating dipeptide repeat proteins resulting from unconventional translation of the repeat in all reading frames. Poly-GA promoted cytoplasmic mislocalization and aggregation of TDP-43 non-cell-autonomously, and anti-GA antibodies ameliorated TDP-43 mislocalization in both donor and receiver cells. Cell-to-cell transmission of poly-GA inhibited proteasome function in neighboring cells. Importantly, proteasome inhibition led to the accumulation of TDP-43 ubiquitinated within the nuclear localization signal (NLS) at lysine 95. Mutagenesis of this ubiquitination site completely blocked poly-GA-dependent mislocalization of TDP-43. Boosting proteasome function with rolipram reduced both poly-GA and TDP-43 aggregation. Our data from cell lines, primary neurons, transgenic mice, and patient tissue suggest that poly-GA promotes TDP-43 aggregation by inhibiting the proteasome cell-autonomously and non-cell-autonomously, which can be prevented by inhibiting poly-GA transmission with antibodies or boosting proteasome activity with rolipram.",antibody therapy; C9orf72; neurodegeneration; nucleocytoplasmic transport; proteasome,"Journal Article; Research Support, Non-U.S. Gov't",2020,The EMBO journal,eligible,eligible,final,complete,co_primary_focus,include,core,Consenso A+B,pilot-v1.1,no_pubmed_integrity_signal,2026-08-22 01:52:33.208402-03,This article is included in the NDRO core analytical corpus.,Estudo empírico original com abstract utilizável,,2026-08-22 01:52:33.208402-03
ndro-mvp-v0.1.2-20260823,2026-08-23,FTD-R-053,FTD,28541543,https://pubmed.ncbi.nlm.nih.gov/28541543/,Validation of the Dépistage Cognitif de Québec: A New Cognitive Screening Tool for Atypical Dementias.,Laforce Robert; Sellami Leila; Bergeron David; Paradis Audrey; Verret Louis; Fortin Marie-Pierre; Houde Michèle; Roy Martin; Poulin Stéphane; Macoir Joël; Hudon Carol; Bouchard Rémi W,"OBJECTIVE: This study aimed to validate and provide normative data for the Dépistage Cognitif de Québec (DCQ; www.dcqtest.org), a new cognitive screening tool for atypical dementias.
METHOD: The DCQ was developed by expert behavioral neurologists and clinical neuropsychologists based on updated criteria for Alzheimer's disease, primary progressive aphasia, and behavioral variant frontotemporal dementia. It targets five relevant domains: Memory, Visuospatial, Executive, Language, and Behavior. Validation was performed in a population-based sample of 410 healthy French-speaking Canadians aged between 50 and 89 years old. Normative data were derived from a subsample of 285 participants.
RESULTS: Mean DCQ total score (out of 100) was 89.17 (SD = 7.36). Pearson's correlation coefficient showed a strong and significant correlation (r = .71, p < .001) with the Montreal Cognitive Assessment. Internal consistency for the cognitive domains assessed by Cronbach's alpha was satisfactory (.74). Test-retest reliability was adequate (Pearson's coefficient = . 70, p < .001) and interrater reliability, excellent (intraclass correlation = .99, p < .001). Normative data shown in percentiles were stratified by age and education.
CONCLUSIONS: This study suggests that the DCQ is a valid and reliable cognitive screening test. Application of the DCQ on populations with atypical dementias is underway to derive sensitivity and specificity values for various dementias.",Alzheimer's disease; Dementia; Frontotemporal dementia; Norms/normative studies; Test construction,Journal Article; Validation Study,2018,Archives of clinical neuropsychology : the official journal of the National Academy of Neuropsychologists,eligible,eligible,final,not_applicable,background_mention,exclude,excluded_relevance,Consenso A+B,pilot-v1.1,no_pubmed_integrity_signal,2026-08-22 01:52:33.208402-03,This article is excluded because it does not meet NDRO scientific relevance criteria.,Estudo empírico original com abstract utilizável,,2026-08-22 01:52:33.208402-03
ndro-mvp-v0.1.2-20260823,2026-08-23,FTD-R-054,FTD,30537913,https://pubmed.ncbi.nlm.nih.gov/30537913/,Repetitive Behaviors in Frontotemporal Dementia: Compulsions or Impulsions?,Moheb Negar; Charuworn Kanida; Ashla Mark M; Desarzant Randy; Chavez Diana; Mendez Mario F,"OBJECTIVE: The presence of repetitive behaviors is one of the core criteria for behavioral variant frontotemporal dementia (bvFTD). Patients with bvFTD often have perseverative, stereotyped, or compulsive-ritualistic behavior as an early aspect of their disorder. It is unclear whether such behaviors are related to compulsions, as in obsessive-compulsive disorder (OCD), or are part of the impulse disorder spectrum.
METHODS: The authors investigated early (within 3 years) repetitive behaviors among 93 well-characterized patients who met International Consensus Criteria for clinically probable bvFTD and compared the results with the literature on OCD. The most common repetitive behaviors among 59 (63.4%) bvFTD patients were stereotypies of speech (35.5%), simple repetitive movements (15.2%-18.6%), hoarding and collecting (16.9%), and excessive or unnecessary trips to the bathroom (13.5%).
RESULTS: Only hoarding and collecting was significantly common in both bvFTD and OCD; otherwise, the bvFTD patients had very low frequencies of the common OCD behaviors of checking, cleaning, counting, and ordering. The repetitive behaviors in bvFTD were not associated with verbalized anxiety, obsessional ideation, or reports of relief after completing the act. In contrast, these behaviors were often triggered by environmental stimuli and could be temporarily prevented from completion without undue distress. Finally, among the bvFTD patients, the repetitive behaviors were always associated with impulsive or disinhibited behaviors, such as inappropriate verbal or physical behavior.
CONCLUSIONS: These findings suggest that the repetitive behaviors in bvFTD are repetitive impulsions, possibly from specific involvement of frontostriatal-anterior temporal pathology.",Compulsions; Frontotemporal Dementia; Impulsive Behavior; Repetitive Behavior; Stereotypies,Comparative Study; Journal Article,2018,The Journal of neuropsychiatry and clinical neurosciences,eligible,eligible,final,complete,primary_focus,include,core,Consenso A+B,pilot-v1.1,no_pubmed_integrity_signal,2026-08-22 01:52:33.208402-03,This article is included in the NDRO core analytical corpus.,Estudo empírico original com abstract utilizável,,2026-08-22 01:52:33.208402-03
ndro-mvp-v0.1.2-20260823,2026-08-23,FTD-R-055,FTD,31209121,https://pubmed.ncbi.nlm.nih.gov/31209121/,Fronto-parietal contributions to episodic retrieval-evidence from neurodegenerative disorders.,Ramanan Siddharth; Strikwerda-Brown Cherie; Mothakunnel Annu; Hodges John R; Piguet Olivier; Irish Muireann,"Converging evidence suggests a critical role for the parietal cortices in episodic memory retrieval. Here, we examined episodic memory performance in Corticobasal Syndrome (CBS), a rare neurodegenerative disorder presenting with early parietal atrophy in the context of variable medial temporal lobe damage. Forty-four CBS patients were contrasted with 29 typical Alzheimer's disease (AD), 29 healthy Controls, and 20 progressive supranuclear palsy patients presenting with brainstem atrophy as a disease control group. Participants completed standardized assessments of verbal episodic memory (learning, delayed recall, and recognition), and underwent structural and diffusion-weighted MRI. Selective delayed recall deficits were evident in the CBS group relative to Controls, at an intermediate level to the stark amnesia displayed by AD, and Control-level performance noted in progressive supranuclear palsy. Considerable variability within the CBS group on delayed recall performance led to the identification of memory-spared (N = 19) and memory-impaired (N = 25) subgroups. Whereas CBS-Spared showed no significant memory deficits, the CBS-Impaired subgroup were indistinguishable from typical AD across all episodic memory measures. Whole-brain voxel-based morphometry analyses implicated fronto-parietal and medial temporal regions in delayed recall performance in both the CBS-Impaired and AD groups. Furthermore, diffusion tensor imaging analyses revealed correlations between delayed recall performance and altered structural connectivity between fronto-parietal and frontotemporal regions in the CBS-Impaired group. Our findings underscore the importance of a distributed brain network including frontal, medial temporal, and parietal brain regions in supporting the capacity for successful episodic memory retrieval.",,"Comparative Study; Journal Article; Research Support, Non-U.S. Gov't",2019,"Learning & memory (Cold Spring Harbor, N.Y.)",eligible,eligible,final,not_applicable,not_relevant,exclude,excluded_relevance,Consenso A+B,pilot-v1.1,no_pubmed_integrity_signal,2026-08-22 01:52:33.208402-03,This article is excluded because it does not meet NDRO scientific relevance criteria.,Estudo empírico original com abstract utilizável,,2026-08-22 01:52:33.208402-03
ndro-mvp-v0.1.2-20260823,2026-08-23,FTD-R-056,FTD,34161229,https://pubmed.ncbi.nlm.nih.gov/34161229/,Multiple pathways of toxicity induced by C9orf72 dipeptide repeat aggregates and G4C2 RNA in a cellular model.,Frottin Frédéric; Pérez-Berlanga Manuela; Hartl F Ulrich; Hipp Mark S,"The most frequent genetic cause of amyotrophic lateral sclerosis and frontotemporal dementia is a G4C2 repeat expansion in the C9orf72 gene. This expansion gives rise to translation of aggregating dipeptide repeat (DPR) proteins, including poly-GA as the most abundant species. However, gain of toxic function effects have been attributed to either the DPRs or the pathological G4C2 RNA. Here, we analyzed in a cellular model the relative toxicity of DPRs and RNA. Cytoplasmic poly-GA aggregates, generated in the absence of G4C2 RNA, interfered with nucleocytoplasmic protein transport, but had little effect on cell viability. In contrast, nuclear poly-GA was more toxic, impairing nucleolar protein quality control and protein biosynthesis. Production of the G4C2 RNA strongly reduced viability independent of DPR translation and caused pronounced inhibition of nuclear mRNA export and protein biogenesis. Thus, while the toxic effects of G4C2 RNA predominate in the cellular model used, DPRs exert additive effects that may contribute to pathology.",biochemistry; chemical biology; human; neurodegeneration; neuroscience; protein aggregation; quality control,"Journal Article; Research Support, Non-U.S. Gov't",2021,eLife,eligible,eligible,final,complete,co_primary_focus,include,core,Consenso A+B,pilot-v1.1,no_pubmed_integrity_signal,2026-08-22 01:52:33.208402-03,This article is included in the NDRO core analytical corpus.,Estudo empírico original com abstract utilizável,,2026-08-22 01:52:33.208402-03
ndro-mvp-v0.1.2-20260823,2026-08-23,FTD-R-057,FTD,34152475,https://pubmed.ncbi.nlm.nih.gov/34152475/,TMEM106B modifies TDP-43 pathology in human ALS brain and cell-based models of TDP-43 proteinopathy.,Mao Fei; Robinson John L; Unger Travis; Posavi Marijan; Amado Defne A; Elman Lauren; Grossman Murray; Wolk David A; Lee Edward B; Van Deerlin Vivianna M; Porta Sílvia; Lee Virginia M Y; Trojanowski John Q; Chen-Plotkin Alice S,"The neurodegenerative diseases amyotrophic lateral sclerosis (ALS) and frontotemporal lobar degeneration with TAR DNA-binding protein-43 (TDP-43) inclusions (FTLD-TDP) share the neuropathological hallmark of aggregates of TDP-43. However, factors governing the severity and regional distribution of TDP-43 pathology, which may account for the divergent clinical presentations of ALS and FTLD-TDP, are not well understood. Here, we investigated the influence of genotypes at TMEM106B, a locus associated with risk for FTLD-TDP, and hexanucleotide repeat expansions in C9orf72, a known genetic cause for both ALS and FTLD-TDP, on global TDP-43 pathology and regional distribution of TDP-43 pathology in 899 postmortem cases from a spectrum of neurodegenerative diseases. We found that, among the 110 ALS cases, minor (C)-allele homozygotes at the TMEM106B locus sentinel SNP rs1990622 had more TDP-43 pathology globally, as well as in select brain regions. C9orf72 expansions similarly associated with greater TDP-43 pathology in ALS. However, adjusting for C9orf72 expansion status did not affect the relationship between TMEM106B genotype and TDP-43 pathology. To elucidate the direction of causality for this association, we directly manipulated TMEM106B levels in an inducible cell system that expresses mislocalized TDP-43 protein. We found that partial knockdown of TMEM106B, to levels similar to what would be expected in rs1990622 C allele carriers, led to development of more TDP-43 cytoplasmic aggregates, which were more insoluble, in this system. Taken together, our results support a causal role for TMEM106B in modifying the development of TDP-43 proteinopathy.",Amyotrophic lateral sclerosis; C9orf72; Cognitive impairment; Neuropathology; TDP-43; TMEM106B,"Journal Article; Research Support, N.I.H., Extramural; Research Support, Non-U.S. Gov't",2021,Acta neuropathologica,eligible,eligible,final,complete,co_primary_focus,include,core,Adjudicação humana,pilot-v1.1,no_pubmed_integrity_signal,2026-08-22 01:52:33.208402-03,This article is included in the NDRO core analytical corpus.,Elegibilidade confirmada durante adjudicação humana,,2026-08-22 01:52:33.208402-03
ndro-mvp-v0.1.2-20260823,2026-08-23,FTD-R-058,FTD,30837838,https://pubmed.ncbi.nlm.nih.gov/30837838/,Molecular Mechanisms of TDP-43 Misfolding and Pathology in Amyotrophic Lateral Sclerosis.,Prasad Archana; Bharathi Vidhya; Sivalingam Vishwanath; Girdhar Amandeep; Patel Basant K,"TAR DNA binding protein 43 (TDP-43) is a versatile RNA/DNA binding protein involved in RNA-related metabolism. Hyper-phosphorylated and ubiquitinated TDP-43 deposits act as inclusion bodies in the brain and spinal cord of patients with the motor neuron diseases: amyotrophic lateral sclerosis (ALS) and frontotemporal lobar degeneration (FTLD). While the majority of ALS cases (90-95%) are sporadic (sALS), among familial ALS cases 5-10% involve the inheritance of mutations in the TARDBP gene and the remaining (90-95%) are due to mutations in other genes such as: C9ORF72, SOD1, FUS, and NEK1 etc. Strikingly however, the majority of sporadic ALS patients (up to 97%) also contain the TDP-43 protein deposited in the neuronal inclusions, which suggests of its pivotal role in the ALS pathology. Thus, unraveling the molecular mechanisms of the TDP-43 pathology seems central to the ALS therapeutics, hence, we comprehensively review the current understanding of the TDP-43's pathology in ALS. We discuss the roles of TDP-43's mutations, its cytoplasmic mis-localization and aberrant post-translational modifications in ALS. Also, we evaluate TDP-43's amyloid-like in vitro aggregation, its physiological vs. pathological oligomerization in vivo, liquid-liquid phase separation (LLPS), and potential prion-like propagation propensity of the TDP-43 inclusions. Finally, we describe the various evolving TDP-43-induced toxicity mechanisms, such as the impairment of endocytosis and mitotoxicity etc. and also discuss the emerging strategies toward TDP-43 disaggregation and ALS therapeutics.",ALS therapeutics; amyotrophic lateral sclerosis (ALS); endocytosis; frontotemporal lobar degeneration (FTLD); liquid-liquid phase separation (LLPS); mitotoxicity; prion; TDP-43,Journal Article; Review,2019,Frontiers in molecular neuroscience,eligible,excluded,final,not_applicable,,exclude,excluded_eligibility,Regra de elegibilidade,pilot-v1.1,no_pubmed_integrity_signal,2026-08-22 01:52:33.208402-03,This article is excluded because it does not meet NDRO eligibility requirements.,Revisão ou meta-análise,,2026-08-22 01:52:33.208402-03
ndro-mvp-v0.1.2-20260823,2026-08-23,FTD-R-059,FTD,34115705,https://pubmed.ncbi.nlm.nih.gov/34115705/,18F-THK5351 PET Can Identify Core Lesions in Different Amyotrophic Lateral Sclerosis Phenotypes.,Higashihara Mana; Ishibashi Kenji; Tokumaru Aya M; Iwata Atsushi; Ishii Kenji,"Two patients with different amyotrophic lateral sclerosis (ALS) phenotypes underwent 18F-THK5351 PET to visualize lesions undergoing astrogliosis by measuring monoamine oxidase B activity. Patient 1 was a 57-year-old man with flail leg syndrome. Elevated uptake was observed inside the motor cortex, corresponding to the leg area in a cortical homunculus. Patient 2 was a 64-year-old man with ALS-frontotemporal dementia semantic variant. Elevated uptake was observed around the left anterior temporal lobe. Both core lesions were consistent with their respective neurological features. Hence, 18F-THK5351 PET is a useful technique to assess ALS pathophysiology by visualizing the core lesions.",,Case Reports; Journal Article,2021,Clinical nuclear medicine,eligible,excluded,final,not_applicable,,exclude,excluded_eligibility,Regra de elegibilidade,pilot-v1.1,no_pubmed_integrity_signal,2026-08-22 01:52:33.208402-03,This article is excluded because it does not meet NDRO eligibility requirements.,Relato ou série de casos,,2026-08-22 01:52:33.208402-03
ndro-mvp-v0.1.2-20260823,2026-08-23,FTD-R-060,FTD,32830216,https://pubmed.ncbi.nlm.nih.gov/32830216/,Limbic-predominant age-related TDP-43 encephalopathy differs from frontotemporal lobar degeneration.,Robinson John L; Porta Sílvia; Garrett Filip G; Zhang Panpan; Xie Sharon X; Suh EunRan; Van Deerlin Vivianna M; Abner Erin L; Jicha Gregory A; Barber Justin M; Lee Virginia M-Y; Lee Edward B; Trojanowski John Q; Nelson Peter T,"TAR-DNA binding protein-43 (TDP-43) proteinopathy is seen in multiple brain diseases. A standardized terminology was recommended recently for common age-related TDP-43 proteinopathy: limbic-predominant, age-related TDP-43 encephalopathy (LATE) and the underlying neuropathological changes, LATE-NC. LATE-NC may be co-morbid with Alzheimer's disease neuropathological changes (ADNC). However, there currently are ill-defined diagnostic classification issues among LATE-NC, ADNC, and frontotemporal lobar degeneration with TDP-43 (FTLD-TDP). A practical challenge is that different autopsy cohorts are composed of disparate groups of research volunteers: hospital- and clinic-based cohorts are enriched for FTLD-TDP cases, whereas community-based cohorts have more LATE-NC cases. Neuropathological methods also differ across laboratories. Here, we combined both cases and neuropathologists' diagnoses from two research centres-University of Pennsylvania and University of Kentucky. The study was designed to compare neuropathological findings between FTLD-TDP and pathologically severe LATE-NC. First, cases were selected from the University of Pennsylvania with pathological diagnoses of either FTLD-TDP (n = 33) or severe LATE-NC (mostly stage 3) with co-morbid ADNC (n = 30). Sections from these University of Pennsylvania cases were cut from amygdala, anterior cingulate, superior/mid-temporal, and middle frontal gyrus. These sections were stained for phospho-TDP-43 immunohistochemically and evaluated independently by two University of Kentucky neuropathologists blinded to case data. A simple set of criteria hypothesized to differentiate FTLD-TDP from LATE-NC was generated based on density of TDP-43 immunoreactive neuronal cytoplasmic inclusions in the neocortical regions. Criteria-based sensitivity and specificity of differentiating severe LATE-NC from FTLD-TDP cases with blind evaluation was ∼90%. Another proposed neuropathological feature related to TDP-43 proteinopathy in aged individuals is 'Alpha' versus 'Beta' in amygdala. Alpha and Beta status was diagnosed by neuropathologists from both universities (n = 5 raters). There was poor inter-rater reliability of Alpha/Beta classification (mean κ = 0.31). We next tested a separate cohort of cases from University of Kentucky with either FTLD-TDP (n = 8) or with relatively 'pure' severe LATE-NC (lacking intermediate or severe ADNC; n = 14). The simple criteria were applied by neuropathologists blinded to the prior diagnoses at University of Pennsylvania. Again, the criteria for differentiating LATE-NC from FTLD-TDP was effective, with sensitivity and specificity ∼90%. If more representative cases from each cohort (including less severe TDP-43 proteinopathy) had been included, the overall accuracy for identifying LATE-NC was estimated at >98% for both cohorts. Also across both cohorts, cases with FTLD-TDP died younger than those with LATE-NC (P < 0.0001). We conclude that in most cases, severe LATE-NC and FTLD-TDP can be differentiated by applying simple neuropathological criteria.",C9ORF72; FTD; GCI; NCI; TARDBP,"Comparative Study; Journal Article; Research Support, N.I.H., Extramural",2020,Brain : a journal of neurology,eligible,eligible,final,complete,primary_focus,include,core,Adjudicação humana,pilot-v1.1,no_pubmed_integrity_signal,2026-08-22 01:52:33.208402-03,This article is included in the NDRO core analytical corpus.,Elegibilidade confirmada durante adjudicação humana,,2026-08-22 01:52:33.208402-03
ndro-mvp-v0.1.2-20260823,2026-08-23,FTD-R-061,FTD,39535468,https://pubmed.ncbi.nlm.nih.gov/39535468/,Gaps in biomedical research in frontotemporal dementia: A call for diversity and disparities focused research.,"Nuytemans Karen; Franzen Sanne; Broce Iris J; Caramelli Paulo; Ellajosyula Ratnavalli; Finger Elizabeth; Gupta Veer; Gupta Vivek; Illán-Gala Ignacio; Loi Samantha M; Morhardt Darby; Pijnenburg Yolande; Rascovsky Katya; Williams Monique M; Yokoyama Jennifer S; Acosta-Uribe Juliana; Akinyemi Rufus; Alladi Suvarna; Ayele Biniyam A; Ayhan Yavuz; Bourdage Renelle; Castro-Suarez Sheila; de Souza Leonardo Cruz; Dacks Penny; de Boer Sterre C M; de Leon Jessica; Dodge Shana; Grasso Stephanie; Ghoshal Nupur; Kamath Vidyulata; Kumfor Fiona; Matias-Guiu Jordi A; Narme Pauline; Nielsen T Rune; Okhuevbie Daniel; Piña-Escudero Stefanie; Ruiz-Garcia Ramiro; Ryan Brigid; Scarioni Marta; Slachevsky Andrea; Suarez-Gonzalez Aida; Tee Boon Lead; Tsoy Elena; Ulugut Hulya; Onyike Chiadi U; Babulal Ganesh M; ISTAART Frontotemporal Dementia and Related Disorders PIA, ISTAART Diversity and Disparities PIA","Frontotemporal dementia (FTD) is one of the leading causes of young-onset dementia before age 65, typically manifesting as abnormal behavior (in behavioral variant FTD) or language impairment (in primary progressive aphasia). Although FTD affects all populations across the globe, knowledge regarding the pathophysiology and genetics derives primarily from studies conducted in North America and Western Europe. Globally, biomedical research for FTD is hindered by variable access to diagnosis, discussed in this group's earlier article, and by reduced access to expertise, funding, and infrastructure. This perspective paper was produced by two professional interest areas of the Alzheimer's Association International Society to Advance Alzheimer's Research and Treatment (ISTAART) and discusses the field's current status on the cross-cultural aspects of basic and translational research in FTD (including that focused on epidemiology, genetics, biomarkers, and treatment). It subsequently provides a summary of gaps and needs to address the disparities and advance global FTD biomedical research.",biomarkers; cultural diversity; epidemiology; ethnicity; frontotemporal dementia; genetics; infrastructure,"Journal Article; Research Support, N.I.H., Extramural; Research Support, Non-U.S. Gov't; Research Support, U.S. Gov't, Non-P.H.S.; Review",2024,Alzheimer's & dementia : the journal of the Alzheimer's Association,eligible,excluded,final,not_applicable,,exclude,excluded_eligibility,Regra de elegibilidade,pilot-v1.1,no_pubmed_integrity_signal,2026-08-22 01:52:33.208402-03,This article is excluded because it does not meet NDRO eligibility requirements.,Revisão ou meta-análise,,2026-08-22 01:52:33.208402-03
ndro-mvp-v0.1.2-20260823,2026-08-23,FTD-R-062,FTD,36445001,https://pubmed.ncbi.nlm.nih.gov/36445001/,Prevalence and determinants of language impairment in non-demented amyotrophic lateral sclerosis patients.,Solca Federica; Aiello Edoardo Nicolò; Torre Silvia; Carelli Laura; Ferrucci Roberta; Verde Federico; Ticozzi Nicola; Silani Vincenzo; Monti Alessia; Poletti Barbara,"BACKGROUND AND PURPOSE: This study aimed at estimating the prevalence of language impairment (LI) in a large, clinic-based cohort of non-demented amyotrophic lateral sclerosis (ALS) patients and assessing its underpinnings at motor and non-motor levels.
METHODS: Non-demented ALS patients (N = 348) underwent the Edinburgh Cognitive and Behavioural ALS Screen (ECAS), as well as an assessment of behavioural/psychiatric and motor-functional features. The prevalence of LI was estimated based on the proportion of patients showing a performance below the age- and education-adjusted cut-off on the ECAS-Language. Multiple regression models were run to assess the determinants of language functioning and impairment.
RESULTS: The prevalence of LI was 22.7%. 46.6% of the variance of ECAS-Language scores remained unexplained, with only the ECAS-Executive positively predicting them (p < 0.001; η2  = 0.07). Similarly, only a lower score on the ECAS-Executive predicted a higher probability of a below cut-off ECAS-Language performance (p < 0.001). Spelling and Naming tasks were the major drivers of ECAS-Language performance.
CONCLUSIONS: This study suggests that, in non-demented ALS patients, LI occurs in ≈23% of cases, is significantly driven by executive dysfunction but, at the same time, partially independent of it and is not associated with other motor or non-motor features.",amyotrophic lateral sclerosis; Edinburgh Cognitive and Behavioural ALS Screen; frontotemporal degeneration; language; primary progressive aphasia,"Journal Article; Research Support, Non-U.S. Gov't",2022,European journal of neurology,eligible,eligible,final,not_applicable,not_relevant,exclude,excluded_relevance,Consenso A+B,pilot-v1.1,no_pubmed_integrity_signal,2026-08-22 01:52:33.208402-03,This article is excluded because it does not meet NDRO scientific relevance criteria.,Estudo empírico original com abstract utilizável,,2026-08-22 01:52:33.208402-03
ndro-mvp-v0.1.2-20260823,2026-08-23,FTD-R-063,FTD,42141050,https://pubmed.ncbi.nlm.nih.gov/42141050/,Inter-brain processes during Live and Represented social moments are inter-related and shaped by behavioral synchrony.,Schwartz Linoy; Shilo Carmel; Hayut Olga; Brandet Jaden; Levy Jonathan; Peleg Itai; Feldman Ruth,"Inter-brain synchrony has recently emerged as core mechanism of brain functioning. Two approaches distinctly measure cross-brain processes; during live social exchanges or passive observation of social stimuli, but are the two underpinned by similar processes? Guided by the biobehavioral synchrony frame, we utilized hyperscanning EEG and a paradigm developed for the current study to explore the linkage between inter-brain synchrony during Live and Represented social experiences. In Study 1 (n = 130) mother-adolescent dyads engaged in free interaction, coded for behavioral synchrony, and then observed this interaction in separate rooms. Greater neural synchrony across the fronto-temporal inter-brain network emerged during live social participation than passive observation of represented social moments, and the two were inter-related and predicted by behavioral synchrony. Study 2 (n = 54) tested the generalizability of the findings in unfamiliar adults and similarly found linkage between neural synchrony during live and represented experiences, both associated with behavioral synchrony. Shared social experiences create lasting neural synchrony that can be reactivated during subsequent invocation and depends on relationship quality and familiarity. Findings highlight the role of live social moments and their retention in memory in shaping the social brain and have implications for the integration of the third- and second-person perspectives in social neuroscience.",,Journal Article,2026,Communications psychology,eligible,eligible,final,not_applicable,not_relevant,exclude,excluded_relevance,Consenso A+B,pilot-v1.1,no_pubmed_integrity_signal,2026-08-22 01:52:33.208402-03,This article is excluded because it does not meet NDRO scientific relevance criteria.,Estudo empírico original confirmado por leitura do abstract,,2026-08-22 01:52:33.208402-03
ndro-mvp-v0.1.2-20260823,2026-08-23,FTD-R-064,FTD,37387467,https://pubmed.ncbi.nlm.nih.gov/37387467/,Cortical hyperexcitability in amyotrophic lateral sclerosis: from pathogenesis to diagnosis.,Timmins Hannah C; Vucic Steve; Kiernan Matthew C,"PURPOSE OF REVIEW: Identification of upper motor neuron involvement remains a critical component of a diagnosis of amyotrophic lateral sclerosis (ALS), although supportive clinical signs are often not easily appreciated, particularly in the early symptomatic stages of the disease. Although diagnostic criteria have been developed to facilitate improved detection of lower motor neuron impairment through electrophysiological features that have improved diagnostic sensitivity, assessment of upper motor neuron involvement remains problematic.
RECENT FINDINGS: Recent evidence has emerged about pathophysiological processes, particularly glutamate-mediated excitotoxicity, which has resulted in the development of novel diagnostic investigations and uncovered potential therapeutic targets. Advances in genetics, including the C9orf72 gene, have changed concepts of ALS, from being classified as a neuromuscular disease to a disease that forms a continuum with other primary neurodegenerative disorders, particularly frontotemporal dementia. Transcranial magnetic stimulation has been utilized to provide pathophysiological insights, leading to the development of diagnostic and therapeutic biomarkers, which are now being introduced into the clinical setting.
SUMMARY: Specifically, the advent of cortical hyperexcitability has been consistently identified as an early and intrinsic feature of ALS. With greater accessibility of TMS techniques promoting clinical utilization, TMS measures of cortical function may develop as a diagnostic biomarker, with further potential utility in the clinical trial setting for monitoring of neuroprotective and genetic-based therapies.",,"Journal Article; Research Support, Non-U.S. Gov't; Review",2023,Current opinion in neurology,eligible,excluded,final,not_applicable,,exclude,excluded_eligibility,Regra de elegibilidade,pilot-v1.1,no_pubmed_integrity_signal,2026-08-22 01:52:33.208402-03,This article is excluded because it does not meet NDRO eligibility requirements.,Revisão ou meta-análise,,2026-08-22 01:52:33.208402-03
ndro-mvp-v0.1.2-20260823,2026-08-23,FTD-R-065,FTD,39062033,https://pubmed.ncbi.nlm.nih.gov/39062033/,Exploratory Tau PET/CT with [11C]PBB3 in Patients with Suspected Alzheimer's Disease and Frontotemporal Lobar Degeneration: A Pilot Study on Correlation with PET Imaging and Cerebrospinal Fluid Biomarkers.,Strobel Joachim; Yousefzadeh-Nowshahr Elham; Deininger Katharina; Bohn Karl Peter; von Arnim Christine A F; Otto Markus; Solbach Christoph; Anderl-Straub Sarah; Polivka Dörte; Fissler Patrick; Glatting Gerhard; Riepe Matthias W; Higuchi Makoto; Beer Ambros J; Ludolph Albert; Winter Gordon,"Accurately diagnosing Alzheimer's disease (AD) and frontotemporal lobar degeneration (FTLD) is challenging due to overlapping symptoms and limitations of current imaging methods. This study investigates the use of [11C]PBB3 PET/CT imaging to visualize tau pathology and improve diagnostic accuracy. Given diagnostic challenges with symptoms and conventional imaging, [11C]PBB3 PET/CT's potential to enhance accuracy was investigated by correlating tau pathology with cerebrospinal fluid (CSF) biomarkers, positron emission tomography (PET), computed tomography (CT), amyloid-beta, and Mini-Mental State Examination (MMSE). We conducted [11C]PBB3 PET/CT imaging on 24 patients with suspected AD or FTLD, alongside [11C]PiB PET/CT (13 patients) and [18F]FDG PET/CT (15 patients). Visual and quantitative assessments of [11C]PBB3 uptake using standardized uptake value ratios (SUV-Rs) and correlation analyses with clinical assessments were performed. The scans revealed distinct tau accumulation patterns; 13 patients had no or faint uptake (PBB3-negative) and 11 had moderate to pronounced uptake (PBB3-positive). Significant inverse correlations were found between [11C]PBB3 SUV-Rs and MMSE scores, but not with CSF-tau or CSF-amyloid-beta levels. Here, we show that [11C]PBB3 PET/CT imaging can reveal distinct tau accumulation patterns and correlate these with cognitive impairment in neurodegenerative diseases. Our study demonstrates the potential of [11C]PBB3-PET imaging for visualizing tau pathology and assessing disease severity, offering a promising tool for enhancing diagnostic accuracy in AD and FTLD. Further research is essential to validate these findings and refine the use of tau-specific PET imaging in clinical practice, ultimately improving patient care and treatment outcomes.",[11C]PBB3; Alzheimer’s disease; amyloid-beta; cerebrospinal fluid (CSF) biomarkers; computed tomography (CT); frontotemporal lobar degeneration; Mini-Mental State Examination (MMSE); neuroimaging; positron emission tomography (PET); tauopathies,Journal Article,2024,Biomedicines,eligible,eligible,final,complete,co_primary_focus,include,core,Consenso A+B,pilot-v1.1,no_pubmed_integrity_signal,2026-08-22 01:52:33.208402-03,This article is included in the NDRO core analytical corpus.,Estudo empírico original com abstract utilizável,,2026-08-22 01:52:33.208402-03
ndro-mvp-v0.1.2-20260823,2026-08-23,FTD-R-066,FTD,38501336,https://pubmed.ncbi.nlm.nih.gov/38501336/,Viscous dynamics associated with hypoexcitation and structural disintegration in neurodegeneration via generative whole-brain modeling.,Coronel-Oliveros Carlos; Gómez Raúl Gónzalez; Ranasinghe Kamalini; Sainz-Ballesteros Agustín; Legaz Agustina; Fittipaldi Sol; Cruzat Josephine; Herzog Rubén; Yener Gorsev; Parra Mario; Aguillon David; Lopera Francisco; Santamaria-Garcia Hernando; Moguilner Sebastián; Medel Vicente; Orio Patricio; Whelan Robert; Tagliazucchi Enzo; Prado Pavel; Ibañez Agustín,"INTRODUCTION: Alzheimer's disease (AD) and behavioral variant frontotemporal dementia (bvFTD) lack mechanistic biophysical modeling in diverse, underrepresented populations. Electroencephalography (EEG) is a high temporal resolution, cost-effective technique for studying dementia globally, but lacks mechanistic models and produces non-replicable results.
METHODS: We developed a generative whole-brain model that combines EEG source-level metaconnectivity, anatomical priors, and a perturbational approach. This model was applied to Global South participants (AD, bvFTD, and healthy controls).
RESULTS: Metaconnectivity outperformed pairwise connectivity and revealed more viscous dynamics in patients, with altered metaconnectivity patterns associated with multimodal disease presentation. The biophysical model showed that connectome disintegration and hypoexcitability triggered altered metaconnectivity dynamics and identified critical regions for brain stimulation. We replicated the main results in a second subset of participants for validation with unharmonized, heterogeneous recording settings.
DISCUSSION: The results provide a novel agenda for developing mechanistic model-inspired characterization and therapies in clinical, translational, and computational neuroscience settings.",Alzheimer's disease; electroencephalography; frontotemporal dementia; hypoexcitation; metaconnectivity; neurodegeneration; structural connectivity; whole‐brain modeling,"Journal Article; Research Support, N.I.H., Extramural; Research Support, Non-U.S. Gov't",2024,Alzheimer's & dementia : the journal of the Alzheimer's Association,eligible,eligible,final,complete,co_primary_focus,include,core,Consenso A+B,pilot-v1.1,no_pubmed_integrity_signal,2026-08-22 01:52:33.208402-03,This article is included in the NDRO core analytical corpus.,Estudo empírico original com abstract utilizável,,2026-08-22 01:52:33.208402-03
ndro-mvp-v0.1.2-20260823,2026-08-23,FTD-R-067,FTD,42491005,https://pubmed.ncbi.nlm.nih.gov/42491005/,Case Report: Cotard's syndrome associated with suicide attempt-related delirium.,Flach Richárd; Varga Júlia Éva; Herold Róbert; Bányavölgyi Vita; Osvath Péter; Fekete Sándor; Voros Viktor; Tényi Tamás,"Cotard's syndrome is a rare psychopathological phenomenon characterized by nihilistic delusions concerning one's body, existence, or death. We report the case of an 88-year-old man with no previous psychiatric treatment who was admitted following a medication-overdose suicide attempt in the context of a severe depressive crisis. After intensive and internal medical treatment, he developed a fluctuating confusional state characterized by disturbances of orientation, impaired attention, paranoid ideation, and nihilistic beliefs. During this period, he repeatedly stated that he was dead, had been cremated, and that his wife had also died. Notably, these nihilistic beliefs persisted during relatively lucid intervals, even as the severity of the disturbance of consciousness fluctuated. Severe depressive symptoms, somatic decompensation, metabolic abnormalities, sensory impairment, frontotemporal atrophy, and mild neurocognitive impairment were present. The clinical picture was interpreted as Cotard-type nihilistic delusions emerging during a fluctuating delirious state in the context of severe depression, suicidal behavior, and underlying neurocognitive vulnerability. Treatment with risperidone, mirtazapine, somatic stabilization, and supportive psychotherapy was followed by gradual resolution of both the confusional state and the nihilistic delusions. This case highlights the complex interplay between delirium, severe depression, suicidal behavior, and neurocognitive impairment in the development of Cotard-type phenomena and underscores the importance of a careful differential diagnostic approach when nihilistic delusions arise in medically and cognitively vulnerable older adults.",Cotard’s syndrome; late-life psychosis; mild cognitive impairment; nihilistic delusions; suicide attempt,Case Reports; Journal Article,2026,Frontiers in psychiatry,eligible,excluded,final,not_applicable,,exclude,excluded_eligibility,Regra de elegibilidade,pilot-v1.1,no_pubmed_integrity_signal,2026-08-22 01:52:33.208402-03,This article is excluded because it does not meet NDRO eligibility requirements.,Relato ou série de casos,,2026-08-22 01:52:33.208402-03
ndro-mvp-v0.1.2-20260823,2026-08-23,FTD-R-068,FTD,38477959,https://pubmed.ncbi.nlm.nih.gov/38477959/,"Point prevalence of epilepsy in dementia: A ""real-world"" estimate.",Muroni Antonella; Floris Gianluca; Borghero Giuseppe; Ardu Silvia; Pateri Maria Ida; Pilotto Silvy; Pisano Giada; Defazio Giovanni,"OBJECTIVE: Several studies have demonstrated a higher frequency of seizures and epilepsy in Alzheimer's disease and other forms of dementia as compared with healthy elderly individuals. However, incidence and prevalence of epilepsy in the general population of dementia are unknown since most previous studies were performed in secondary-tertiary referral centres. In addition, all prior studies but one provided ""period"" rather than ""point"" prevalence estimates.
METHODS: We assessed point prevalence estimate of epileptic manifestations requiring antiepileptic medication in patients Alzheimer's disease, vascular dementia, and fronto-temporal dementia from a secondary clinical setting.
RESULTS: Point prevalence estimates were 6.4% (95% CI: 1.5 to 11.3) in Alzheimer's disease, 8.9% (95% CI: 1.4 to 16.4), in vascular dementia, and 6% (95% CI: 1.3 to 10.7) in fronto-temporal dementia, rates that were greater than those observed in the healthy elderly population. Regardless of the etiology of dementia, epilepsy was characterized by unprovoked seizures that lacked distinguishing clinical features.
SIGNIFICANCE: These findings support epilepsy as part of the spectrum of dementia. The similar point prevalence of definite epilepsy requiring AED treatment in Alzheimer's disease and non Alzheimer dementias raised the possibility of similar underlying mechanism of epileptogenesis. Although this was not a population-based study, accurate point prevalence data from clinic setting would be important to better define the burden of epilepsy in dementia and the demands on health services to manage the condition.",alzheimer's disease; Epilepsy; fronto temporal dementia; point prevalence; vascular dementia,Journal Article,2024,Epileptic disorders : international epilepsy journal with videotape,eligible,eligible,final,complete,shared_mechanism,separate_view,separate,Adjudicação humana,pilot-v1.1,no_pubmed_integrity_signal,2026-08-22 01:52:33.208402-03,This original study is preserved in a separate analytical view.,Elegibilidade confirmada durante adjudicação humana,,2026-08-22 01:52:33.208402-03
ndro-mvp-v0.1.2-20260823,2026-08-23,FTD-R-069,FTD,38106054,https://pubmed.ncbi.nlm.nih.gov/38106054/,Functional network collapse in neurodegenerative disease.,Brown Jesse A; Lee Alex J; Fernhoff Kristen; Pistone Taylor; Pasquini Lorenzo; Wise Amy B; Staffaroni Adam M; Luisa Mandelli Maria; Lee Suzee E; Boxer Adam L; Rankin Katherine P; Rabinovici Gil D; Luisa Gorno Tempini Maria; Rosen Howard J; Kramer Joel H; Miller Bruce L; Seeley William W; Alzheimer’s Disease Neuroimaging Initiative (ADNI),"Cognitive and behavioral deficits in Alzheimer's disease (AD) and frontotemporal dementia (FTD) result from brain atrophy and altered functional connectivity. However, it is unclear how atrophy relates to functional connectivity disruptions across dementia subtypes and stages. We addressed this question using structural and functional MRI from 221 patients with AD (n=82), behavioral variant FTD (n=41), corticobasal syndrome (n=27), nonfluent (n=34) and semantic (n=37) variant primary progressive aphasia, and 100 cognitively normal individuals. Using partial least squares regression, we identified three principal structure-function components. The first component showed overall atrophy correlating with primary cortical hypo-connectivity and subcortical/association cortical hyper-connectivity. Components two and three linked focal syndrome-specific atrophy to peri-lesional hypo-connectivity and distal hyper-connectivity. Structural and functional component scores predicted global and domain-specific cognitive deficits. Anatomically, functional connectivity changes reflected alterations in specific brain activity gradients. Eigenmode analysis identified temporal phase and amplitude collapse as an explanation for atrophy-driven functional connectivity changes.",,Journal Article; Preprint,2023,bioRxiv : the preprint server for biology,eligible,eligible,final,complete,co_primary_focus,include,core,Consenso A+B,pilot-v1.1,no_pubmed_integrity_signal,2026-08-22 01:52:33.208402-03,This article is included in the NDRO core analytical corpus.,Estudo empírico original com abstract utilizável,,2026-08-22 01:52:33.208402-03
ndro-mvp-v0.1.2-20260823,2026-08-23,FTD-R-070,FTD,42416267,https://pubmed.ncbi.nlm.nih.gov/42416267/,Reported symptoms and patterns of language impairment in bilingual speakers with primary progressive aphasia: a retrospective study.,de Leon Jessica; Allen Isabel Elaine; Miller Zachary; Dronkers Nina; Henry Maya; Gorno-Tempini Maria Luisa; Grasso Stephanie,"BACKGROUND: The relative scarcity of studies of bilingual speakers with primary progressive aphasia (PPA) leads to knowledge gaps regarding their symptoms and patterns of language impairment. It is unknown if PPA symptoms in bilingual speakers differ from those of monolingual speakers. In addition, it remains unclear if one of a bilingual speaker's languages is more vulnerable to the onset of symptoms and/or is better preserved. Furthermore, bilingualism factors (e.g. order/age of language acquisition (L1/L2) and language dominance) may explain patterns of impairment both within and across the variants of PPA.
AIMS: To characterize the bilingualism factors, speech and language symptoms, and patterns of language impairment in a retrospective cohort of bilingual speakers with PPA.
METHODS: In a large cohort (N = 69) of bilingual speakers, we performed a chart review to extract information regarding self/caregiver-reported PPA symptoms, first language impacted by PPA at symptom onset, less preserved language at time of evaluation, and bilingual history factors (age/order of acquisition (L1/L2) and language dominance). We explored how emergence and presentation of symptoms associated with bilingualism factors.
RESULTS: The presenting symptoms were mostly consistent with current PPA diagnostic criteria, although symptoms unique to bilingual speakers were reported. The language reported to first be impacted by PPA, as well as the less preserved language at the time of evaluation, was generally reported to be the less dominant language, regardless of PPA variant. These measures did not associate as closely with age/order of acquisition (L1 versus L2).
CONCLUSION: Bilingual speakers with PPA may report additional symptoms that reflect their ability to speak more than one language. The less dominant language was most susceptible to the initial impact of PPA and also tended to the less preserved language at the time of evaluation. Future studies of bilingual speakers with neurodegenerative diseases should systematically consider bilingualism factors, which are likely to contribute to clinical presentation and disease progression.",Alzheimer’s disease; Bilingualism; frontotemporal dementia; primary progressive aphasia,Journal Article,2026,Aphasiology,eligible,eligible,final,not_applicable,not_relevant,exclude,excluded_relevance,Adjudicação humana,pilot-v1.1,no_pubmed_integrity_signal,2026-08-22 01:52:33.208402-03,This article is excluded because it does not meet NDRO scientific relevance criteria.,Elegibilidade confirmada durante adjudicação humana,,2026-08-22 01:52:33.208402-03
ndro-mvp-v0.1.2-20260823,2026-08-23,FTD-R-071,FTD,37356113,https://pubmed.ncbi.nlm.nih.gov/37356113/,Frontal variant Alzheimer's disease: A systematic narrative synthesis.,Brown Andrea; Salo Sarah K; Savage Greg,"BACKGROUND: Frontal variant Alzheimer's disease (fvAD) is considered a rare form of Alzheimer's disease (AD) which may be misdiagnosed as behavioural variant frontotemporal dementia (bvFTD). The literature has tended to conflate behavioural and executive dysfunction in fvAD cohorts and uses both AD diagnostic criteria and bvFTD diagnostic criteria to classify fvAD cohorts. The primary aim of this narrative synthesis was to summarise neuropsychological findings in fvAD cohorts in the context of established AD pathology.
METHODS: EMBASE, PsycINFO, PROQUEST and MEDLINE databases were searched for studies eligible for inclusion. Studies with both neuropsychological and biomarker evidence were included in the final narrative synthesis.
RESULTS: Ten studies were reviewed, including samples totalling 342 fvAD participants, 178 typical AD participants and 250 bvFTD participants. The review revealed areas worthy of further investigation that may aid differential diagnosis, including the degree of executive dysfunction in fvAD cohorts relative to bvFTD cohorts, the onset of behavioural and cognitive symptomatology, and similarities between fvAD and typical AD cognitive profiles.
CONCLUSION: There was insufficient neuropsychological evidence to clearly differentiate fvAD and bvFTD cognitive phenotypes, however, the review has highlighted distinctive features of the two disorders that may guide differential diagnosis in future research. Moreover, the review has highlighted issues involving disparate diagnostic criteria used to classify fvAD cohorts, contributing to variation in findings.",Behavioural variant Alzheimer's; Behavioural variant frontotemporal dementia; Dysexecutive Alzheimer's; Frontal variant Alzheimer's,Journal Article; Review,2023,Cortex; a journal devoted to the study of the nervous system and behavior,eligible,excluded,final,not_applicable,,exclude,excluded_eligibility,Regra de elegibilidade,pilot-v1.1,no_pubmed_integrity_signal,2026-08-22 01:52:33.208402-03,This article is excluded because it does not meet NDRO eligibility requirements.,Revisão ou meta-análise,,2026-08-22 01:52:33.208402-03
ndro-mvp-v0.1.2-20260823,2026-08-23,FTD-R-072,FTD,35943443,https://pubmed.ncbi.nlm.nih.gov/35943443/,"Living With Frontotemporal Degeneration: Diagnostic Journey, Symptom Experiences, and Disease Impact.",Barker Megan S; Dodge Shana G; Niehoff Debra; Denny Sharon; Dacks Penny A; Dickinson Susan; Cosentino Stephanie; Wheaton Dianna K H,"Frontotemporal degeneration (FTD) is an umbrella term encompassing a range of rare neurodegenerative disorders that cause progressive declines in cognition, behavior, and personality. Hearing directly from individuals living with FTD and their care partners is critical in optimizing care, identifying meaningful clinical trial endpoints, and improving research recruitment and retention. The current paper presents a subset of data from the FTD Insights Survey, chronicling the diagnostic journey, symptoms, and the impact of FTD on distress, quality of life, and independence, in the mild to moderate stages of the disease. Survey respondents included 219 individuals diagnosed with FTD and 437 current care partners, representing a range of FTD diagnoses. Around half of survey respondents reported seeing three or more doctors before an FTD diagnosis was given, and a range of prior diagnoses were noted. Most frequently endorsed symptoms tended to be consistent with clinical characteristics of the specific diagnosis, though there was significant variability in symptoms reported within diagnostic categories as well as considerable overlap in symptoms between diagnostic categories. Cognitive and language symptoms of FTD were generally most distressing to the person diagnosed, and a loss of independence was endorsed as affecting quality of life. The distinct perspectives of diagnosed persons and care partners regarding disease impact differed notably for bvFTD/Pick's disease. Participating independently in a range of activities, within the home, outside the home, and with other people, were reported as challenging for people living with FTD, underscoring the degree to which the lives of these individuals are affected even at the mild and moderate stages of disease. Overall, by heeding the perspectives of those living with FTD, we can begin to design more meaningful research studies, provide better care, and develop therapies that improve quality of life.",frontotemporal degeneration; frontotemporal dementia; lived experience; survey,"Journal Article; Research Support, Non-U.S. Gov't",2022,Journal of geriatric psychiatry and neurology,eligible,eligible,final,complete,primary_focus,include,core,Consenso A+B,pilot-v1.1,no_pubmed_integrity_signal,2026-08-22 01:52:33.208402-03,This article is included in the NDRO core analytical corpus.,Estudo empírico original com abstract utilizável,,2026-08-22 01:52:33.208402-03
ndro-mvp-v0.1.2-20260823,2026-08-23,FTD-R-073,FTD,41739556,https://pubmed.ncbi.nlm.nih.gov/41739556/,Neuronal TDP-43 regulates myelin formation via neurexin 1 mRNA stabilization.,Li Jiayi; Iguchi Yohei; Yoshida Kenji; Kato Daisuke; Araki Kunihiko; Kobayashi Kenta; Yokoi Satoshi; Yoshimoto Rei; Iida Madoka; Amakusa Yoshinobu; Kawakami Yu; Yoshimura Takashi; Chikuchi Ryo; Tsujikawa Koyo; Riku Yuichi; Iwasaki Yasushi; Okada Yohei; Ohno Nobuhiko; Wake Hiroaki; Katsuno Masahisa,"Amyotrophic lateral sclerosis (ALS) and frontotemporal lobar degeneration (FTLD) develop as spatial pathologies in which neurons and glial cells are interconnected. TAR DNA-binding protein 43 (TDP-43) is a major pathological protein that is inextricably associated with ALS and FTLD. In this study, we investigated the roles of neuronal TDP-43 in neuron-oligodendrocyte interactions using neuron-specific TDP-43 knockout (TDP-43cKO) mice. TDP-43 depletion in neurons induced hypomyelination, which was confirmed by immunohistochemistry and ultrastructural analysis. In addition, conduction disturbance was revealed by electrophysiological analysis. The hypomyelination of TDP-43cKO mouse was restored by cytoplasmic TDP-43 supplementation in neurons. Neuron-specific transcriptome analysis revealed that neurexin 1 (NRXN1) is the regulatory target of TDP-43, which promotes myelin formation. The hypomyelination of TDP-43cKO mice was also restored by NRXN1b supplementation in neurons. We further confirmed that TDP-43 stabilizes Nrxn1 mRNA by binding to the Nrxn1 3'untranslated region (3'UTR). Although TDP-43cKO exhibited impaired recognition memory, the supplementation of NRXN1 in the hippocampus recovered the memory disturbances. In conclusion, this study demonstrates the neuron-oligodendrocyte interaction mediated by neuronal TDP-43 via NRXN1 mRNA stabilization. These findings shed light on neuron-oligodendrocyte interaction in the disease mechanisms of ALS/FTLD.",amyotrophic lateral sclerosis; frontotemporal lobar degeneration; neurexin 1; neurodegeneration; TAR DNA-binding protein 43,Journal Article,2026,Proceedings of the National Academy of Sciences of the United States of America,eligible,eligible,final,complete,co_primary_focus,include,core,Consenso A+B,pilot-v1.1,no_pubmed_integrity_signal,2026-08-22 01:52:33.208402-03,This article is included in the NDRO core analytical corpus.,Estudo empírico original com abstract utilizável,,2026-08-22 01:52:33.208402-03
ndro-mvp-v0.1.2-20260823,2026-08-23,FTD-R-074,FTD,38132101,https://pubmed.ncbi.nlm.nih.gov/38132101/,Disruption of Mitophagy Flux through the PARL-PINK1 Pathway by CHCHD10 Mutations or CHCHD10 Depletion.,Liu Tian; Wetzel Liam; Zhu Zexi; Kumaraguru Pavan; Gorthi Viraj; Yan Yan; Bukhari Mohammed Zaheen; Ermekbaeva Aizara; Jeon Hanna; Kee Teresa R; Woo Jung-A Alexa; Kang David E,"Coiled-coil-helix-coiled-coil-helix domain-containing 10 (CHCHD10) is a nuclear-encoded mitochondrial protein which is primarily mutated in the spectrum of familial and sporadic amyotrophic lateral sclerosis (ALS)-frontotemporal dementia (FTD). Endogenous CHCHD10 levels decline in the brains of ALS-FTD patients, and the CHCHD10S59L mutation in Drosophila induces dominant toxicity together with PTEN-induced kinase 1 (PINK1), a protein critical for the induction of mitophagy. However, whether and how CHCHD10 variants regulate mitophagy flux in the mammalian brain is unknown. Here, we demonstrate through in vivo and in vitro models, as well as human FTD brain tissue, that ALS/FTD-linked CHCHD10 mutations (R15L and S59L) impair mitophagy flux and mitochondrial Parkin recruitment, whereas wild-type CHCHD10 (CHCHD10WT) normally enhances these measures. Specifically, we show that CHCHD10R15L and CHCHD10S59L mutations reduce PINK1 levels by increasing PARL activity, whereas CHCHD10WT produces the opposite results through its stronger interaction with PARL, suppressing its activity. Importantly, we also demonstrate that FTD brains with TAR DNA-binding protein-43 (TDP-43) pathology demonstrate disruption of the PARL-PINK1 pathway and that experimentally impairing mitophagy promotes TDP-43 aggregation. Thus, we provide herein new insights into the regulation of mitophagy and TDP-43 aggregation in the mammalian brain through the CHCHD10-PARL-PINK1 pathway.",CHCHD10; mitophagy; PARL; PINK1; TDP-43,"Journal Article; Research Support, N.I.H., Extramural; Research Support, Non-U.S. Gov't; Research Support, U.S. Gov't, Non-P.H.S.",2023,Cells,eligible,eligible,final,complete,co_primary_focus,include,core,Consenso A+B,pilot-v1.1,no_pubmed_integrity_signal,2026-08-22 01:52:33.208402-03,This article is included in the NDRO core analytical corpus.,Estudo empírico original com abstract utilizável,,2026-08-22 01:52:33.208402-03
ndro-mvp-v0.1.2-20260823,2026-08-23,FTD-R-075,FTD,39233675,https://pubmed.ncbi.nlm.nih.gov/39233675/,Boundary-based registration improves sensitivity for detecting hypoperfusion in sporadic frontotemporal lobar degeneration.,Mihailescu Sylvia; Hlava Quinn; Cook Philip A; Mandelli Maria Luisa; Lee Suzee E; Boeve Bradley F; Dickerson Bradford C; Gorno-Tempini Maria Luisa; Rogalski Emily; Grossman Murray; Gee James; McMillan Corey T; Olm Christopher A,"INTRODUCTION: Frontotemporal lobar degeneration (FTLD) is associated with FTLD due to tau (FTLD-tau) or TDP (FTLD-TDP) inclusions found at autopsy. Arterial Spin Labeling (ASL) MRI is often acquired in the same session as a structural T1-weighted image (T1w), enabling detection of regional changes in cerebral blood flow (CBF). We hypothesize that ASL-T1w registration with more degrees of freedom using boundary-based registration (BBR) will better align ASL and T1w images and show increased sensitivity to regional hypoperfusion differences compared to manual registration in patient participants. We hypothesize that hypoperfusion will be associated with a clinical measure of disease severity, the FTLD-modified clinical dementia rating scale sum-of-boxes (FTLD-CDR).
MATERIALS AND METHODS: Patients with sporadic likely FTLD-tau (sFTLD-tau; N = 21), with sporadic likely FTLD-TDP (sFTLD-TDP; N = 14), and controls (N = 50) were recruited from the Connectomic Imaging in Familial and Sporadic Frontotemporal Degeneration project (FTDHCP). Pearson's Correlation Coefficients (CC) were calculated on cortical vertex-wise CBF between each participant for each of 3 registration methods: (1) manual registration, (2) BBR initialized with manual registration (manual+BBR), (3) and BBR initialized using FLIRT (FLIRT+BBR). Mean CBF was calculated in the same regions of interest (ROIs) for each registration method after image alignment. Paired t-tests of CC values for each registration method were performed to compare alignment. Mean CBF in each ROI was compared between groups using t-tests. Differences were considered significant at p < 0.05 (Bonferroni-corrected). We performed linear regression to relate FTLD-CDR to mean CBF in patients with sFTLD-tau and sFTLD-TDP, separately (p < 0.05, uncorrected).
RESULTS: All registration methods demonstrated significant hypoperfusion in frontal and temporal regions in each patient group relative to controls. All registration methods detected hypoperfusion in the left insular cortex, middle temporal gyrus, and temporal pole in sFTLD-TDP relative to sFTLD-tau. FTLD-CDR had an inverse association with CBF in right temporal and orbitofrontal ROIs in sFTLD-TDP. Manual+BBR performed similarly to FLIRT+BBR.
DISCUSSION: ASL is sensitive to distinct regions of hypoperfusion in patient participants relative to controls, and in patients with sFTLD-TDP relative to sFTLD-tau, and decreasing perfusion is associated with increasing disease severity, at least in sFTLD-TDP. BBR can register ASL-T1w images adequately for controls and patients.",arterial spin labeling; boundary-based registration; cerebral blood flow; frontotemporal lobar degeneration; image registration,Journal Article,2024,Frontiers in neurology,eligible,eligible,final,complete,primary_focus,include,core,Consenso A+B,pilot-v1.1,no_pubmed_integrity_signal,2026-08-22 01:52:33.208402-03,This article is included in the NDRO core analytical corpus.,Estudo empírico original com abstract utilizável,,2026-08-22 01:52:33.208402-03
ndro-mvp-v0.1.2-20260823,2026-08-23,FTD-R-076,FTD,36781744,https://pubmed.ncbi.nlm.nih.gov/36781744/,Preclinical Interventions in Mouse Models of Frontotemporal Dementia Due to Progranulin Mutations.,Kashyap Shreya N; Boyle Nicholas R; Roberson Erik D,"Heterozygous loss-of-function mutations in progranulin (GRN) cause frontotemporal dementia (FTD), a leading cause of early-onset dementia characterized clinically by behavioral, social, and language deficits. There are currently no FDA-approved therapeutics for FTD-GRN, but this has been an active area of investigation, and several approaches are now in clinical trials. Here, we review preclinical development of therapies for FTD-GRN with a focus on testing in mouse models. Since most FTD-GRN-associated mutations cause progranulin haploinsufficiency, these approaches focus on raising progranulin levels. We begin by considering the disorders associated with altered progranulin levels, and then review the basics of progranulin biology including its lysosomal, neurotrophic, and immunomodulatory functions. We discuss mouse models of progranulin insufficiency and how they have been used in preclinical studies on a variety of therapeutic approaches. These include approaches to raise progranulin expression from the normal allele or facilitate progranulin production by the mutant allele, as well as approaches to directly increase progranulin levels by delivery across the blood-brain barrier or by gene therapy. Several of these approaches have entered clinical trials, providing hope that new therapies for FTD-GRN may be the next frontier in the treatment of neurodegenerative disease.",Frontotemporal dementia; Gene therapy; Haploinsufficiency; Lysosome; Neurodegeneration; Progranulin,"Journal Article; Research Support, Non-U.S. Gov't; Review",2023,Neurotherapeutics : the journal of the American Society for Experimental NeuroTherapeutics,eligible,excluded,final,not_applicable,,exclude,excluded_eligibility,Regra de elegibilidade,pilot-v1.1,no_pubmed_integrity_signal,2026-08-22 01:52:33.208402-03,This article is excluded because it does not meet NDRO eligibility requirements.,Revisão ou meta-análise,,2026-08-22 01:52:33.208402-03
ndro-mvp-v0.1.2-20260823,2026-08-23,FTD-R-077,FTD,38264640,https://pubmed.ncbi.nlm.nih.gov/38264640/,Lithium management of periodic mood fluctuations in behavioural frontotemporal dementia: a case report.,Llorca-Bofí Vicent; Batalla Iolanda; Ruiz-Julián Maria; Adrados-Pérez Marina; Buil-Reiné Esther; Piñol-Ripoll Gerard; Gallart-Palau Xavier; Torrent Aurora,"The behavioural variant of Frontotemporal Dementia (bvFTD) is a neurodegenerative condition characterized by behavioural and cognitive symptoms. Mood disturbances, including manic-like episodes, can occur in bvFTD, posing diagnostic and therapeutic challenges. This case report presents a 62-year-old male with bvFTD exhibiting weekly mood fluctuations alternating between manic and depressive-like states. While initial treatment with quetiapine and trazodone showed partial improvement, the periodicity of mood fluctuations persisted. Subsequently, lithium was introduced, resulting in a notable reduction in symptom severity for both manic and depressive episodes. This report highlights the potential use of lithium as a mood stabilizer in bvFTD patients with periodic mood fluctuations, refractory to standard treatments. Further research is needed to elucidate the mechanisms underlying lithium's efficacy in bvFTD and to establish treatment guidelines.",behavioural frontotemporal dementia; case report; lithium; manic-like episodes; mood fluctuations,Case Reports; Journal Article,2024,Frontiers in psychiatry,eligible,excluded,final,not_applicable,,exclude,excluded_eligibility,Regra de elegibilidade,pilot-v1.1,no_pubmed_integrity_signal,2026-08-22 01:52:33.208402-03,This article is excluded because it does not meet NDRO eligibility requirements.,Relato ou série de casos,,2026-08-22 01:52:33.208402-03
ndro-mvp-v0.1.2-20260823,2026-08-23,FTD-R-078,FTD,40137226,https://pubmed.ncbi.nlm.nih.gov/40137226/,A Twist in Yeast: New Perspectives for Studying TDP-43 Proteinopathies in S. cerevisiae.,Stella Roberto; Bertoli Alessandro; Lopreiato Raffaele; Peggion Caterina,"TAR DNA-binding protein 43 kDa (TDP-43) proteinopathies are a group of neurodegenerative diseases (NDs) characterized by the abnormal accumulation of the TDP-43 protein in neurons and glial cells. These proteinopathies are associated with several NDs, including amyotrophic lateral sclerosis, frontotemporal lobar degeneration, and some forms of Alzheimer's disease. Yeast models have proven valuable in ND research due to their simplicity, genetic tractability, and the conservation of many cellular processes shared with higher eukaryotes. For several decades, Saccharomyces cerevisiae has been used as a model organism to study the behavior and toxicity of TDP-43, facilitating the identification of genes and pathways that either exacerbate or mitigate its toxic effects. This review will discuss evidence showing that yeast models of TDP-43 exhibit defects in proteostasis, mitochondrial function, autophagy, and RNA metabolism, which are key features of TDP-43-related NDs. Additionally, we will explore how modulating proteins involved in these processes reduce TDP-43 toxicity, aiding in restoring normal TDP-43 function or preventing its pathological aggregation. These findings highlight potential therapeutic targets for the treatment of TDP-43-related diseases.",ALS; autophagy; chaperone; mitochondrial dysfunction; neurodegeneration; nucleolin; protein aggregation; RNA metabolism; TDP-43; yeast,Journal Article; Review,2025,"Journal of fungi (Basel, Switzerland)",eligible,excluded,final,not_applicable,,exclude,excluded_eligibility,Regra de elegibilidade,pilot-v1.1,no_pubmed_integrity_signal,2026-08-22 01:52:33.208402-03,This article is excluded because it does not meet NDRO eligibility requirements.,Revisão ou meta-análise,,2026-08-22 01:52:33.208402-03
ndro-mvp-v0.1.2-20260823,2026-08-23,FTD-R-079,FTD,37689642,https://pubmed.ncbi.nlm.nih.gov/37689642/,Mitochondrial dysfunction in neurodegenerative disorders: Potential therapeutic application of mitochondrial transfer to central nervous system-residing cells.,Bustamante-Barrientos Felipe A; Luque-Campos Noymar; Araya María Jesús; Lara-Barba Eliana; de Solminihac Javiera; Pradenas Carolina; Molina Luis; Herrera-Luna Yeimi; Utreras-Mendoza Yildy; Elizondo-Vega Roberto; Vega-Letter Ana María; Luz-Crawford Patricia,"Mitochondrial dysfunction is reiteratively involved in the pathogenesis of diverse neurodegenerative diseases. Current in vitro and in vivo approaches support that mitochondrial dysfunction is branded by several molecular and cellular defects, whose impact at different levels including the calcium and iron homeostasis, energetic balance and/or oxidative stress, makes it difficult to resolve them collectively given their multifactorial nature. Mitochondrial transfer offers an overall solution since it contains the replacement of damage mitochondria by healthy units. Therefore, this review provides an introducing view on the structure and energy-related functions of mitochondria as well as their dynamics. In turn, we summarize current knowledge on how these features are deregulated in different neurodegenerative diseases, including frontotemporal dementia, multiple sclerosis, amyotrophic lateral sclerosis, Friedreich ataxia, Alzheimer´s disease, Parkinson´s disease, and Huntington's disease. Finally, we analyzed current advances in mitochondrial transfer between diverse cell types that actively participate in neurodegenerative processes, and how they might be projected toward developing novel therapeutic strategies.",,"Journal Article; Research Support, Non-U.S. Gov't; Review",2023,Journal of translational medicine,eligible,excluded,final,not_applicable,,exclude,excluded_eligibility,Regra de elegibilidade,pilot-v1.1,no_pubmed_integrity_signal,2026-08-22 01:52:33.208402-03,This article is excluded because it does not meet NDRO eligibility requirements.,Revisão ou meta-análise,,2026-08-22 01:52:33.208402-03
ndro-mvp-v0.1.2-20260823,2026-08-23,FTD-R-080,FTD,35134572,https://pubmed.ncbi.nlm.nih.gov/35134572/,Impaired nuclear transport induced by juvenile ALS causing P525L mutation in NLS domain of FUS: A molecular mechanistic study.,Basu Sushmita; Rajendra K C; Alagar Suresh; Bahadur Ranjit Prasad,"Amyotrophic lateral sclerosis (ALS) and fronto-temporal lobar degeneration (FTLD) are progressive neurological disorders affecting motor neurons. Cellular aggregates of fused in sarcoma (FUS) protein are found in cytoplasm of ALS and FTLD patients. Nuclear localisation signal (NLS) domain of FUS binds to Karyopherin β2 (Kapβ2), which drives nuclear transport of FUS from cytoplasm. Several pathogenic mutations are reported in FUS NLS, which are associated with its impaired nuclear transport and cytoplasmic mis-localisation. P525L mutation in NLS is most commonly found in cases of juvenile ALS (jALS), which affects individuals below 25 years of age. jALS progresses aggressively causing death within a year of its onset. This study elucidates the molecular mechanism behind jALS-causing P525L mutation hindering nuclear transport of FUS. We perform multiple molecular dynamics simulations in aqueous and hydrophobic solvent to understand the effect of the mutation at molecular level. Dynamics of Kapβ2-FUS complex is better captured in hydrophobic solvent compared to aqueous solvent. P525 and Y526 (PY-motif) of NLS exhibit fine-tuned stereochemical arrangement, which is essential for optimum Kapβ2 binding. P525L causes loss of several native contacts at interface leading to weaker binding, which promotes self-aggregation of FUS in cytoplasm. Native complex samples closed conformation, while mutant complex exhibits open conformation exposing hydrophilic residues of Kapβ2 to hydrophobic solvent. Mutant complex also fails to exhibit spring-like motion essential for its transport through nuclear pore complex. This study provides a mechanistic insight of binding affinity between NLS and Kapβ2 that inhibits self-aggregation of FUS preventing the disease condition.",ALS and FTLD; Classical PY-NLS; Fused in sarcoma; Karyopherin β2; Molecular spring; Nuclear transport,Journal Article,2022,Biochimica et biophysica acta. Proteins and proteomics,eligible,eligible,final,not_applicable,background_mention,exclude,excluded_relevance,Adjudicação humana,pilot-v1.1,no_pubmed_integrity_signal,2026-08-22 01:52:33.208402-03,This article is excluded because it does not meet NDRO scientific relevance criteria.,Elegibilidade confirmada durante adjudicação humana,,2026-08-22 01:52:33.208402-03
ndro-mvp-v0.1.2-20260823,2026-08-23,FTD-R-42546888,FTD,42546888,https://pubmed.ncbi.nlm.nih.gov/42546888/,Neuron-specific suppression of aberrantly active Toll-NFκB signalling mitigates pathogenic tau hyperphosphorylation via Gsk-3β in Drosophila.,Aggarwal Prerna; Sarkar Surajit,"Chronic brain ailments like Alzheimer's disease and Frontotemporal dementia, together referred to as tauopathies, are strongly influenced by neuroinflammation, an age-associated functional anomaly. Neuroinflammation arising from a dysfunctional innate immune response, such as Toll-NFκB signalling, is implicated in modulating tau pathophysiology, with limited understanding of the molecular mechanisms. Pathogenic hyperphosphorylation of tau and its aggregation into neurotoxic species is considered as a central trigger of tau pathology; however, the mechanistic association between these pathogenic events and the Toll signalling remains largely unexplored. We examined the status of the Toll signalling in Drosophila tauopathy models and evaluated whether its modulation modifies disease severity. We present compelling evidence that neuronal expression of pathogenic human tau causes aberrant activation of the Toll signalling. In line, its additional upregulation further aggravates disease severity, while genetic downregulation of Toll components remarkably alleviates both structural and functional deficits. We subsequently noted that knockdown of the Toll pathway attenuates pathogenic tau hyperphosphorylation in a site-specific manner, largely coinciding with restoration of physiological activity of Gsk-3β/Akt/PP2Ac signalling, a relatively less explored molecular axis in neurons. Our study posits a potential contribution of neuron-intrinsic altered Toll signalling cascade in tau pathogenesis, warranting further exploration of this evolutionarily conserved pathway as a therapeutic target.",Drosophila; Gsk-3β; Neurodegeneration; Tauopathies; Toll signalling,Journal Article,2026,Biochimica et biophysica acta. Molecular basis of disease,eligible,eligible,semantic_pending,pending,,,,,eligibility-v1.1-update-20260822,no_pubmed_integrity_signal,2026-08-22 12:22:52.019764-03,This record has not yet received a final NDRO classification.,eligible_original_research_with_adequate_english_scientific_abstract,,2026-08-22 12:39:55.173011-03
ndro-mvp-v0.1.2-20260823,2026-08-23,FTD-R-42583949,FTD,42583949,https://pubmed.ncbi.nlm.nih.gov/42583949/,Facial Emotion Recognition Deficits in Alzheimer's Disease Are Associated With Bilateral Uncinate Fasciculus Abnormalities and Frontotemporal-Limbic Microstructural Disorganisation.,Takahashi Masato; Matsuoka Kiwamu; Yamamuro Kazuhiko; Toritsuka Michihiro; Makinodan Manabu,"BACKGROUND: Alzheimer's disease (AD) is associated with memory impairment and social cognitive dysfunction, including facial emotion recognition (FER) deficits. Our previous diffusion tensor imaging (DTI) study linked poor recognition of negative facial emotions in patients with AD to increased mean diffusivity (MD) in the left uncinate fasciculus (UF). Whether FER deficits in AD reflect microstructural alterations in related grey matter regions remains unclear.
METHODS: In this cross-sectional study, 74 patients with AD and 28 cognitively normal (CN) subjects underwent behavioural assessments using the Facial Emotion Selection Test (FEST). A subset of 67 AD patients and 23 CN patients underwent magnetic resonance imaging. DTI was used to assess the fractional anisotropy (FA) and MD of the bilateral UF, and neurite orientation dispersion and density imaging (NODDI) was used to evaluate the neurite density index (NDI) and orientation dispersion index (ODI) of the insula, amygdala and temporal lobe.
RESULTS: Patients with AD showed significantly lower FEST total, negative emotion, positive emotion and neutral expression scores. DTI revealed significantly lower FA and higher MD in the bilateral UF. In the AD group, higher bilateral UF MD was significantly associated with lower total FEST and negative emotional scores. NODDI analyses demonstrated significantly lower ODI in the insula, amygdala and temporal lobe in the AD group, whereas no significant between-group differences were observed in the NDI. In the uncorrected analyses, ODI showed trend-level positive associations with FEST performance; however, these associations did not remain significant after false discovery rate correction. Bilateral UF MD was negatively correlated with ODI in the insula and temporal lobes.
CONCLUSIONS: FER is broadly impaired in AD and is associated with bilateral UF abnormalities and reduced ODI in the frontotemporal-limbic regions. These findings suggest that social cognitive dysfunction in AD involves broader frontotemporal-limbic network disruption than isolated white matter abnormalities.",Alzheimer's disease; diffusion tensor imaging; facial expression; social cognition; uncinate fasciculus,Journal Article,2026,Psychogeriatrics : the official journal of the Japanese Psychogeriatric Society,eligible,eligible,semantic_pending,pending,,,,,eligibility-v1.1-update-20260822,no_pubmed_integrity_signal,2026-08-22 12:22:52.019764-03,This record has not yet received a final NDRO classification.,eligible_original_research_with_adequate_english_scientific_abstract,,2026-08-22 12:39:55.173011-03
ndro-mvp-v0.1.2-20260823,2026-08-23,FTD-R-42627489,FTD,42627489,https://pubmed.ncbi.nlm.nih.gov/42627489/,123I-FP-CIT uptake and behavioral disinhibition in the frontotemporal dementia spectrum: an exploratory DAT-SPECT study.,Katakami Shigeki; Satake Yuto; Taomoto Daiki; Okura Yuhei; Kobayashi Matasaburo; Takeda Kayo; Koizumi Fuyuki; Suehiro Takashi; Mori Kohji; Ikeda Manabu; Yoshiyama Kenji,"Behavioral disinhibition is a core feature of behavioral variant frontotemporal dementia (bvFTD) and occurs across related FTD-spectrum presentations. Serotonergic dysfunction may contribute to behavioral dysregulation; therefore, we primarily examined dorsal raphe (DR)-centered midbrain ¹²³I-FP-CIT uptake as an indirect extrastriatal signal that may partly reflect serotonin transporter-related binding. Because striatal dopaminergic circuits support reward learning, behavioral inhibition, and context-dependent behavioral updating, striatal uptake was examined exploratorily. This retrospective exploratory study included 21 patients within the FTD spectrum who underwent Neuropsychiatric Inventory (NPI) assessment, magnetic resonance imaging, and ¹²³I-FP-CIT single-photon emission computed tomography within a 3-month window. The primary outcome was the NPI disinhibition score. DR-centered midbrain and striatal specific uptake ratios (SURs) were calculated using the cerebellum as the reference region. Age- and sex-adjusted quasi-Poisson models with a log link were fitted. DR-centered midbrain SUR was not significantly associated with disinhibition in the primary model (β = -1.027, p = 0.353). In the exploratory model, higher striatal SUR was nominally associated with lower disinhibition scores (β = -0.438, p = 0.022). The negative direction of the striatal association was generally preserved across sensitivity analyses, although nominal significance was not retained in all models. DR-centered midbrain SUR was not significantly associated with behavioral disinhibition in this small FTD-spectrum cohort. Lower striatal SUR showed a directionally consistent but sensitivity-dependent nominal association with greater disinhibition. This hypothesis-generating finding may reflect broader frontostriatal disease burden, striatal neurodegeneration, parkinsonian-spectrum overlap, or partial-volume effects and does not establish a disinhibition-specific dopaminergic mechanism.",Corpus striatum; Disinhibition; Dopamine transporter; Frontotemporal dementia; Raphe nuclei; Single-photon emission computed tomography,Journal Article,2026,"Journal of neural transmission (Vienna, Austria : 1996)",eligible,eligible,semantic_pending,pending,,,,,eligibility-v1.1-update-20260822,no_pubmed_integrity_signal,2026-08-22 12:22:52.019764-03,This record has not yet received a final NDRO classification.,eligible_original_research_with_adequate_english_scientific_abstract,,2026-08-22 12:39:55.173011-03
ndro-mvp-v0.1.2-20260823,2026-08-23,FTD-R-42628773,FTD,42628773,https://pubmed.ncbi.nlm.nih.gov/42628773/,A replicated astrocyte long non-coding RNA signature of Alzheimer's disease is inverted in amyotrophic lateral sclerosis.,Tani Hidenori,"Reactive astrocyte transitions are central to neurological disease, yet their long non-coding RNA (lncRNA) regulators remain poorly defined, and single-nucleus studies frequently treat nuclei rather than donors as replicates. This study analyses publicly available human single-nucleus RNA sequencing from four disorders using donors as the unit of inference throughout: Alzheimer's disease (AD; middle temporal gyrus, 88 donors), C9orf72-associated amyotrophic lateral sclerosis and ALS/frontotemporal dementia (ALS; frontal cortex), multiple sclerosis (MS; cortex and white matter), and major depressive disorder (MDD; amygdala). The public MDD release pools nuclei by condition, so that arm cannot support donor-level inference and is exploratory only. Covariate-adjusted pseudobulk analysis of 70,009 CE astrocytes, controlling for sex, age at death and assay chemistry, identified 1,019 down-regulated autosomal lncRNAs after sex-chromosome transcripts were removed. This signature was not attributable to astrocyte subtype composition, which did not differ between groups, and 99.9% of members remained down-regulated within the dominant homeostatic subtype alone. The signature replicated in an independent AD cohort (32 of 41 testable members concordant; resampling P < 0.0001). Testing it outside AD gave a directional result: it was concordant in the MS discovery cohort (P < 0.0001) but inconclusive in an independent MS cohort in which the transcripts lay near the detection floor, and it was reproducibly inverted in ALS, in the C9orf72 discovery cohort and in an independent motor-cortex cohort not restricted to C9orf72 carriers. The inversion survived negative controls for global normalisation and expression level. These astrocyte lncRNA changes are therefore disorder-specific rather than pan-neuroinflammatory.",Disorder specificity; Donor-levelpseudobulk inference; Independent replication; Long non-coding RNA; Reactive astrocyte; Single-nucleus RNA sequencing,Journal Article,2026,Brain research,eligible,eligible,semantic_pending,pending,,,,,eligibility-v1.1-update-20260822,no_pubmed_integrity_signal,2026-08-22 12:22:52.019764-03,This record has not yet received a final NDRO classification.,eligible_original_research_with_adequate_english_scientific_abstract,,2026-08-22 12:39:55.173011-03
ndro-mvp-v0.1.2-20260823,2026-08-23,FTD-R-42628844,FTD,42628844,https://pubmed.ncbi.nlm.nih.gov/42628844/,Viral infection and dementia risk: A systematic bidirectional Mendelian randomization analysis.,Huang Jian-Wei; Wang Yi-Fei; Zheng Wen-Han; Cui Qian-Qian; Gao Shuang-Qi; Guo Ying,"BACKGROUND: Viral infections have attracted increasing interest as potentially alterable risk factors for dementia; nonetheless, the results from observational research are variable and prone to confounding bias and reverse causation. This work seeks to systematically explore the potential causal associations between several viral infections and various forms of dementia by a Mendelian randomization methodology utilizing summary statistics and extensive genomic data from the Finnish FinnGen R12 database.
METHODS: This study initially included 14 viral infections, including anogenital herpes, infectious mononucleosis, acute hepatitis B, herpesviral infections, acute poliomyelitis, rubella, varicella, viral warts, herpes zoster, COVID-19, measles, mumps, acute hepatitis A, and HIV infection. The outcome measurements included 15 forms of dementia, including Alzheimer's dementia, vascular dementia and its subtypes, and frontotemporal dementia. The principal analysis utilized the inverse variance weighted (IVW) methodology. This report provides the number of SNPs in each analysis, the mean F statistic, the causal effect estimates, and their 95% confidence ranges. All the MR-Egger regression, weighted median, simple mode, and weighted mode approaches were used in the sensitivity analyses.
RESULTS: The final analysis omitted acute hepatitis A, HIV infection, and measles because of inadequate instrumental variables (only 1-2 SNPs). The IVW primary analysis revealed 6 associations with uncorrected P < 0.05 among the remaining 11 viral infections. Rubella infection was associated with a decreased risk of vascular dementia (subcortical type) (OR = 0.8304; 95% CI: 0.7154-0.9638; P = 0.0145; SNPs = 7; mean F statistic = 25.56) and showed a negative association with the outcome of the composite dementia, including that of Alzheimer's disease (OR = 0.9553; 95% CI: 0.9128-0.9998; P = 0.0488). Viral wart infection was associated with a reduced risk of Alzheimer's dementia (OR = 0.9095; 95% CI: 0.8332-0.9928; P = 0.0338; SNPs = 11; mean F-statistic = 56.01), any dementia (strict exclusion criteria) (OR = 0.9278; 95% CI: 0.8668-0.9932; P = 0.0310), and Parkinson's-related dementia (OR = 0.8182; 95% CI: 0.6796-0.9852; P = 0.0342). There was a suggestive link between mumps infection and a higher risk of vascular dementia (mixed type) (OR = 1.5579; 95% CI: 1.2219-1.9864; P = 0.0003; SNPs = 5; mean F-statistic = 22.63). This link was equally strong in the weighted median analysis (OR = 1.4131, P = 0.0277). In fact, statistically significant connections were not found between any types of viral infections and dementias (after multiple testing correction). Furthermore, for the other viral infections, no associations were observed even at the uncorrected P < 0.05 level. All findings with uncorrected P < 0.05 were successfully tested for heterogeneity and pleiotropy, and sensitivity analyses revealed consistent effect directions.
CONCLUSION: This study offers suggestive genetic evidence for potential associations between certain viral infections and specific forms of dementia. Infections with rubella and viral warts may correlate with a diminished risk of dementia; however, mumps infection may increase the risk of vascular dementia (mixed type). It was not possible to reliably evaluate acute hepatitis A and HIV infection since there were not enough instrumental variables. These results provide preliminary insights into the influence of infectious agents on neurodegenerative disorders, serving as a hypothesis-generating framework for future epidemiological and mechanistic research.",Dementia; Mendelian randomization; Viral infections,Journal Article,2026,Virus research,eligible,eligible,semantic_pending,pending,,,,,eligibility-v1.1-update-20260822,no_pubmed_integrity_signal,2026-08-22 12:22:52.019764-03,This record has not yet received a final NDRO classification.,eligible_original_research_with_adequate_english_scientific_abstract,,2026-08-22 12:39:55.173011-03
ndro-mvp-v0.1.2-20260823,2026-08-23,HD-R-001,HD,21068430,https://pubmed.ncbi.nlm.nih.gov/21068430/,Tapping linked to function and structure in premanifest and symptomatic Huntington disease.,Bechtel N; Scahill R I; Rosas H D; Acharya T; van den Bogaard S J A; Jauffret C; Say M J; Sturrock A; Johnson H; Onorato C E; Salat D H; Durr A; Leavitt B R; Roos R A C; Landwehrmeyer G B; Langbehn D R; Stout J C; Tabrizi S J; Reilmann R,"OBJECTIVE: Motor signs are functionally disabling features of Huntington disease. Characteristic motor signs define disease manifestation. Their severity and onset are assessed by the Total Motor Score of the Unified Huntington's Disease Rating Scale, a categorical scale limited by interrater variability and insensitivity in premanifest subjects. More objective, reliable, and precise measures are needed which permit clinical trials in premanifest populations. We hypothesized that motor deficits can be objectively quantified by force-transducer-based tapping and correlate with disease burden and brain atrophy.
METHODS: A total of 123 controls, 120 premanifest, and 123 early symptomatic gene carriers performed a speeded and a metronome tapping task in the multicenter study TRACK-HD. Total Motor Score, CAG repeat length, and MRIs were obtained. The premanifest group was subdivided into A and B, based on the proximity to estimated disease onset, the manifest group into stages 1 and 2, according to their Total Functional Capacity scores. Analyses were performed centrally and blinded.
RESULTS: Tapping variability distinguished between all groups and subgroups in both tasks and correlated with 1) disease burden, 2) clinical motor phenotype, 3) gray and white matter atrophy, and 4) cortical thinning. Speeded tapping was more sensitive to the detection of early changes.
CONCLUSION: Tapping deficits are evident throughout manifest and premanifest stages. Deficits are more pronounced in later stages and correlate with clinical scores as well as regional brain atrophy, which implies a link between structure and function. The ability to track motor phenotype progression with force-transducer-based tapping measures will be tested prospectively in the TRACK-HD study.",,"Comparative Study; Journal Article; Multicenter Study; Research Support, N.I.H., Extramural; Research Support, Non-U.S. Gov't",2010,Neurology,eligible,eligible,final,complete,primary_focus,include,core,Consenso A+B,pilot-v1.1,no_pubmed_integrity_signal,2026-08-22 01:52:33.208402-03,This article is included in the NDRO core analytical corpus.,Estudo empírico original com abstract utilizável,,2026-08-22 01:52:33.208402-03
ndro-mvp-v0.1.2-20260823,2026-08-23,HD-R-002,HD,22773688,https://pubmed.ncbi.nlm.nih.gov/22773688/,Raft-like microdomains play a key role in mitochondrial impairment in lymphoid cells from patients with Huntington's disease.,Ciarlo Laura; Manganelli Valeria; Matarrese Paola; Garofalo Tina; Tinari Antonella; Gambardella Lucrezia; Marconi Matteo; Grasso Maria; Misasi Roberta; Sorice Maurizio; Malorni Walter,"Huntington's disease (HD) is a genetic neurodegenerative disease characterized by an exceedingly high number of contiguous glutamine residues in the translated protein, huntingtin (Htt). The primary site of cell toxicity is the nucleus, but mitochondria have been identified as key components of cell damage. The present work has been carried out in immortalized lymphocytes from patients with HD. These cells, in comparison with lymphoid cells from healthy subjects, displayed: i) a redistribution of mitochondria, forming large aggregates; ii) a constitutive hyperpolarization of mitochondrial membrane; and iii) a constitutive alteration of mitochondrial fission machinery, with high apoptotic susceptibility. Moreover, mitochondrial fission molecules, e.g., protein dynamin-related protein 1, as well as Htt, associated with mitochondrial raft-like microdomains, glycosphingolipid-enriched structures detectable in mitochondria. These findings, together with the observation that a ceramide synthase inhibitor and a raft disruptor are capable of impairing the peculiar mitochondrial remodeling in HD cells, suggest that mitochondrial alterations occurring in these cells could be due to raft-mediated defects of mitochondrial fission/fusion machinery.",,"Journal Article; Research Support, Non-U.S. Gov't",2012,Journal of lipid research,eligible,eligible,final,complete,primary_focus,include,core,Consenso A+B,pilot-v1.1,no_pubmed_integrity_signal,2026-08-22 01:52:33.208402-03,This article is included in the NDRO core analytical corpus.,Estudo empírico original com abstract utilizável,,2026-08-22 01:52:33.208402-03
ndro-mvp-v0.1.2-20260823,2026-08-23,HD-R-003,HD,24274906,https://pubmed.ncbi.nlm.nih.gov/24274906/,Development of an ELISA assay for the quantification of soluble huntingtin in human blood cells.,Massai Luisa; Petricca Lara; Magnoni Letizia; Rovetini Luca; Haider Salman; Andre Ralph; Tabrizi Sarah J; Süssmuth Sigurd D; Landwehrmeyer Bernhard G; Caricasole Andrea; Pollio Giuseppe; Bernocco Simonetta,"BACKGROUND: Huntington's disease (HD) is a monogenic disorder caused by an aberrant expansion of CAG repeats in the huntingtin gene (HTT). Pathogenesis is associated with expression of the mutant (mHTT) protein in the CNS, with its levels most likely related to disease progression and symptom severity. Since non-invasive methods to quantify HTT in the CNS do not exist, measuring amount of soluble HTT in peripheral cells represents an important step in development of disease-modifying interventions in HD.
RESULTS: An ELISA assay using commercially available antibodies was developed to quantify HTT levels in complex matrices like mammalian cell cultures lysates and human samples. The immunoassay was optimized using a recombinant full-length HTT protein, and validated both on wild-type and mutant HTT species. The ability of the assay to detect significant variations of soluble HTT levels was evaluated using an HSP90 inhibitor that is known to enhance HTT degradation. Once optimized, the bioassay was applied to peripheral blood mononuclear cells (PBMCs) from HD patients, demonstrating good potential in tracking the disease course.
CONCLUSIONS: The method described here represents a validated, simple and rapid bio-molecular assay to evaluate soluble HTT levels in blood cells as useful tool in disease and pharmacodynamic marker identification for observational and clinical trials.",,"Journal Article; Research Support, Non-U.S. Gov't",2013,BMC biochemistry,eligible,eligible,final,complete,primary_focus,include,core,Consenso A+B,pilot-v1.1,no_pubmed_integrity_signal,2026-08-22 01:52:33.208402-03,This article is included in the NDRO core analytical corpus.,Estudo empírico original com abstract utilizável,,2026-08-22 01:52:33.208402-03
ndro-mvp-v0.1.2-20260823,2026-08-23,HD-R-004,HD,23933746,https://pubmed.ncbi.nlm.nih.gov/23933746/,Journal of Parkinson's Disease--an excellent first year and a new sister.,Brundin Patrik; Langston J William,,,Editorial,2012,Journal of Parkinson's disease,excluded,excluded,final,not_applicable,,exclude,excluded_eligibility,Regra de elegibilidade,pilot-v1.1,no_pubmed_integrity_signal,2026-08-22 01:52:33.208402-03,This article is excluded because it does not meet NDRO eligibility requirements.,Abstract ausente,Abstract missing from the public PubMed record.,2026-08-22 01:52:33.208402-03
ndro-mvp-v0.1.2-20260823,2026-08-23,HD-R-005,HD,23719914,https://pubmed.ncbi.nlm.nih.gov/23719914/,Yeast as a platform to explore polyglutamine toxicity and aggregation.,Duennwald Martin L,"Protein misfolding is associated with many neurodegenerative diseases, including neurodegenerative diseases caused by polyglutamine expansion proteins, such as Huntington's disease. The model organism baker's yeast (Saccharomyces cerevisiae) has provided important general insights into the basic cellular mechanisms underlying protein misfolding. Furthermore, experiments in yeast have identified cellular factors that modulate the toxicity and the aggregation associated with polyglutamine expansion proteins. Notably, many features discovered in yeast have been proven to be highly relevant in other model organisms and in human pathology. The experimental protocols depicted here serve to reliably determine polyglutamine toxicity and polyglutamine aggregation in yeast.",,"Journal Article; Research Support, Non-U.S. Gov't; Review",2013,"Methods in molecular biology (Clifton, N.J.)",eligible,excluded,final,not_applicable,,exclude,excluded_eligibility,Regra de elegibilidade,pilot-v1.1,no_pubmed_integrity_signal,2026-08-22 01:52:33.208402-03,This article is excluded because it does not meet NDRO eligibility requirements.,Revisão ou meta-análise,,2026-08-22 01:52:33.208402-03
ndro-mvp-v0.1.2-20260823,2026-08-23,HD-R-006,HD,21834987,https://pubmed.ncbi.nlm.nih.gov/21834987/,"Identification and characterization of a set of conserved and new regulators of cytoskeletal organization, cell morphology and migration.",Bai Siau Wei; Herrera-Abreu Maria Teresa; Rohn Jennifer L; Racine Victor; Tajadura Virginia; Suryavanshi Narendra; Bechtel Stephanie; Wiemann Stefan; Baum Buzz; Ridley Anne J,"BACKGROUND: Cell migration is essential during development and in human disease progression including cancer. Most cell migration studies concentrate on known or predicted components of migration pathways.
RESULTS: Here we use data from a genome-wide RNAi morphology screen in Drosophila melanogaster cells together with bioinformatics to identify 26 new regulators of morphology and cytoskeletal organization in human cells. These include genes previously implicated in a wide range of functions, from mental retardation, Down syndrome and Huntington's disease to RNA and DNA-binding genes. We classify these genes into seven groups according to phenotype and identify those that affect cell migration. We further characterize a subset of seven genes, FAM40A, FAM40B, ARC, FMNL3, FNBP3/FBP11, LIMD1 and ZRANB1, each of which has a different effect on cell shape, actin filament distribution and cell migration. Interestingly, in several instances closely related isoforms with a single Drosophila homologue have distinct phenotypes. For example, FAM40B depletion induces cell elongation and tail retraction defects, whereas FAM40A depletion reduces cell spreading.
CONCLUSIONS: Our results identify multiple regulators of cell migration and cytoskeletal signalling that are highly conserved between Drosophila and humans, and show that closely related paralogues can have very different functions in these processes.",,"Journal Article; Research Support, Non-U.S. Gov't",2011,BMC biology,eligible,eligible,final,not_applicable,background_mention,exclude,excluded_relevance,Consenso A+B,pilot-v1.1,no_pubmed_integrity_signal,2026-08-22 01:52:33.208402-03,This article is excluded because it does not meet NDRO scientific relevance criteria.,Estudo empírico original com abstract utilizável,,2026-08-22 01:52:33.208402-03
ndro-mvp-v0.1.2-20260823,2026-08-23,HD-R-007,HD,21133708,https://pubmed.ncbi.nlm.nih.gov/21133708/,"Circulating levels of brain-derived neurotrophic factor: correlation with mood, cognition and motor function.",Teixeira Antonio Lucio; Barbosa Izabela Guimarães; Diniz Breno Satler; Kummer Arthur,"Brain-derived neurotrophic factor (BDNF) is the most widely distributed neurotrophin in the CNS, where it plays several pivotal roles in synaptic plasticity and neuronal survival. As a consequence, BDNF has become a key target in the physiopathology of several neurological and psychiatric diseases. Recent studies have consistently reported altered levels of BDNF in the circulation (i.e., serum or plasma) of patients with major depression, bipolar disorder, Alzheimer's disease, Huntington's disease and Parkinson's disease. Correlations between serum BDNF levels and affective, cognitive and motor symptoms have also been described. BDNF appears to be an unspecific biomarker of neuropsychiatric disorders characterized by neurodegenerative changes.",,Journal Article,2010,Biomarkers in medicine,eligible,excluded,final,not_applicable,,exclude,excluded_eligibility,Regra de elegibilidade,pilot-v1.1,no_pubmed_integrity_signal,2026-08-22 01:52:33.208402-03,This article is excluded because it does not meet NDRO eligibility requirements.,Revisão narrativa sem dados empíricos originais,,2026-08-22 01:52:33.208402-03
ndro-mvp-v0.1.2-20260823,2026-08-23,HD-R-008,HD,21209352,https://pubmed.ncbi.nlm.nih.gov/21209352/,It wasn't Witchcraft--It was Huntington Disease!,Penaranda Eribeth; Garcia Angel; Montgomery Lisa,"Huntington disease (HD) is an autosomal-dominant, incurable, progressive disorder that manifests with chorea and behavioral and cognitive impairment. The disease usually occurs during the fourth or fifth decade of life; however, it may present at any age. Clinical suspicion is confirmed by genetic testing. Death occurs, on average, 15 to 20 years after the onset of symptoms. Here we report about a Hispanic woman and her family who were affected by the disease; this case illustrates the role of cultural values and beliefs in the decision-making process, as well as the importance of the physician's cultural competency in fostering a trusting relationship that may lessen the burden of catastrophic diseases on individuals, families, and society at-large.",,Case Reports; Letter,2011,Journal of the American Board of Family Medicine : JABFM,eligible,excluded,final,not_applicable,,exclude,excluded_eligibility,Regra de elegibilidade,pilot-v1.1,no_pubmed_integrity_signal,2026-08-22 01:52:33.208402-03,This article is excluded because it does not meet NDRO eligibility requirements.,Relato ou série de casos,,2026-08-22 01:52:33.208402-03
ndro-mvp-v0.1.2-20260823,2026-08-23,HD-R-009,HD,23014122,https://pubmed.ncbi.nlm.nih.gov/23014122/,Witchcraft and Huntington's disease: a salutary history of societal and medical stigmatisation.,Loi Samantha; Chiu Edmond,"OBJECTIVE: This paper examines the notions that psychiatry can be greatly influenced by what society considers as 'normal', and that psychiatric thoughts and beliefs ebb and flow according to history and the social and cultural values of the time.
CONCLUSIONS: As part of the medical profession, psychiatrists have much power in determining treatment and outcomes for patients. Unfortunately, this also means psychiatry has also been involved with the darker aspects of humanity, such as during the Nazi regime, and the abuse of patients' human rights. Huntington's disease (HD) is a neuropsychiatric illness from which observation and little knowledge reported by the medical profession spanned decades of incorrect and sensationalised documentation, that was also influenced by the values of the time. Such was the atmosphere of society during this period that the ideas and notions regarding HD disseminated by the respected medical profession were believed and accepted as fact by the general population and other professions, who would have been ignorant of any other contrary information. We need to be aware of social and cultural values as these can influence our understanding of diagnoses and treatments of our patients.",,Historical Article; Journal Article,2012,Australasian psychiatry : bulletin of Royal Australian and New Zealand College of Psychiatrists,eligible,excluded,final,not_applicable,,exclude,excluded_eligibility,Human semantic-extraction adjudication v1.1,pilot-v1.1,no_pubmed_integrity_signal,2026-08-22 01:52:33.208402-03,This article is excluded because it does not meet NDRO eligibility requirements.,Historical and sociocultural article without an original empirical study.,,2026-08-22 01:52:33.208402-03
ndro-mvp-v0.1.2-20260823,2026-08-23,HD-R-010,HD,19882735,https://pubmed.ncbi.nlm.nih.gov/19882735/,Bioreactor expansion of human neural precursor cells in serum-free media retains neurogenic potential.,Baghbaderani Behnam A; Mukhida Karim; Sen Arindom; Kallos Michael S; Hong Murray; Mendez Ivar; Behie Leo A,"Human neural precursor cells (hNPCs), harvested from somatic tissue and grown in vitro, may serve as a source of cells for cell replacement strategies aimed at treating neurodegenerative disorders such as Parkinson's disease (PD), Huntington's disease (HD), and intractable spinal cord pain. A crucial element in a robust clinical production method for hNPCs is a serum-free growth medium that can support the rapid expansion of cells while retaining their multipotency. Here, we report the development of a cell growth medium (PPRF-h2) for the expansion of hNPCs, achieving an overall cell-fold expansion of 10(13) over a period of 140 days in stationary culture which is significantly greater than other literature results. More importantly, hNPC expansion could be scaled-up from stationary culture to suspension bioreactors using this medium. Serial subculturing of the cells in suspension bioreactors resulted in an overall cell-fold expansion of 7.8 x 10(13) after 140 days. These expanded cells maintained their multipotency including the capacity to generate large numbers of neurons (about 60%). In view of our previous studies regarding successful transplantation of the bioreactor-expanded hNPCs in animal models of neurological disorders, these results have demonstrated that PPRF-h2 (containing dehydroepiandrosterone, basic fibroblast growth factor and human leukemia inhibitory factor) can successfully facilitate the production of large quantities of hNPCs with potential to be used in the treatment of neurodegenerative disorders.",,"Journal Article; Research Support, Non-U.S. Gov't",2010,Biotechnology and bioengineering,eligible,eligible,final,not_applicable,background_mention,exclude,excluded_relevance,Adjudicação humana,pilot-v1.1,no_pubmed_integrity_signal,2026-08-22 01:52:33.208402-03,This article is excluded because it does not meet NDRO scientific relevance criteria.,Elegibilidade confirmada durante adjudicação humana,,2026-08-22 01:52:33.208402-03
ndro-mvp-v0.1.2-20260823,2026-08-23,HD-R-011,HD,21229495,https://pubmed.ncbi.nlm.nih.gov/21229495/,Primary diffuse large B-cell lymphoma of the skull mimicking osteomyelitis.,Senthilvel Egambaram; Subbiah Shanmugam; Jain Vikas; Seidman Michael,"Primary lymphomas of the skull are extremely rare, as fewer than 20 cases have been reported in the literature. We describe the case of a 51-year-old woman with Huntington chorea who presented with forehead swelling. Imaging studies detected an enhancing mass in the skull with some destruction of the underlying bone. These features were suggestive of osteomyelitis. Surgical excision was performed, and the mass was found to be a primary diffuse large B-cell lymphoma. The patient was administered postoperative chemotherapy, and she was in complete remission at the 1-year follow-up.",,Case Reports; Journal Article,2011,"Ear, nose, & throat journal",eligible,excluded,final,not_applicable,,exclude,excluded_eligibility,Regra de elegibilidade,pilot-v1.1,no_pubmed_integrity_signal,2026-08-22 01:52:33.208402-03,This article is excluded because it does not meet NDRO eligibility requirements.,Relato ou série de casos,,2026-08-22 01:52:33.208402-03
ndro-mvp-v0.1.2-20260823,2026-08-23,HD-R-012,HD,21984825,https://pubmed.ncbi.nlm.nih.gov/21984825/,In vitro and in vivo aggregation of a fragment of huntingtin protein directly causes free radical production.,Hands Sarah; Sajjad Mohammad U; Newton Michael J; Wyttenbach Andreas,"Neurodegenerative diseases are characterized by intra- and/or extracellular protein aggregation and oxidative stress. Intense attention has been paid to whether protein aggregation itself contributes to abnormal production of free radicals and ensuing cellular oxidative damage. Although this question has been investigated in the context of extracellular protein aggregation, it remains unclear whether protein aggregation inside cells alters the redox homeostasis. To address this, we have used in vitro and in vivo (cellular) models of Huntington disease, one of nine polyglutamine (poly(Q)) disorders, and examined the causal relationship among intracellular protein aggregation, reactive oxygen species (ROS) production, and toxicity. Live imaging of cells expressing a fragment of huntingtin (httExon1) with a poly(Q) expansion shows increased ROS production preceding cell death. ROS production is poly(Q) length-dependent and not due to the httExon 1 flanking sequence. Aggregation inhibition by the MW7 intrabody and Pgl-135 treatment abolishes ROS production, showing that increased ROS is caused by poly(Q) aggregation itself. To examine this hypothesis further, we determined whether aggregation of poly(Q) peptides in vitro generated free radicals. Monitoring poly(Q) protein aggregation using atomic force microscopy and hydrogen peroxide (H(2)O(2)) production over time in parallel we show that oligomerization of httEx1Q53 results in early generation of H(2)O(2). Inhibition of poly(Q) oligomerization by the single chain antibody MW7 abrogates H(2)O(2) formation. These results demonstrate that intracellular protein aggregation directly causes free radical production, and targeting potentially toxic poly(Q) oligomers may constitute a therapeutic target to counteract oxidative stress in poly(Q) diseases.",,"Journal Article; Research Support, Non-U.S. Gov't",2011,The Journal of biological chemistry,eligible,eligible,final,complete,primary_focus,include,core,Consenso A+B,pilot-v1.1,no_pubmed_integrity_signal,2026-08-22 01:52:33.208402-03,This article is included in the NDRO core analytical corpus.,Estudo empírico original com abstract utilizável,,2026-08-22 01:52:33.208402-03
ndro-mvp-v0.1.2-20260823,2026-08-23,HD-R-013,HD,23872847,https://pubmed.ncbi.nlm.nih.gov/23872847/,Targeting H3K4 trimethylation in Huntington disease.,Vashishtha Malini; Ng Christopher W; Yildirim Ferah; Gipson Theresa A; Kratter Ian H; Bodai Laszlo; Song Wan; Lau Alice; Labadorf Adam; Vogel-Ciernia Annie; Troncosco Juan; Ross Christopher A; Bates Gillian P; Krainc Dimitri; Sadri-Vakili Ghazaleh; Finkbeiner Steven; Marsh J Lawrence; Housman David E; Fraenkel Ernest; Thompson Leslie M,"Transcriptional dysregulation is an early feature of Huntington disease (HD). We observed gene-specific changes in histone H3 lysine 4 trimethylation (H3K4me3) at transcriptionally repressed promoters in R6/2 mouse and human HD brain. Genome-wide analysis showed a chromatin signature for this mark. Reducing the levels of the H3K4 demethylase SMCX/Jarid1c in primary neurons reversed down-regulation of key neuronal genes caused by mutant Huntingtin expression. Finally, reduction of SMCX/Jarid1c in primary neurons from BACHD mice or the single Jarid1 in a Drosophila HD model was protective. Therefore, targeting this epigenetic signature may be an effective strategy to ameliorate the consequences of HD.",neurodegeneration; polyglutamine,"Journal Article; Research Support, N.I.H., Extramural; Research Support, Non-U.S. Gov't; Research Support, U.S. Gov't, Non-P.H.S.",2013,Proceedings of the National Academy of Sciences of the United States of America,eligible,eligible,final,complete,primary_focus,include,core,Consenso A+B,pilot-v1.1,no_pubmed_integrity_signal,2026-08-22 01:52:33.208402-03,This article is included in the NDRO core analytical corpus.,Estudo empírico original com abstract utilizável,,2026-08-22 01:52:33.208402-03
ndro-mvp-v0.1.2-20260823,2026-08-23,HD-R-014,HD,20436779,https://pubmed.ncbi.nlm.nih.gov/20436779/,Computational Models Inform Clinical Science and Assessment: An Application to Category Learning in Striatal-Damaged Patients.,Maddox W Todd; Filoteo J Vincent; Zeithamova Dagmar,"In this article we develop a new model of classification that is intermediate between the static, single strategy decision-bound models and the dynamic trial by trial multiple systems model, dCOVIS. The new model, referred to as the sCOVIS model, assumes hypothesis-testing and procedural-based subsystems are active on each trial, but that the parameters that govern behavior of the system are fixed (static) within a block of trials. To determine the clinical utility of the model, it was applied to nonlinear information-integration classification data from patients with Parkinson's (PD) and Huntington's disease (HD). In one application, the models suggest that the locus of HD patients' nonlinear information-integration deficits is in their increased reliance on hypothesis-testing strategies, whereas the locus of PD patients' deficit is in the application of sub-optimal procedural-based strategies. In a second application, the weight associated with the hypothesis-testing subsystem is shown to account for a significant amount of the variance in longitudinal cognitive decline in non-demented PD patients above and beyond that predicted by accuracy alone. Together, the accuracy rate and this model index account for 72% of the total variance associated with cognitive decline in this sample of PD patients. Interestingly, the Wisconsin Card Sort task added no additional predictive power above and beyond that predicted by nonlinear accuracy alone.",,Journal Article,2010,Journal of mathematical psychology,eligible,eligible,final,complete,co_primary_focus,include,core,Consenso A+B,pilot-v1.1,no_pubmed_integrity_signal,2026-08-22 01:52:33.208402-03,This article is included in the NDRO core analytical corpus.,Estudo empírico original com abstract utilizável,,2026-08-22 01:52:33.208402-03
ndro-mvp-v0.1.2-20260823,2026-08-23,HD-R-015,HD,23376032,https://pubmed.ncbi.nlm.nih.gov/23376032/,"Hypoxia-inducible factor prolyl hydroxylases as targets for neuroprotection by ""antioxidant"" metal chelators: From ferroptosis to stroke.",Speer Rachel E; Karuppagounder Saravanan S; Basso Manuela; Sleiman Sama F; Kumar Amit; Brand David; Smirnova Natalya; Gazaryan Irina; Khim Soah J; Ratan Rajiv R,"Neurologic conditions including stroke, Alzheimer disease, Parkinson disease, and Huntington disease are leading causes of death and long-term disability in the United States, and efforts to develop novel therapeutics for these conditions have historically had poor success in translating from bench to bedside. Hypoxia-inducible factor (HIF)-1α mediates a broad, evolutionarily conserved, endogenous adaptive program to hypoxia, and manipulation of components of the HIF pathway is neuroprotective in a number of human neurological diseases and experimental models. In this review, we discuss molecular components of one aspect of hypoxic adaptation in detail and provide perspective on which targets within this pathway seem to be ripest for preventing and repairing neurodegeneration. Further, we highlight the role of HIF prolyl hydroxylases as emerging targets for the salutary effects of metal chelators on ferroptosis in vitro as well in animal models of neurological diseases.",Free radicals; Hypoxia-inducible factors; Metal chelators; Neurodegeneration; Prolyl hydroxylases; Transcription,"Journal Article; Research Support, Non-U.S. Gov't; Review",2013,Free radical biology & medicine,eligible,excluded,final,not_applicable,,exclude,excluded_eligibility,Regra de elegibilidade,pilot-v1.1,no_pubmed_integrity_signal,2026-08-22 01:52:33.208402-03,This article is excluded because it does not meet NDRO eligibility requirements.,Revisão ou meta-análise,,2026-08-22 01:52:33.208402-03
ndro-mvp-v0.1.2-20260823,2026-08-23,HD-R-016,HD,20670824,https://pubmed.ncbi.nlm.nih.gov/20670824/,Hunting-ton for new proteases: MMPs as the new target?,Johri Ashu; Beal M Flint,"Mutant huntingtin proteolysis mediated by various proteases plays a key role in Huntington's disease (HD) pathogenesis. In this issue of Neuron, Miller et al. have identified 11 proteases, including matrix metalloproteinases (MMPs), that when inhibited reduce huntingtin proteolysis and produce beneficial therapeutic effects. These findings provide new insights into huntingtin proteolysis and its potential as a therapeutic target.",,Comment; Journal Article,2010,Neuron,eligible,excluded,final,not_applicable,,exclude,excluded_eligibility,Regra de elegibilidade,pilot-v1.1,no_pubmed_integrity_signal,2026-08-22 01:52:33.208402-03,This article is excluded because it does not meet NDRO eligibility requirements.,"Editorial, comentário ou carta",,2026-08-22 01:52:33.208402-03
ndro-mvp-v0.1.2-20260823,2026-08-23,HD-R-017,HD,22277499,https://pubmed.ncbi.nlm.nih.gov/22277499/,[Selective degradation of expanded polyglutamine proteins by their specific recognition with QBP1].,Nagai Yoshitaka; Nukina Nobuyuki,"Protein misfolding and aggregation have been recognized as a common molecular pathogenesis of various neurodegenerative diseases including Alzheimer's, Parkinson's, and the polyglutamine (polyQ) diseases. The polyQ diseases, including Huntington's disease and various spinocerebellar ataxias, are caused by abnormal expansions of the polyQ stretch (>35-40) within disease-causative proteins. Recently, defects in protein degradation in the brain have been shown to cause neurodegeneration in genetically-engineered mice, highlighting two important roles of protein degradation systems in neurodegenerative diseases; 1) their dysfunction in the pathogenesis and 2) their activation as a therapy. However, it is indispensable to eliminate only the pathogenic proteins to avoid deleterious side effects. Aiming to selectively degrade the expanded polyQ proteins, we employed QBP1, a peptide which specifically binds to the expanded polyQ stretch. We designed a chimeric protein with the Hsc70 binding motif, a signal sequence for chaperone-mediated autophagy, fused to QBP1 (Hsc70BM-QBP1), and found that Hsc70BM-QBP1 accelerates the selective degradation of expanded polyQ proteins in cell culture. Gene therapy using a viral vector expressing Hsc70BM-QBP1 effectively ameliorates the motor dysfunction and premature death in polyQ disease model mice. We propose that our therapeutic strategy to selectively degrade the pathogenic proteins can also be applied to other neurodegenerative diseases.",,English Abstract; Journal Article,2011,Rinsho shinkeigaku = Clinical neurology,eligible,eligible,final,complete,shared_mechanism,separate_view,separate,Consenso A+B,pilot-v1.1,no_pubmed_integrity_signal,2026-08-22 01:52:33.208402-03,This original study is preserved in a separate analytical view.,Estudo empírico original com abstract utilizável,,2026-08-22 01:52:33.208402-03
ndro-mvp-v0.1.2-20260823,2026-08-23,HD-R-018,HD,21280221,https://pubmed.ncbi.nlm.nih.gov/21280221/,In silico discovery and experimental validation of new protein-protein interactions.,van Haagen Herman H H B M; 't Hoen Peter A C; de Morrée Antoine; van Roon-Mom Willeke M C; Peters Dorien J M; Roos Marco; Mons Barend; van Ommen Gert-Jan; Schuemie Martijn J,"We introduce a framework for predicting novel protein-protein interactions (PPIs), based on Fisher's method for combining probabilities of predictions that are based on different data sources, such as the biomedical literature, protein domain and mRNA expression information. Our method compares favorably to our previous method based on text-mining alone and other methods such as STRING. We evaluated our algorithms through the prediction of experimentally found protein interactions underlying Muscular Dystrophy, Huntington's Disease and Polycystic Kidney Disease, which had not yet been recorded in protein-protein interaction databases. We found a 1.74-fold increase in the mean average prediction precision for dysferlin and a 3.09-fold for huntingtin when compared to STRING. The top 10 of predicted interaction partners of huntingtin were analysed in depth. Five were identified previously, and the other five were new potential interaction partners. The full matrix of human protein pairs and their prediction scores are available for download. Our framework can be extended to predict other types of relationships such as proteins in a complex, pathway or related disease mechanisms.",,"Journal Article; Research Support, Non-U.S. Gov't; Validation Study",2011,Proteomics,eligible,eligible,final,not_applicable,background_mention,exclude,excluded_relevance,Adjudicação humana,pilot-v1.1,no_pubmed_integrity_signal,2026-08-22 01:52:33.208402-03,This article is excluded because it does not meet NDRO scientific relevance criteria.,Elegibilidade confirmada durante adjudicação humana,,2026-08-22 01:52:33.208402-03
ndro-mvp-v0.1.2-20260823,2026-08-23,HD-R-019,HD,21626556,https://pubmed.ncbi.nlm.nih.gov/21626556/,Milestones in huntington disease.,Shoulson Ira; Young Anne B,"There have been extraordinary advances in our knowledge of the underlying gene, the protein it encodes, various models of disease, and potential targets for effective therapies for Huntington disease. Huntington disease research has increased exponentially in the past 25 years, and we now understand many of the molecular mechanisms underlying the disease. Still, more work needs to be done before we have a full understanding of the pathophysiology of the disease. Clinical research on biomarkers and clinical trials on potential neuroprotective agents are underway. Here we review our progress in these areas over the last 25 years and speculate on what the next 25 years may hold.",,Historical Article; Journal Article; Review,2011,Movement disorders : official journal of the Movement Disorder Society,eligible,excluded,final,not_applicable,,exclude,excluded_eligibility,Regra de elegibilidade,pilot-v1.1,no_pubmed_integrity_signal,2026-08-22 01:52:33.208402-03,This article is excluded because it does not meet NDRO eligibility requirements.,Revisão ou meta-análise,,2026-08-22 01:52:33.208402-03
ndro-mvp-v0.1.2-20260823,2026-08-23,HD-R-020,HD,23700210,https://pubmed.ncbi.nlm.nih.gov/23700210/,Experimental models for identifying modifiers of polyglutamine-induced aggregation and neurodegeneration.,Calamini Barbara; Lo Donald C; Kaltenbach Linda S,"Huntington's disease (HD) typifies a class of inherited neurodegenerative disorders in which a CAG expansion in a single gene leads to an extended polyglutamine tract and misfolding of the expressed protein, driving cumulative neural dysfunction and degeneration. HD is invariably fatal with symptoms that include progressive neuropsychiatric and cognitive impairments, and eventual motor disability. No curative therapies yet exist for HD and related polyglutamine diseases; therefore, substantial efforts have been made in the drug discovery field to identify potential drug and drug target candidates for disease-modifying treatment. In this context, we review here a range of early-stage screening approaches based in in vitro, cellular, and invertebrate models to identify pharmacological and genetic modifiers of polyglutamine aggregation and induced neurodegeneration. In addition, emerging technologies, including high-content analysis, three-dimensional culture models, and induced pluripotent stem cells are increasingly being incorporated into drug discovery screening pipelines for protein misfolding disorders. Together, these diverse screening strategies are generating novel and exciting new probes for understanding the disease process and for furthering development of therapeutic candidates for eventual testing in the clinical setting.",,"Journal Article; Research Support, N.I.H., Extramural",2013,Neurotherapeutics : the journal of the American Society for Experimental NeuroTherapeutics,eligible,excluded,final,not_applicable,,exclude,excluded_eligibility,Regra de elegibilidade,pilot-v1.1,no_pubmed_integrity_signal,2026-08-22 01:52:33.208402-03,This article is excluded because it does not meet NDRO eligibility requirements.,Revisão ou meta-análise,,2026-08-22 01:52:33.208402-03
ndro-mvp-v0.1.2-20260823,2026-08-23,HD-R-021,HD,28603746,https://pubmed.ncbi.nlm.nih.gov/28603746/,Preclinical Evaluation of a Lentiviral Vector for Huntingtin Silencing.,Cambon Karine; Zimmer Virginie; Martineau Sylvain; Gaillard Marie-Claude; Jarrige Margot; Bugi Aurore; Miniarikova Jana; Rey Maria; Hassig Raymonde; Dufour Noelle; Auregan Gwenaelle; Hantraye Philippe; Perrier Anselme L; Déglon Nicole,"Huntington's disease (HD) is an autosomal dominant neurodegenerative disorder resulting from a polyglutamine expansion in the huntingtin (HTT) protein. There is currently no cure for this disease, but recent studies suggest that RNAi to downregulate the expression of both normal and mutant HTT is a promising therapeutic approach. We previously developed a small hairpin RNA (shRNA), vectorized in an HIV-1-derived lentiviral vector (LV), that reduced pathology in an HD rodent model. Here, we modified this vector for preclinical development by using a tat-independent third-generation LV (pCCL) backbone and removing the original reporter genes. We demonstrate that this novel vector efficiently downregulated HTT expression in vitro in striatal neurons derived from induced pluripotent stem cells (iPSCs) of HD patients. It reduced two major pathological HD hallmarks while triggering a minimal inflammatory response, up to 6 weeks after injection, when administered by stereotaxic surgery in the striatum of an in vivo rodent HD model. Further assessment of this shRNA vector in vitro showed proper processing by the endogenous silencing machinery, and we analyzed gene expression changes to identify potential off-targets. These preclinical data suggest that this new shRNA vector fulfills primary biosafety and efficiency requirements for further development in the clinic as a cure for HD.",biosafety; gene expression; Huntington; iPSCs; off-targets; RNA interference,Journal Article,2017,Molecular therapy. Methods & clinical development,eligible,eligible,final,complete,primary_focus,include,core,Consenso A+B,pilot-v1.1,no_pubmed_integrity_signal,2026-08-22 01:52:33.208402-03,This article is included in the NDRO core analytical corpus.,Estudo empírico original com abstract utilizável,,2026-08-22 01:52:33.208402-03
ndro-mvp-v0.1.2-20260823,2026-08-23,HD-R-022,HD,27372053,https://pubmed.ncbi.nlm.nih.gov/27372053/,Health Care Delivery Practices in Huntington's Disease Specialty Clinics: An International Survey.,Frich Jan C; Rae Daniela; Roxburgh Richard; Miedzybrodzka Zofia H; Edmondson Mary; Pope Erika Bjorklund; Goodman LaVonne; Haddad Monica S; Giuliano Joe; Nelson Eugene C; Guttman Mark; Nance Martha,"BACKGROUND: Little is known about the organization of clinical services for Huntington's disease (HD).
OBJECTIVE: To describe how health care services are organized and delivered in HD-clinics taking part in or eligible for the Enroll-HD study.
METHODS: In 2014, a 69-item survey was administered to sites taking part in or eligible for the Enroll-HD study.
RESULTS: Of 231 sites surveyed, 121 (52.2%) sites in Europe, North America, Latin America, and Oceania responded. Most sites in the sample serve large populations, with 61.1% serving more than 1.5 million people, and a further 33% serving >500,000. Almost all (86.0%) centers see patients from outside their region. The majority of centers (59.7%) follow 50-199 patients, 21.9% care for more than 200. Most centers provide care in all stages of HD, and nearly all review pre-symptomatic cases. Multidisciplinary case reviews are offered in 54.5% of sites, with outreach clinics offered by 48.1%. Videoconferencing and telemedicine are used by 23.6%. Separate consultations for caregivers are offered in more than half of the centers. Most centers (70.4%) report following published guidelines or local care pathways for HD.
CONCLUSIONS: Most centers serve a large population and use a multidisciplinary approach. The survey gives insight into factors underpinning HD service delivery globally. There is a need for more in-depth studies of clinical practice to understand how services are organized and how such features may be associated with quality of care.",health services; Huntington’s disease; quality of health care,"Journal Article; Research Support, Non-U.S. Gov't",2016,Journal of Huntington's disease,eligible,eligible,final,complete,primary_focus,include,core,Consenso A+B,pilot-v1.1,no_pubmed_integrity_signal,2026-08-22 01:52:33.208402-03,This article is included in the NDRO core analytical corpus.,Estudo empírico original com abstract utilizável,,2026-08-22 01:52:33.208402-03
ndro-mvp-v0.1.2-20260823,2026-08-23,HD-R-023,HD,28242448,https://pubmed.ncbi.nlm.nih.gov/28242448/,"Aloe emodin, an anthroquinone from Aloe vera acts as an anti aggregatory agent to the thermally aggregated hemoglobin.",Furkan Mohammad; Alam Md Tauqir; Rizvi Asim; Khan Kashan; Ali Abad; Shamsuzzaman; Naeem Aabgeena,"Aggregation of proteins is a physiological process which contributes to the pathophysiology of several maladies including diabetes mellitus, Huntington's and Alzheimer's disease. In this study we have reported that aloe emodin (AE), an anthroquinone, which is one of the active components of the Aloe vera plant, acts as an inhibitor of hemoglobin (Hb) aggregation. Hb was thermally aggregated at 60°C for four days as evident by increased thioflavin T and ANS fluorescence, shifted congo red absorbance, appearance of β sheet structure, increase in turbidity and presence of oligomeric aggregates. Increasing concentration of AE partially reverses the aggregation of the model heme protein (hemoglobin). The maximum effect of AE was observed at 100μM followed by saturation at 125μM. The results were confirmed by UV-visible spectrometry, intrinsic fluorescence, ThT, ANS, congo red assay as well as transmission electron microscopy (TEM). These results were also supported by fourier transform infrared spectroscopy (FTIR) and circular dichroism (CD) which shows the disappearance of β sheet structure and appearance of α helices. This study will serve as baseline for translatory research and the development of AE based therapeutics for diseases attributed to protein aggregation.",Aggregation; Aloe emodin; Congo red; FTIR and TEM; Hemoglobin,Journal Article,2017,"Spectrochimica acta. Part A, Molecular and biomolecular spectroscopy",eligible,eligible,final,not_applicable,background_mention,exclude,excluded_relevance,Consenso A+B,pilot-v1.1,no_pubmed_integrity_signal,2026-08-22 01:52:33.208402-03,This article is excluded because it does not meet NDRO scientific relevance criteria.,Estudo empírico original com abstract utilizável,,2026-08-22 01:52:33.208402-03
ndro-mvp-v0.1.2-20260823,2026-08-23,HD-R-024,HD,25575960,https://pubmed.ncbi.nlm.nih.gov/25575960/,Presymptomatic glutamate levels in prefrontal cortex in the Hdh(CAG150) mouse model of Huntington's disease.,Wolfram-Aduan Antigone; Altemus Megan; Wickwire John H; Sandstrom Michael I,"BACKGROUND: Huntington's disease (HD) is a genetic neurodegenerative disorder with few available treatments. Clinical observations suggest prefrontal dysfunction in early stages of HD is associated with altered glutamate transport. Evidence from the R6/2 mouse model suggests an abnormal increase in glutamate signaling in the sensorimotor cortex and striatum.
OBJECTIVE: The present study was designed to determine if a similar deficit in glutamate function occurs in the prefrontal cortex (PFC) of Hdh(CAG150) mice.
METHODS: We used the following groups of 40 week old male and female Hdh(CAG150) mice: homozygote n = 7, heterozygote n = 7, wild type n = 6. Motor coordination was evaluated using a hanging wire grid test and a balance beam. Microdialysis measurements were taken from the PFC of freely moving mice while glutamate transporters were inhibited by L-trans-pyrrolidine-2, 4-dicarboxylate (PDC) and compared to baseline glutamate levels.
RESULTS: RESULTS indicated an elevation in glutamate levels in response to PDC but no significant difference among genotype groups. When comparing wild type and homozygote alone, a significant difference in total extracellular glutamate was observed. Contrary to our original hypothesis, the homozygote group had lower glutamate levels compared to their wild type counterparts. Furthermore, there was a significant difference in GABA measurements across genotypes.
CONCLUSIONS: Our results suggest a mechanistic dichotomy between R6/2 and Hdh(CAG150) mice and underscores the need to select the appropriate HD mouse model when assessing therapeutic interventions. In particular, the time when animals are evaluated can have a significant impact on behavioral and physiological measures and so should be carefully considered.",$Hdh^{(CAG150)}$; animal models; Huntington's disease; microdialysis; prefrontal cortex,"Journal Article; Research Support, Non-U.S. Gov't",2014,Journal of Huntington's disease,eligible,eligible,final,complete,primary_focus,include,core,Consenso A+B,pilot-v1.1,no_pubmed_integrity_signal,2026-08-22 01:52:33.208402-03,This article is included in the NDRO core analytical corpus.,Estudo empírico original com abstract utilizável,,2026-08-22 01:52:33.208402-03
ndro-mvp-v0.1.2-20260823,2026-08-23,HD-R-025,HD,25319005,https://pubmed.ncbi.nlm.nih.gov/25319005/,Sub-chronic copper pretreatment reduces oxidative damage in an experimental Huntington's disease model.,Martínez-Lazcano Juan Carlos; Montes Sergio; Sánchez-Mendoza María Alicia; Rodríguez-Páez Lorena; Pérez-Neri Iván; Boll Marie Catherine; Campos-Arroyo Hortensia Denise; Ríos Camilo; Pérez-Severiano Francisca,"Quinolinic acid (QUIN) striatal injection in rat reproduces the main neurochemical features of Huntington's disease (HD), including oxidative damage. In this study, we evaluated the effect of a copper (Cu) supplement in drinking water (90 ppm Cu, 28 days) on the QUIN-induced HD model in the rat. Copper exposure caused no signs of liver toxicity; however, it produced significant Cu accumulation in striatum. It is noteworthy that QUIN also caused increased striatal Cu content; when the supplement was administered to animals with QUIN-injury, an even higher metal striatal accumulation was observed. Cu pre-treatment preserved striatal gamma-aminobutyric acid (GABA) content, which was reduced by QUIN intrastriatal injection. Similarly, apomorphine-induced circling behavior was reduced in Cu-pretreated QUIN-damaged rats. Metal supplement in drinking water prevented both lipid peroxidation and reactive oxygen species (ROS) formation caused by QUIN in striatum. In Cu-treated groups, superoxide dismutase-1 (SOD1) activity showed a significant increase, while SOD2 activity was slightly enhanced. Although the pathophysiological role for higher Cu levels in patients with HD and in experimental models of the disease is not fully understood, results in the present study suggest that Cu oral intake stimulates anti-oxidant defenses, an effect that may be a potential factor for reducing the progression of HD.",,Journal Article,2014,Biological trace element research,eligible,eligible,final,complete,primary_focus,include,core,Consenso A+B,pilot-v1.1,no_pubmed_integrity_signal,2026-08-22 01:52:33.208402-03,This article is included in the NDRO core analytical corpus.,Estudo empírico original com abstract utilizável,,2026-08-22 01:52:33.208402-03
ndro-mvp-v0.1.2-20260823,2026-08-23,HD-R-026,HD,28785799,https://pubmed.ncbi.nlm.nih.gov/28785799/,"Genetics of disease severity in multiple sclerosis, Alzheimer's disease, and Huntington's disease: rejuvenating genome-wide association studies.",Hrastelj James; Robertson Neil,,,Journal Article,2017,Journal of neurology,excluded,excluded,final,not_applicable,,exclude,excluded_eligibility,Regra de elegibilidade,pilot-v1.1,no_pubmed_integrity_signal,2026-08-22 01:52:33.208402-03,This article is excluded because it does not meet NDRO eligibility requirements.,Abstract ausente,Abstract missing from the public PubMed record.,2026-08-22 01:52:33.208402-03
ndro-mvp-v0.1.2-20260823,2026-08-23,HD-R-027,HD,27791273,https://pubmed.ncbi.nlm.nih.gov/27791273/,Molecular Imaging of Huntington's Disease.,Ciarmiello Andrea; Giovacchini Giampiero; Giovannini Elisabetta; Lazzeri Patrizia; Borsò Elisa; Mannironi Antonio; Mansi Luigi,"The onset and the clinical progression of Huntington Disease (HD) is influenced by several events prompted by a genetic mutation that affects several organs tissues including different regions of the brain. In the last decades years, Positron Emission Tomography (PET) and Magnetic Resonance Imaging (MRI) helped to deepen the knowledge of neurodegenerative mechanisms that guide to clinical symptoms. Brain imaging with PET represents a tool to investigate the physiopathology occurring in the brain and it has been used to predict the age of onset of the disease and to evaluate the therapeutic efficacy of new drugs. This article reviews the contribution of PET and MRI in the research field on Huntington's disease, focusing in particular on some most relevant achievements that have helped recognize the molecular changes, the clinical symptoms and evolution of the disease. J. Cell. Physiol. 232: 1988-1993, 2017. © 2016 Wiley Periodicals, Inc.",,Journal Article; Review,2017,Journal of cellular physiology,eligible,excluded,final,not_applicable,,exclude,excluded_eligibility,Regra de elegibilidade,pilot-v1.1,no_pubmed_integrity_signal,2026-08-22 01:52:33.208402-03,This article is excluded because it does not meet NDRO eligibility requirements.,Revisão ou meta-análise,,2026-08-22 01:52:33.208402-03
ndro-mvp-v0.1.2-20260823,2026-08-23,HD-R-028,HD,26162280,https://pubmed.ncbi.nlm.nih.gov/26162280/,Deciphering the Cellular Targets of Bioactive Compounds Using a Chloroalkane Capture Tag.,Ohana Rachel Friedman; Kirkland Thomas A; Woodroofe Carolyn C; Levin Sergiy; Uyeda H Tetsuo; Otto Paul; Hurst Robin; Robers Matthew B; Zimmerman Kris; Encell Lance P; Wood Keith V,"Phenotypic screening of compound libraries is a significant trend in drug discovery, yet success can be hindered by difficulties in identifying the underlying cellular targets. Current approaches rely on tethering bioactive compounds to a capture tag or surface to allow selective enrichment of interacting proteins for subsequent identification by mass spectrometry. Such methods are often constrained by ineffective capture of low affinity and low abundance targets. In addition, these methods are often not compatible with living cells and therefore cannot be used to verify the pharmacological activity of the tethered compounds. We have developed a novel chloroalkane capture tag that minimally affects compound potency in cultured cells, allowing binding interactions with the targets to occur under conditions relevant to the desired cellular phenotype. Subsequent isolation of the interacting targets is achieved through rapid lysis and capture onto immobilized HaloTag protein. Exchanging the chloroalkane tag for a fluorophore, the putative targets identified by mass spectrometry can be verified for direct binding to the compound through resonance energy transfer. Using the interaction between histone deacetylases (HDACs) and the inhibitor, Vorinostat (SAHA), as a model system, we were able to identify and verify all the known HDAC targets of SAHA as well as two previously undescribed targets, ADO and CPPED1. The discovery of ADO as a target may provide mechanistic insight into a reported connection between SAHA and Huntington's disease.",,Journal Article,2015,ACS chemical biology,eligible,eligible,final,not_applicable,background_mention,exclude,excluded_relevance,Consenso A+B,pilot-v1.1,no_pubmed_integrity_signal,2026-08-22 01:52:33.208402-03,This article is excluded because it does not meet NDRO scientific relevance criteria.,Estudo empírico original confirmado por leitura do abstract,,2026-08-22 01:52:33.208402-03
ndro-mvp-v0.1.2-20260823,2026-08-23,HD-R-029,HD,24653700,https://pubmed.ncbi.nlm.nih.gov/24653700/,"The interplay between iron accumulation, mitochondrial dysfunction, and inflammation during the execution step of neurodegenerative disorders.",Urrutia Pamela J; Mena Natalia P; Núñez Marco T,"A growing set of observations points to mitochondrial dysfunction, iron accumulation, oxidative damage and chronic inflammation as common pathognomonic signs of a number of neurodegenerative diseases that includes Alzheimer's disease, Huntington disease, amyotrophic lateral sclerosis, Friedrich's ataxia and Parkinson's disease. Particularly relevant for neurodegenerative processes is the relationship between mitochondria and iron. The mitochondrion upholds the synthesis of iron-sulfur clusters and heme, the most abundant iron-containing prosthetic groups in a large variety of proteins, so a fraction of incoming iron must go through this organelle before reaching its final destination. In turn, the mitochondrial respiratory chain is the source of reactive oxygen species (ROS) derived from leaks in the electron transport chain. The co-existence of both iron and ROS in the secluded space of the mitochondrion makes this organelle particularly prone to hydroxyl radical-mediated damage. In addition, a connection between the loss of iron homeostasis and inflammation is starting to emerge; thus, inflammatory cytokines like TNF-alpha and IL-6 induce the synthesis of the divalent metal transporter 1 and promote iron accumulation in neurons and microglia. Here, we review the recent literature on mitochondrial iron homeostasis and the role of inflammation on mitochondria dysfunction and iron accumulation on the neurodegenerative process that lead to cell death in Parkinson's disease. We also put forward the hypothesis that mitochondrial dysfunction, iron accumulation and inflammation are part of a synergistic self-feeding cycle that ends in apoptotic cell death, once the antioxidant cellular defense systems are finally overwhelmed.",inflammation; iron toxicity; mitochondrial dysfunction; neurodegeneration; Parkinson’s disease,Journal Article; Review,2014,Frontiers in pharmacology,eligible,excluded,final,not_applicable,,exclude,excluded_eligibility,Regra de elegibilidade,pilot-v1.1,no_pubmed_integrity_signal,2026-08-22 01:52:33.208402-03,This article is excluded because it does not meet NDRO eligibility requirements.,Revisão ou meta-análise,,2026-08-22 01:52:33.208402-03
ndro-mvp-v0.1.2-20260823,2026-08-23,HD-R-030,HD,27595037,https://pubmed.ncbi.nlm.nih.gov/27595037/,An Intrabody Drug (rAAV6-INT41) Reduces the Binding of N-Terminal Huntingtin Fragment(s) to DNA to Basal Levels in PC12 Cells and Delays Cognitive Loss in the R6/2 Animal Model.,Amaro I Alexandra; Henderson Lee A,"Huntington's disease (HD) is a fatal progressive disease linked to expansion of glutamine repeats in the huntingtin protein and characterized by the progressive loss of cognitive and motor function. We show that expression of a mutant human huntingtin exon-1-GFP fusion construct results in nonspecific gene dysregulation that is significantly reduced by 50% due to coexpression of INT41, an intrabody specific for the proline-rich region of the huntingtin protein. Using stable PC12 cell lines expressing either inducible human mutant huntingtin (mHtt, Q73) or normal huntingtin (nHtt, Q23), we investigated the effect of rAAV6-INT41, an adeno-associated virus vector with the INT41 coding sequence, on the subcellular distribution of Htt. Compartmental fractionation 8 days after induction of Htt showed a 6-fold increased association of a dominate N-terminal mHtt fragment with DNA compared to N-terminal nHtt. Transduction with rAAV6-INT41 reduced DNA binding of N-terminal mHtt 6.5-fold in the nucleus and reduced nuclear translocation of the detected fragments. Subsequently, when rAAV6-INT41 is delivered to the striatum in the R6/2 mouse model, treated female mice exhibited executive function statistically indistinguishable from wild type, accompanied by reductions in Htt aggregates in the striatum, suggesting that rAAV6-INT41 is promising as a gene therapy for Huntington's disease.",,Journal Article,2016,Journal of neurodegenerative diseases,eligible,eligible,final,complete,primary_focus,include,core,Consenso A+B,pilot-v1.1,no_pubmed_integrity_signal,2026-08-22 01:52:33.208402-03,This article is included in the NDRO core analytical corpus.,Estudo empírico original com abstract utilizável,,2026-08-22 01:52:33.208402-03
ndro-mvp-v0.1.2-20260823,2026-08-23,HD-R-031,HD,24654649,https://pubmed.ncbi.nlm.nih.gov/24654649/,Human fetal striatum-derived neural stem (NS) cells differentiate to mature neurons in vitro and in vivo.,Monni Emanuela; Cusulin Carlo; Cavallaro Maurizio; Lindvall Olle; Kokaia Zaal,"Clonogenic neural stem (NS) cell lines grown in adherent cultures have previously been established from embryonic stem cells and fetal and adult CNS in rodents and from human fetal brain and spinal cord. Here we describe the isolation of a new cell line from human fetal striatum (hNS cells). These cells showed properties of NS cells in vitro such as monolayer growth, high proliferation rate and expression of radial glia markers. The hNS cells expressed an early neuronal marker while being in the proliferative state. Under appropriate conditions, the hNS cells were efficiently differentiated to neurons, and after 4 weeks about 50% of the cells were βIII tubulin positive. They also expressed the mature neuronal marker NeuN and markers of neuronal subtypes, GABA, calbindin, and DARPP32. After intrastriatal implantation into newborn rats, the hNS cells survived and many of them migrated outside the transplant core into the surrounding tissue. A high percentage of cells in the grafts expressed the neuroblast marker DCX, indicating their neurogenic potential, and some of the cells differentiated to NeuN+ mature neurons. The human fetal striatum-derived NS cell line described here should be a useful tool for studies on cell replacement strategies in models of the striatal neuronal loss occurring in Huntington's disease and stroke.",,"Journal Article; Research Support, Non-U.S. Gov't",2014,Current stem cell research & therapy,eligible,eligible,final,not_applicable,background_mention,exclude,excluded_relevance,Consenso A+B,pilot-v1.1,no_pubmed_integrity_signal,2026-08-22 01:52:33.208402-03,This article is excluded because it does not meet NDRO scientific relevance criteria.,Estudo empírico original com abstract utilizável,,2026-08-22 01:52:33.208402-03
ndro-mvp-v0.1.2-20260823,2026-08-23,HD-R-032,HD,28869595,https://pubmed.ncbi.nlm.nih.gov/28869595/,A toxic mutant huntingtin species is resistant to selective autophagy.,Fu Yuhua; Wu Peng; Pan Yuyin; Sun Xiaoli; Yang Huiya; Difiglia Marian; Lu Boxun,"Protein misfolding is a common theme in neurodegenerative disorders including Huntington's disease (HD). The HD-causing mutant huntingtin protein (mHTT) has an expanded polyglutamine (polyQ) stretch that may adopt multiple conformations, and the most toxic of these is the one recognized by antibody 3B5H10. Here we show that the 3B5H10-recognized mHTT species has a slower degradation rate due to its resistance to selective autophagy in human cells and brains, revealing mechanisms of its higher toxicity.",,Journal Article,2017,Nature chemical biology,eligible,eligible,final,complete,primary_focus,include,core,Consenso A+B,pilot-v1.1,no_pubmed_integrity_signal,2026-08-22 01:52:33.208402-03,This article is included in the NDRO core analytical corpus.,Estudo empírico original com abstract utilizável,,2026-08-22 01:52:33.208402-03
ndro-mvp-v0.1.2-20260823,2026-08-23,HD-R-033,HD,26256420,https://pubmed.ncbi.nlm.nih.gov/26256420/,"Phosphodiesterase 10A inhibitor, MP-10 (PF-2545920), produces greater induction of c-Fos in dopamine D2 neurons than in D1 neurons in the neostriatum.",Wilson Jonathan M; Ogden Ann Marie L; Loomis Sally; Gilmour Gary; Baucum Anthony J; Belecky-Adams Teri L; Merchant Kalpana M,"Studies described here tested the hypothesis that phosphodiesterase 10A inhibition by a selective antagonist, MP-10, activates the dopamine D2 receptor expressing medium spiny neurons to a greater extent than the D1 receptor expressing neurons. We used regional pattern of c-Fos induction in the neostriatal subregions of rodents and direct assessment of D1-positive and -negative neurons in the DRd1a-tdTomato mice for the purpose. MP-10 (1, 3, 10 or 30 mg/kg, PO) dose-dependently increased c-Fos immunopositive nuclei in all regions of neostriatum. However, the effect was statistically greater in the dorsolateral striatum, a region known to be activated preferentially by the D2 antagonism, than the D1-activated dorsomedial striatum. The D2 antagonist, haloperidol (0.3, 1, or 3 mg/kg, PO) produced an identical, regional pattern of c-Fos induction favoring the dorsolateral striatum of the rat. In contrast, the D1 agonist, SKF82958 (0.5, 1, or 2 mg/kg, PO), induced greater expression of c-Fos in the dorsomedial striatum. The C57Bl/6 mouse also showed regionally preferential c-Fos activation by haloperidol (2 mg/kg, IP) and SKF82858 (3 mg/kg, IP). In the Drd1a-tdTomato mice, MP-10 (3 or 10 mg/kg, IP) increased c-Fos immunoreactivity in both types of neurons, the induction was greater in the D1-negative neurons. Taken together, both the regional pattern of c-Fos induction in the striatal sub-regions and the greater induction of c-Fos in the D1-negative neurons indicate that PDE10A inhibition produces a small but significantly greater activation of the D2-containing striatopallidal pathway.",Basal ganglia; Huntington's disease; Parkinson's disease; Schizophrenia,"Comparative Study; Journal Article; Research Support, Non-U.S. Gov't",2015,Neuropharmacology,eligible,eligible,final,not_applicable,not_relevant,exclude,excluded_relevance,Adjudicação humana,pilot-v1.1,no_pubmed_integrity_signal,2026-08-22 01:52:33.208402-03,This article is excluded because it does not meet NDRO scientific relevance criteria.,Elegibilidade confirmada durante adjudicação humana,,2026-08-22 01:52:33.208402-03
ndro-mvp-v0.1.2-20260823,2026-08-23,HD-R-034,HD,28168595,https://pubmed.ncbi.nlm.nih.gov/28168595/,Juvenile Huntington's Disease: Diagnostic and Treatment Considerations for the Psychiatrist.,Quigley Joanna,"Juvenile Huntington's disease (JHD) is a neurodegenerative disease with onset prior to the age of 21. While it accounts for a relatively small proportion of Huntington's disease (HD) diagnoses, its impact is significant on the quality of life for those affected. Clinicians may be unaware that HD can present in childhood and adolescence, delaying diagnosis. HD develops due to an expanded CAG repeat in the huntington gene. Rigidity, dystonia, and seizures are more common in JHD. Cognitive changes such as executive function impairments and decline in school performance are common. The burden of psychiatric symptoms is considerable and includes depression, anxiety, impulsivity, and aggression. While novel approaches to treatment interventions are investigated, current care is limited to targeting symptoms rather than disease modification. Prompt diagnosis and symptomatic treatment can maximize quality of life for these patients.",Anxiety; Chorea; Depression; Juvenile Huntington’s disease; Neurodegenerative; Neuropsychiatric; Rigidity,Journal Article; Review,2017,Current psychiatry reports,eligible,excluded,final,not_applicable,,exclude,excluded_eligibility,Regra de elegibilidade,pilot-v1.1,no_pubmed_integrity_signal,2026-08-22 01:52:33.208402-03,This article is excluded because it does not meet NDRO eligibility requirements.,Revisão ou meta-análise,,2026-08-22 01:52:33.208402-03
ndro-mvp-v0.1.2-20260823,2026-08-23,HD-R-035,HD,27885969,https://pubmed.ncbi.nlm.nih.gov/27885969/,"36th International Symposium on Intensive Care and Emergency Medicine : Brussels, Belgium. 15-18 March 2016.",Bateman R. M.; Sharpe M. D.; Jagger J. E.; Ellis C. G.; Solé-Violán J.; López-Rodríguez M.; Herrera-Ramos E.; Ruíz-Hernández J.; Borderías L.; Horcajada J.; González-Quevedo N.; Rajas O.; Briones M.; Rodríguez de Castro F.; Rodríguez Gallego C.; Esen F.; Orhun G.; Ergin Ozcan P.; Senturk E.; Ugur Yilmaz C.; Orhan N.; Arican N.; Kaya M.; Kucukerden M.; Giris M.; Akcan U.; Bilgic Gazioglu S.; Tuzun E.; Riff R.; Naamani O.; Douvdevani A.; Takegawa R.; Yoshida H.; Hirose T.; Yamamoto N.; Hagiya H.; Ojima M.; Akeda Y.; Tasaki O.; Tomono K.; Shimazu T.; Ono S.; Kubo T.; Suda S.; Ueno T.; Ikeda T.; Ogura H.; Takahashi H.; Kang J.; Nakamura Y.; Kojima T.; Izutani Y.; Taniguchi T.; O M.; Dinter C.; Lotz J.; Eilers B.; Wissmann C.; Lott R.; Meili M. M.; Schuetz P. S.; Hawa H.; Sharshir M.; Aburageila M.; Salahuddin N.; Chantziara V.; Georgiou S.; Tsimogianni A.; Alexandropoulos P.; Vassi A.; Lagiou F.; Valta M.; Micha G.; Chinou E.; Michaloudis G.; Kodaira A.; Imaizumi H.; De la Torre-Prados M. V.; Garcia-De la Torre A.; Enguix-Armada A.; Puerto-Morlan A.; Perez-Valero V.; Garcia-Alcantara A.; Bolton N.; Dudziak J.; Bonney S.; Tridente A.; Nee P.; Nicolaes G.; Wiewel M.; Schultz M.; Wildhagen K.; Horn J.; Schrijver R.; Van der Poll T.; Reutelingsperger C.; Pillai S.; Davies G.; Mills G.; Aubrey R.; Morris K.; Williams P.; Evans P.; Gayat E. G.; Struck J.; Cariou A.; Deye N.; Guidet B.; Jabert S.; Launay J.; Legrand M.; Léone M.; Resche-Rigon M.; Vicaut E.; Vieillard-Baron A.; Mebazaa A.; Arnold R.; Capan M.; Linder A.; Akesson P.; Popescu M.; Tomescu D.; Sprung C. L.; Calderon Morales R.; Munteanu G.; Orenbuch-Harroch E.; Levin P.; Kasdan H.; Reiter A.; Volker T.; Himmel Y.; Cohen Y.; Meissonnier J.; Girard L.; Rebeaud F.; Herrmann I.; Delwarde B.; Peronnet E.; Cerrato E.; Venet F.; Lepape A.; Rimmelé T.; Monneret G.; Textoris J.; Beloborodova N.; Moroz V.; Osipov A.; Bedova A.; Sarshor Y.; Pautova A.; Sergeev A.; Chernevskaya E.; Odermatt J.; Bolliger R.; Hersberger L.; Ottiger M.; Christ-Crain M.; Mueller B.; Schuetz P.; Sharma N. K.; Tashima A. K.; Brunialti M. K.; Machado F. R.; Assuncao M.; Rigato O.; Salomao R.; Cajander S. C.; Rasmussen G.; Tina E.; Söderquist B.; Källman J.; Strålin K.; Lange A. L.; Sundén-Cullberg J. S.; Magnuson A. M.; Hultgren O. H.; Van der Geest P.; Mohseni M.; Linssen J.; De Jonge R.; Duran S.; Groeneveld J.; Miller R.; Lopansri B. K.; McHugh L. C.; Seldon A.; Burke J. P.; Johnston J.; Reece-Anthony R.; Bond A.; Molokhia A.; Mcgrath C.; Nsutebu E.; Bank Pedersen P.; Pilsgaard Henriksen D.; Mikkelsen S.; Touborg Lassen A.; Tincu R.; Cobilinschi C.; Ghiorghiu Z.; Macovei R.; Wiewel M. A.; Harmon M. B.; Van Vught L. A.; Scicluna B. P.; Hoogendijk A. J.; Zwinderman A. H.; Cremer O. L.; Bonten M. J.; Schultz M. J.; Juffermans N. P.; Wiersinga W. J.; Eren G.; Tekdos Y.; Dogan M.; Acicbe O.; Kaya E.; Hergunsel O.; Alsolamy S.; Ghamdi G.; Alswaidan L.; Alharbi S.; Alenezi F.; Arabi Y.; Heaton J.; Boyce A.; Nolan L.; Dukoff-Gordon A.; Dean A.; Mann Ben Yehudah T.; Fleischmann C.; Thomas-Rueddel D.; Haas C.; Dennler U.; Reinhart K.; Suntornlohanakul O.; Khwannimit B.; Breckenridge F.; Puxty A.; Szturz P.; Folwarzcny P.; Svancara J.; Kula R.; Sevcik P.; Caneva L.; Casazza A.; Bellazzi E.; Marra S.; Pagani L.; Vetere M.; Vanzino R.; Ciprandi D.; Preda R.; Boschi R.; Carnevale L.; Lopez V.; Aguilar Arzapalo M.; Barradas L.; Escalante A.; Gongora J.; Cetina M.; Adamik B; Jakubczyk D; Kübler A; Radford A.; Lee T.; Singer J.; Boyd J.; Fineberg D.; Williams M.; Russell J.; Scarlatescu E.; Droc G.; Arama S.; Müller M.; Straat M.; Zeerleder S. S.; Fuchs C. F.; Scheer C. S.; Wauschkuhn S. W.; Vollmer M. V.; Meissner K. M.; Kuhn S. K.; Hahnenkamp K. H.; Rehberg S. R.; Gründling M. G.; Hamaguchi S.; Gómez-Sánchez E.; Heredia-Rodríguez M.; Álvarez-Fuente E.; Lorenzo-López M.; Gómez-Pesquera E.; Aragón-Camino M.; Liu-Zhu P.; Sánchez-López A.; Hernández-Lozano A.; Peláez-Jareño M. T.; Tamayo E.; Thomas-Rüddel D. O.; Adora V.; Kar A.; Chakraborty A.; Roy S.; Bandyopadhyay A.; Das M.; BenYehudah G.; Salim M.; Kumar N.; Arabi L.; Burger T.; Lephart P.; Toth-martin E.; Valencia C.; Hammami N.; Blot S.; Vincent J. L.; Lambert M. L.; Brunke J.; Riemann T.; Roschke I.; Nimitvilai S.; Jintanapramote K.; Jarupongprapa S.; Adukauskiene D.; Valanciene D.; Bose G.; Lostarakos V.; Carr B.; Khedher S.; Maaoui A.; Ezzamouri A.; Salem M.; Chen J.; Cranendonk D. R.; Day M.; Penrice G.; Roy K.; Robertson P.; Godbole G.; Jones B.; Booth M.; Donaldson L.; Kawano Y.; Ishikura H.; Al-Dorzi H.; Almutairi M.; Alhamadi B.; Crizaldo Toledo A.; Khan R.; Al Raiy B.; Talaie H.; Van Oers J. A.; Harts A.; Nieuwkoop E.; Vos P.; Boussarsar Y.; Boutouta F.; Kamoun S.; Mezghani I.; Koubaji S.; Ben Souissi A.; Riahi A.; Mebazaa M. S.; Giamarellos-Bourboulis E.; Tziolos N.; Routsi C.; Katsenos C.; Tsangaris I.; Pneumatikos I.; Vlachogiannis G.; Theodorou V.; Prekates A.; Antypa E.; Koulouras V.; Kapravelos N.; Gogos C.; Antoniadou E.; Mandragos K.; Armaganidis A.; Robles Caballero A. R.; Civantos B.; Figueira J. C.; López J.; Silva-Pinto A.; Ceia F.; Sarmento A.; Santos L.; Almekhlafi G.; Sakr Y.; Baharoon S.; Aldawood A.; Matroud A.; Alchin J.; Al Johani S.; Balkhy H.; Yousif S. Y.; Alotabi B. O.; Alsaawi A. S.; Ang J.; Curran M. D.; Enoch D.; Navapurkar V.; Morris A.; Sharvill R.; Astin J.; Patel J.; Kruger C.; O’Neal J.; Rhodes H.; Jancik J.; François B.; Laterre P. F.; Eggimann P.; Torres A.; Sánchez M.; Dequin P. F.; Bassi G. L.; Chastre J.; Jafri H. S.; Ben Romdhane M.; Douira Z.; Bousselmi M.; Vakalos A.; Avramidis V.; Craven T. H.; Wojcik G.; Kefala K.; McCoubrey J.; Reilly J.; Paterson R.; Inverarity D.; Laurenson I.; Walsh T. S.; Mongodi S.; Bouhemad B.; Orlando A.; Stella A.; Via G.; Iotti G.; Braschi A.; Mojoli F.; Haliloglu M.; Bilgili B.; Kasapoglu U.; Sayan I.; Süzer Aslan M.; Yalcın A.; Cinel I.; Ellis H. E.; Bauchmuller K.; Miller D.; Temple A.; Luyt C. E.; Singer M.; Nassar Y.; Ayad M. S.; Trifi A.; Abdellatif S.; Daly F.; Nasri R.; Ben Lakhal S.; Gul F.; Kuzovlev A.; Shabanov A.; Polovnikov S.; Kadrichu N.; Dang T.; Corkery K.; Challoner P.; Bassi G. Li; Aguilera E.; Chiurazzi C.; Travierso C.; Motos A.; Fernandez L.; Amaro R.; Senussi T.; Idone F.; Bobi J.; Rigol M.; Hodiamont C. J.; Janssen J. M.; Bouman C. S.; Mathôt R. A.; De Jong M. D.; Van Hest R. M.; Payne L.; Fraser G. L.; Tudor B.; Lahner M.; Roth G.; Krenn C.; Jault P.; Gabard J.; Leclerc T.; Jennes S.; Que Y.; Rousseau A.; Ravat F.; Eissa A.; Al-Harbi S.; Aldabbagh T.; Abdellatif. S.; Paramba F.; Purayil N.; Naushad V.; Mohammad O.; Negi V.; Chandra P.; Kleinsasser A.; Witrz M. R.; Buchner-Doeven J. F.; Tuip-de Boer A. M.; Goslings J. C.; Van Hezel M.; Boing A; Van Bruggen R; Juffermans N; Markopoulou D.; Venetsanou K.; Kaldis V.; Koutete D.; Chroni D.; Alamanos I.; Koch L.; Walter E.; Maekawa K.; Hayakawa M.; Kushimoto S.; Shiraishi A.; Kato H.; Sasaki J.; Matauoka T.; Uejima T.; Morimura N.; Hagiwara A.; Takeda M.; Tarabrin O.; Shcherbakow S.; Gavrychenko D.; Mazurenko G.; Ivanova V.; Chystikov O.; Plourde C.; Lessard J.; Chauny J.; Daoust R.; Kropman L.; In het Panhuis L.; Konings J.; Huskens D.; Schurgers E.; Roest M.; De Laat B.; Lance M.; Durila M.; Lukas P.; Astraverkhava M.; Jonas J.; Budnik I.; Shenkman B.; Hayami H.; Koide Y.; Goto T.; Iqbal R.; Alhamdi Y.; Venugopal N.; Abrams S.; Downey C.; Toh C. H.; Welters I. D.; Bombay V. B.; Chauny J. M.; Daoust R. D.; Lessard J. L.; Marquis M. M.; Paquet J. P.; Siemens K.; Sangaran D.; Hunt B. J.; Durward A.; Nyman A.; Murdoch I. A.; Tibby S. M.; Ampatzidou F.; Moisidou D.; Dalampini E.; Nastou M.; Vasilarou E.; Kalaizi V.; Chatzikostenoglou H.; Drossos G.; Spadaro S.; Fogagnolo A.; Fiore T.; Schiavi A.; Fontana V.; Taccone F.; Volta C.; Chochliourou E.; Volakli E.; Violaki A.; Samkinidou E.; Evlavis G.; Panagiotidou V.; Sdougka M.; Mothukuri R.; Battle C.; Guy K.; Wijesuriya J.; Keogh S.; Docherty A.; O’Donnell R.; Brunskill S.; Trivella M.; Doree C.; Holst L.; Parker M.; Gregersen M.; Almeida J.; Walsh T.; Stanworth S.; Moravcova S.; Mansell J.; Rogers A.; Smith R. A.; Hamilton-Davies C.; Omar A.; Allam M.; Bilala O.; Kindawi A.; Ewila H.; Malamas A.; Ferreira G.; Caldas J.; Fukushima J.; Osawa E. A.; Arita E.; Camara L.; Zeferino S.; Jardim J.; Gaioto F.; Dallan L.; Jatene F. B.; Kalil Filho R.; Galas F.; Hajjar L. A.; Mitaka C.; Ohnuma T.; Murayama T.; Kunimoto F.; Nagashima M.; Takei T.; Tomita M.; Mahmoud K.; Hanoura S.; Sudarsanan S.; Sivadasan P.; Othamn H.; Shouman Y.; Singh R.; Al Khulaifi A.; Mandel I.; Mikheev S.; Suhodolo I.; Kiselev V.; Svirko Y.; Podoksenov Y.; Jenkins S. A.; Griffin R.; Tovar Doncel M. S.; Lima A.; Aldecoa C.; Ince C.; Taha A.; Shafie A.; Mostafa M.; Syed N.; Hon H.; Righetti F.; Colombaroli E.; Castellano G.; Hravnak M.; Chen L. C.; Dubrawski A. D.; Clermont G. C.; Pinsky M. R.; Gonzalez S.; Macias D.; Acosta J.; Jimenez P.; Loza A.; Lesmes A.; Lucena F.; Leon C.; Bastide M.; Richecoeur J.; Frenoy E.; Lemaire C.; Sauneuf B.; Tamion F.; Nseir S.; Du Cheyron D.; Dupont H.; Maizel J.; Shaban M.; Kolko R.; AbuRageila M.; AlHussain A.; Mercado P.; Kontar L.; Titeca D.; Brazier F.; Riviere A.; Joris M.; Soupison T.; De Cagny B.; Slama M.; Wagner J.; Körner A.; Kubik M.; Kluge S.; Reuter D.; Saugel B.; Tran T.; De Bels D.; Cudia A.; Strachinaru M.; Ghottignies P.; Devriendt J.; Pierrakos C.; Martínez González Ó.; Blancas R.; Luján J.; Ballesteros D.; Martínez Díaz C.; Núñez A.; Martín Parra C.; López Matamala B.; Alonso Fernández M.; Chana M.; Huber W.; Eckmann M.; Elkmann F.; Gruber A.; Klein I.; Schmid R. M.; Lahmer T.; Moller P. W.; Sondergaard S.; Jakob S. M.; Takala J.; Berger D.; Bastoni D.; Aya H.; Toscani L.; Pigozzi L.; Rhodes A.; Cecconi M.; Ostrowska C.; Abbas A.; Mellinghoff J.; Ryan C.; Dawson D.; Cronhjort M.; Wall O.; Nyberg E.; Zeng R.; Svensen C.; Mårtensson J.; Joelsson-Alm E.; Parenti N.; Palazzi C.; Amidei L. A.; Borrelli F. B.; Campanale S. C.; Tagliazucchi F. T.; Sedoni G. S.; Lucchesi D. L.; Carella E. C.; Luciani A. L; Mackovic M.; Maric N.; Bakula M.; Grounds R. M.; Fletcher N.; Avard B.; Zhang P.; Mezidi M.; Charbit J.; Ould-Chikh M.; Deras P.; Maury C.; Martinez O.; Capdevila X.; Hou P.; Linde-Zwirble W. Z.; Douglas I. D.; Shapiro N. S.; Ben Aicha Y.; Laribi B.; Jeribi B.; Pereira C.; Marinho R.; Antunes R.; Marinho A.; Crivits M.; Raes M.; Decruyenaere J.; Hoste E.; Bagin V.; Rudnov V.; Savitsky A.; Astafyeva M.; Korobko I.; Vein V.; Kampmeier T.; Arnemann P.; Hessler M.; Wald A.; Bockbreder K.; Morelli A.; Van Aken H.; Rehberg S.; Ertmer C.; Reddy S.; Bailey M.; Beasley R.; Bellomo R.; Mackle D.; Psirides A.; Young P.; Venkatesh H.; Ramachandran S.; Basu A.; Nair H.; Egan S.; Bates J.; Oliveira S.; Rangel Neto N. R.; Reis F. Q.; Lee C. P.; Lin X. L.; Choong C.; Eu K. M.; Sim W. Y.; Tee K. S.; Pau J.; Abisheganaden J.; Maas K.; De Geus H.; Lafuente E.; Moura J.; Doris T. E.; Monkhouse D.; Shipley T.; Kardasz S.; Gonzalez I; Stads S.; Groeneveld A. J.; Elsayed I.; Ward N.; Raithatha A.; Steuber A.; Pelletier C.; Schroeder S.; Michael E.; Slowinski T.; Kindgen-Milles D.; Ghabina S.; Turani F.; Belli A.; Busatti S.; Barettin G.; Candidi F.; Gargano F.; Barchetta R.; Falco M.; Demirkiran O.; Kosuk M.; Bozbay S.; Weber V.; Hartmann J.; Harm S.; Linsberger I.; Eichhorn T.; Valicek G.; Miestinger G.; Hoermann C.; Faenza S.; Ricci D.; Mancini E.; Gemelli C.; Cuoghi A.; Magnani S.; Atti M.; Laddomada T.; Doronzio A.; Balicco B.; Gruda M. C.; O’Sullivan P.; Dan V. P.; Guliashvili T.; Scheirer A.; Golobish T. D.; Capponi V. J.; Chan P. P.; Kogelmann K.; Drüner M.; Jarczak D.; Belli A. B.; Martni S. M.; Cotticelli V. C.; Mounajergi F.; Morimoto S.; Hussain I.; Nadeem A.; Ghorab K.; Maghrabi K.; Kloesel S. K.; Goldfuss C.; Stieglitz A.; Stieglitz A. S.; Krstevska L.; Albuszies G.; Jimmy G.; Izawa J.; Iwami T.; Uchino S.; Takinami M.; Kitamura T.; Kawamura T.; Powell-Tuck J. G.; Crichton S.; Raimundo M.; Camporota L.; Wyncoll D.; Ostermann M.; Hana A.; De Geus H. R.; Aydogdu M.; Boyaci N.; Yuksel S.; Gursel G.; Cayci Sivri A. B.; Meza-Márquez J.; Nava-López J.; Carrillo-Esper R.; Dardashti A.; Grubb A.; Wetzstein M.; Peters E.; Njimi H.; Pickkers P.; Waraich M.; Doyle J.; Samuels T.; Forni L.; Desai N.; Baumber R.; Gunning P.; Sell A.; Lin S.; Torrence H.; O’Dwyer M.; Kirwan C.; Prowle J.; Kim T.; O’Connor M. E.; Hewson R. W.; Kirwan C. J.; Pearse R. M.; Maksoud M.; Uzundere O.; Memis D.; Ýnal M.; Gultekin A.; Turan N.; Aydin M. A.; Basar H.; Sencan I.; Kapuagasi A.; Ozturk M.; Uzundurukan Z.; Gokmen D.; Ozcan A.; Kaymak C.; Artemenko V. A.; Budnyuk A.; Pugh R.; Bhandari S.; Mauri T.; Turrini C.; Langer T.; Taccone P.; Volta C. A.; Marenghi C.; Gattinoni L.; Pesenti A.; Sweeney L.; O’Sullivan A.; Kelly P.; Mukeria E.; MacLoughlin R.; Pfeffer M.; Thomas J. T.; Bregman G. B.; Karp G. K.; Kishinevsky E. K.; Stavi D. S.; Adi N. A.; Poropat T.; Knafelj R.; Llopart E.; Batlle M.; De Haro C.; Mesquida J.; Artigas A.; Pavlovic D.; Lewerentz L.; Spassov A.; Schneider R.; De Smet S.; De Raedt S.; Derom E.; Depuydt P; Oeyen S.; Benoit D.; Gobatto A.; Besen B.; Tierno P.; Melro L.; Mendes P.; Cadamuro F.; Park M.; Malbouisson L. M.; Civantos B. C.; Lopez J. L.; Robles A.; Figueira J.; Yus S.; Garcia A.; Oglinda A.; Ciobanu G.; Oglinda C.; Schirca L.; Sertinean T.; Lupu V.; Wolny M.; Pagano A.; Numis F.; Visone G.; Saldamarco L.; Russo T.; Porta G.; Paladino F.; Bell C.; Liu J.; Debacker J.; Lee C.; Tamberg E.; Campbell V.; Mehta S.; Kara Ý.; Yýldýrým F.; Zerman A.; Güllü Z.; Boyacý N.; Basarýk Aydogan B.; Gaygýsýz Ü.; Gönderen K.; Arýk G.; Turkoglu M.; Aygencel G.; Ülger Z.; Isýkdogan Z.; Özdedeoglu Ö.; Badoglu M.; Gaygýsýz U.; Kongpolprom N.; Sittipunt C.; Eden A.; Kokhanovsky Y.; Bursztein – De Myttenaere S.; Pizov R.; Neilans L.; MacIntyre N.; Radosevich M.; Wanta B.; Meyer T.; Smischney N.; Brown D.; Diedrich D.; Fuller A.; McLindon P.; Sim K.; Shoaeir M.; Noeam K.; Mahrous A.; Matsa R.; Ali A.; Dridi C.; Haddad F.; Pérez-Calatayud A.; Zepeda-Mendoza A.; Diaz-Carrillo M.; Arch-Tirado E.; Carbognin S.; Pelacani L.; Zannoni F.; Agnoli A.; Gagliardi G.; Cho R.; Adams A.; Lunos S.; Ambur S.; Shapiro R.; Prekker M.; Thijssen M.; Janssen L.; Foudraine N.; Voscopoulos C. J.; Freeman J.; George E.; Eversole D.; Muttini S.; Bigi R.; Villani G.; Patroniti N.; Williams G.; George E; Waldmann A.; Böhm S.; Windisch W.; Strassmann S.; Karagiannidis C.; Karagiannidis C. K.; Waldmann A. W.; Böhm S. B.; Windisch W. W.; Persson P.; Lundin S.; Stenqvist O.; Serra C. S.; Pagano A. P.; Masarone M. M.; Rinaldi L. R.; Amelia A. A.; Fascione M. F.; Adinolfi L. A.; Ruggiero E. R.; Asota F.; O’Rourke K.; Ranjan S.; Morgan P.; DeBacker J. W.; O’Neill L.; Munshi L.; Burry L.; Fan E.; Poo S.; Mahendran K.; Fowles J.; Gerrard C.; Vuylsteke A.; Loveridge R.; Chaddock C.; Patel S.; Kakar V.; Willars C.; Hurst T.; Park C.; Best T.; Vercueil A.; Auzinger G.; Borgman A.; Proudfoot A. G.; Grins E.; Emiley K. E.; Schuitema J.; Fitch S. J.; Marco G.; Sturgill J.; Dickinson M. G.; Strueber M.; Khaghani A.; Wilton P.; Jovinge S. M.; Sampson C.; Harris-Fox S.; Cove M. E.; Vu L. H.; Sen A.; Federspiel W. J.; Kellum J. A.; Mazo Torre C.; Riera J.; Ramirez S.; Borgatta B.; Lagunes L.; Rello J.; Kuzovlev A. K.; Goloubev A.; Nenchuk S.; Karavana V.; Glynos C.; Asimakos A.; Pappas K.; Vrettou C.; Magkou M.; Ischaki E.; Stathopoulos G.; Zakynthinos S.; Kozhevnikova I.; Dalla Corte F.; Grasso S.; Casolari P.; Caramori G.; Andrianjafiarinoa T.; Randriamandrato T.; Rajaonera T.; El-Dash S.; Costa E. L. V.; Tucci M. R.; Leleu F; Kontar L; Bacari-Risal G.; Amato M.; El Dash S.; Remmington; Fischer A.; Squire S.; Boichat M.; Honzawa H.; Yasuda H.; Adati T.; Suzaki S.; Horibe M.; Sasaki M.; Sanui M.; Daniel J.; Miranda H.; Milinis K.; Cooper M.; Williams G. R.; McCarron E.; Simants S.; Patanwala I.; Welters I.; Su Y.; Fernández Villanueva J.; Fernández Garda R.; López Lago A.; Rodríguez Ruíz E.; Hernández Vaquero R.; Tomé Martínez de Rituerto S.; Varo Pérez E.; Lefel N.; Schaap F.; Bergmans D.; Olde Damink S.; Van de Poll M.; Tizard K.; Lister C.; Poole L.; Ringaitiene D.; Gineityte D.; Vicka V.; Norkiene I.; Sipylaite J.; O’Loughlin A.; Maraj V.; Dowling J.; Velasco M. B.; Dalcomune D. M.; Dias E. B.; Fernandes S. L.; Oshima T.; Graf S.; Heidegger C.; Genton L.; Karsegard V.; Dupertuis Y.; Pichard C.; Friedli N.; Stanga Z.; Vandersteen L.; Stessel B.; Evers S.; Van Assche A.; Jamaer L.; Dubois J.; Castro H.; Valente J.; Martins P.; Casteloes P.; Magalhaes C.; Cabral S.; Santos M.; Oliveira B.; Salgueiro A.; Duarte S.; Castro S.; Melo M.; Gray S.; Maipang K.; Bhurayanontachai R.; Grädel L. G.; Schütz P.; Langlois P.; Manzanares W.; Lemieux M.; Elke G.; Bloos F.; Heyland D.; Aramendi I.; Babo N.; Hoshino M.; Haraguchi Y.; Kajiwara S.; Mitsuhashi T.; Tsubata T.; Aida M.; Rattanapraphat T.; Kongkamol C.; Xavier B.; Koutsogiannidis C.; Moschopoulou M.; Taskin G.; Çakir M.; Güler AK; Taskin A.; Öcal N.; Özer S.; Yamanel L.; Wong J. M.; Fitton C.; Anwar S.; Stacey S.; Aggou M.; Fyntanidou B.; Patsatzakis S.; Oloktsidou E.; Lolakos K.; Papapostolou E.; Grosomanidis V.; Gaudry S.; Desailly V.; Pasquier P.; Brun PB; Tesnieres AT; Ricard JD; Dreyfuss D.; Mignon A.; White J. C; Stilwell A.; Friedlaender G.; Peters M.; Stipulante S.; Delfosse A.; Donneau AF; Ghuysen A.; Feldmann C.; Freitag D.; Dersch W.; Irqsusi M.; Eschbach D.; Steinfeldt T.; Wulf H.; Wiesmann T.; Cholkraisuwat J.; Beitland S.; Nakstad E.; Stær-Jensen H.; Drægni T.; Andersen G.; Jacobsen D.; Brunborg C.; Waldum-Grevbo B.; Sunde K.; Hoyland K.; Pandit D.; Hayakawa K.; Kotzampassi K.; Loukipoudi L.; Doumaki E.; Admiraal M. M.; Van Assen M.; Van Putten M. J.; Tjepkema-Cloostermans M.; Van Rootselaar A. F.; Ragusa F.; Marudi A.; Baroni S.; Gaspari A.; Bertellini E.; Abdullah T.; Abdel Monem S.; Alcorn S.; McNeill S.; Russell S.; Eertmans W.; Genbrugge C.; Meex I.; Dens J.; Jans F.; De Deyne C.; Avard B; Burns R; Patarchi A.; Spina T.; Tanaka H.; Otani N.; Ode S.; Ishimatsu S.; Cho J.; Moon J. B.; Park C. W.; Ohk T. G.; Shin M. C.; Won M. H.; Dakova S.; Ramsheva Z.; Ramshev K.; Marudi A; Baroni S; Gaspari A; Bertellini E; Ozcan P. E.; Sencer S.; Ulusoy C.; Fallenius M.; Skrifvars M. B.; Reinikainen M.; Bendel S.; Raj R.; Abu-Habsa M.; Hymers C.; Borowska A.; Sivadhas H.; Sahiba S.; Perkins S.; Rubio J.; Rubio J. A.; Sierra R.; English S.; Chasse M.; Turgeon A.; Lauzier F.; Griesdale D.; Garland A.; Fergusson D.; Zarychanski R.; Tinmouth A.; Van Walraven C.; Montroy K.; Ziegler J.; Dupont Chouinard R.; Carignan R.; Dhaliwal A.; Lum C.; Sinclair J.; Pagliarello G.; McIntyre L.; Groza T.; Moreau N.; Castanares-Zapatero D.; Hantson P.; Carbonara M.; Ortolano F.; Zoerle T.; Magnoni S.; Pifferi S.; Conte V.; Stocchetti N.; Carteron L.; Suys T.; Patet C.; Quintard H.; Oddo M.; Spatenkova V.; Pokorna E.; Suchomel P.; Ebert N.; Bylinski T.; Hawthorne C.; Shaw M.; Piper I.; Kinsella J.; Kink A. K.; Rätsep I. R.; Boutin A.; Moore L.; Lacroix J.; Lessard-Bonaventure P.; Turgeon A. F.; Green R.; Erdogan M.; Butler M.; Desjardins P.; Fergusson D. A.; Goncalves B.; Vidal B.; Valdez C.; Rodrigues A. C.; Miguez L.; Moralez G.; Hong T.; Kutz A.; Hausfater P.; Amin D.; Struja T.; Haubitz S.; Huber A.; Brown T.; Collinson J.; Pritchett C.; Slade T.; Le Guen M.; Hellings S.; Ramsaran R.; Alsheikhly A.; Abe T.; Kanapeckaite L.; Bahl R.; Russell M. Q.; Real K. J.; Lyon R. M.; Oveland N. P.; Penketh J.; Mcdonald M.; Kelly F.; Alfafi M.; Almutairi W.; Alotaibi B.; Van den Berg A. E; Schriel Y.; Dawson L.; Meynaar I. A.; Silva D.; Fernandes S.; Gouveia J.; Santos Silva J.; Foley J.; Kaskovagheorgescu A.; Evoy D.; Cronin J.; Ryan J.; Huck M.; Hoffmann C.; Renner J.; Laitselart P.; Donat N.; Cirodde A.; Schaal J. V.; Masson Y.; Nau A.; Howarth O.; Davenport K.; Jeanrenaud P.; Raftery S.; MacTavish P.; Devine H.; McPeake J.; Daniel M.; Quasim T.; Alrabiee S.; Alrashid A.; Gundogan O.; Bor C.; Akýn Korhan E.; Demirag K.; Uyar M.; Frame F.; Ashton C.; Bergstrom Niska L.; Dilokpattanamongkol P.; Suansanae T.; Suthisisang C.; Morakul S.; Karnjanarachata C.; Tangsujaritvijit V.; Mahmood S.; Al Thani H.; Almenyar A.; Morton S. E.; Chiew Y. S.; Pretty C.; Chase J. G.; Shaw G. M.; Kordis P.; Grover V.; Kuchyn I.; Bielka K.; Aidoni Z.; Stavrou G.; Skourtis C.; Lee S. D.; Williams K.; Weltes I. D.; Berhane S.; Arrowsmith C.; Peters C.; Robert S.; Panerai R. B.; Robinson T. G.; Borg-Seng-Shu E.; De Lima Oliveira M.; Mian N. C.; Nogueira R.; Zeferino S. P.; Jacobsen Teixeira M.; Killeen P.; McPhail M.; Bernal W.; Maggs J.; Wendon J.; Hughes T.; Taniguchi L. U.; Siqueira E. M.; Vieira Jr J. M.; Azevedo L. C.; Ahmad A. N.; Helme E.; Hadfield S.; Shak J.; Senver C.; Howard-Griffin R.; Wacharasint P.; Fuengfoo P.; Sukcharoen N.; Rangsin R.; Sbiti-Rohr D.; Na H.; Song S.; Lee S.; Jeong E.; Lee K.; Zoumpelouli E.; Volakli E. A; Chrysohoidou V.; Charisopoulou K.; Kotzapanagiotou E.; Manavidou K.; Stathi Z.; AlGhamdi B.; Marashly Q.; Zaza K.; Khurshid M.; Ali Z.; Malgapo M.; Jamil M.; Shafquat A.; Shoukri M.; Hijazi M.; Rocha F. A.; Ebecken K.; Rabello L. S.; Lima M. F.; Hatum R.; De Marco F. V.; Alves A.; Pinto J. E.; Godoy M.; Brasil P. E.; Bozza F. A.; Salluh J. I.; Soares M.; Krinsley J.; Kang G.; Perry J.; Hines H.; Wilkinson K. M.; Tordoff C.; Sloan B.; Bellamy M. C.; Moreira E.; Verga F.; Barbato M.; Burghi G.; Soares M; Silva U. V.; Torelly A. P.; Kahn J. M.; Angus D. C.; Knibel M. F.; Marshall R.; Gilpin T.; Mota D.; Loureiro B.; Dias J.; Afonso O.; Coelho F.; Martins A.; Faria F.; Al Orainni H.; AlEid F.; Tlaygeh H.; Itani A.; Hejazi A.; Messika J.; Ricard J. D.; Guillo S.; Pasquet B.; Dubief E.; Tubach F.; James K.; Temblett P.; Davies L.; Lynch C.; Pereira S.; Cavaco S.; Fernandes J.; Moreira I.; Almeida E.; Seabra Pereira F.; Malheiro M.; Cardoso F.; Aragão I.; Cardoso T.; Fister M.; Muraray Govind P.; Brahmananda Reddy N.; Pratheema R.; Arul E. D.; Devachandran J.; Chin-Yee N.; D’Egidio G.; Thavorn K.; Kyeremanteng K.; Murchison A. G.; Swalwell K.; Mandeville J.; Stott D.; Guerreiro I.; Goossens C.; Marques M. B.; Derde S.; Vander Perre S.; Dufour T.; Thiessen S. E.; Güiza F.; Janssens T.; Hermans G.; Vanhorebeek I.; De Bock K.; Van den Berghe G.; Langouche L.; Miles B.; Madden S.; Weiler M.; Marques P.; Rodrigues C.; Boeira M.; Brenner K.; Leães C.; Machado A.; Townsend R.; Andrade J.; Kishore R.; Fenlon C.; Fiks T.; Ruijter A.; Te Raa M.; Spronk P.; Docherty P.; Dickson J.; Moltchanova E.; Scarrot C.; Hall T.; Ngu W. C.; Jack J. M.; Pavli A.; Gee X.; Akin Korhan E.; Shirazy M.; Fayed A.; Gupta S.; Kaushal A.; Dewan S.; Varma A.; Ghosh E.; Yang L.; Eshelman L.; Lord B.; Carlson E.; Broderick R.; Ramos J.; Forte D.; Yang F.; Feeney J.; Wilkinson K.; Shuker K.; Faulds M.; Bryden D.; England L.; Shuker K; Tridente A; Faulds M; Matheson A; Gaynor J.; Bryden D; S South Yorkshire Hospitals Research Collaboration; Peroni B.; Daglius-Dias R.; Miranda L.; Cohen C.; Carvalho C.; Velasco I.; Kelly J. M.; Neill A.; Rubenfeld G.; Masson N.; Min A.; Boezeman E.; Hofhuis J.; Hovingh A.; De Vries R.; Cabral-Campello G.; Van Mol M.; Nijkamp M.; Kompanje E.; Ostrowski P.; Kiss K.; Köves B.; Csernus V.; Molnár Z.; Hoydonckx Y.; Vanwing S.; Medo V.; Galvez R.; Miranda J. P.; Stone C.; Wigmore T.; Arunan Y.; Wheeler A.; Wong Y.; Poi C.; Gu C.; Molmy P.; Van Grunderbeeck N.; Nigeon O.; Lemyze M.; Thevenin D.; Mallat J.; Correa M.; Carvalho R. T.; Fernandez A.; McBride C.; Koonthalloor E.; Walsh C.; Webber A.; Ashe M.; Smith K.; Volakli E. A.; Dimitriadou M.; Mantzafleri P.; Vrani O.; Arbouti A.; Varsami T.; Bollen J. A.; Van Smaalen T. C.; De Jongh W. C.; Ten Hoopen M. M.; Ysebaert D.; Van Heurn L. W.; Van Mook W. N.; Roze des Ordons A.; Couillard P.; Doig C.; Van Keer R. V.; Deschepper R. D.; Francke A. F.; Huyghens L. H.; Bilsen J. B.; Nyamaizi B.; Dalrymple C.; Dobru A.; Marrinan E.; Ankuli A.; Struthers R.; Crawford R.; Mactavish P.; Morelli P.; Degiovanangelo M.; Lemos F.; MArtinez V.; Cabrera J.; Rutten A.; Van Ieperen S.; De Geer S.; Van Vugt M.; Der Kinderen E.; Giannini A.; Miccinesi G; Marchesi T; Prandi E,,,Conference Proceedings,2016,"Critical care (London, England)",eligible,eligible,final,not_applicable,background_mention,exclude,excluded_relevance,Consenso A+B,pilot-v1.1,no_pubmed_integrity_signal,2026-08-22 01:52:33.208402-03,This article is excluded because it does not meet NDRO scientific relevance criteria.,Estudo empírico original com abstract utilizável,,2026-08-22 01:52:33.208402-03
ndro-mvp-v0.1.2-20260823,2026-08-23,HD-R-036,HD,29222609,https://pubmed.ncbi.nlm.nih.gov/29222609/,Evaluating cognition in individuals with Huntington disease: Neuro-QoL cognitive functioning measures.,Lai Jin-Shei; Goodnight Siera; Downing Nancy R; Ready Rebecca E; Paulsen Jane S; Kratz Anna L; Stout Julie C; McCormack Michael K; Cella David; Ross Christopher; Russell Jenna; Carlozzi Noelle E,"PURPOSE: Cognitive functioning impacts health-related quality of life (HRQOL) for individuals with Huntington disease (HD). The Neuro-QoL includes two patient-reported outcome (PRO) measures of cognition-Executive Function (EF) and General Concerns (GC). These measures have not previously been validated for use in HD. The purpose of this analysis is to evaluate the reliability and validity of the Neuro-QoL Cognitive Function measures for use in HD.
METHODS: Five hundred ten individuals with prodromal or manifest HD completed the Neuro-QoL Cognition measures, two other PRO measures of HRQOL (WHODAS 2.0 and EQ5D), and a depression measure (PROMIS Depression). Measures of functioning The Total Functional Capacity and behavior (Problem Behaviors Assessment) were completed by clinician interview. Objective measures of cognition were obtained using clinician-administered Symbol Digit Modalities Test and the Stroop Test (Word, Color, and Interference). Self-rated, clinician-rated, and objective composite scores were developed. We examined the Neuro-QoL measures for reliability, convergent validity, discriminant validity, and known-groups validity.
RESULTS: Excellent reliabilities (Cronbach's alphas ≥ 0.94) were found. Convergent validity was supported, with strong relationships between self-reported measures of cognition. Discriminant validity was supported by less robust correlations between self-reported cognition and other constructs. Prodromal participants reported fewer cognitive problems than manifest groups, and early-stage HD participants reported fewer problems than late-stage HD participants.
CONCLUSIONS: The Neuro-QoL Cognition measures provide reliable and valid assessments of self-reported cognitive functioning for individuals with HD. Findings support the utility of these measures for assessing self-reported cognition.",Cognition; Huntington disease; Neuro-QoL; Patient-centered outcomes,"Journal Article; Research Support, N.I.H., Extramural",2017,"Quality of life research : an international journal of quality of life aspects of treatment, care and rehabilitation",eligible,eligible,final,complete,primary_focus,include,core,Consenso A+B,pilot-v1.1,no_pubmed_integrity_signal,2026-08-22 01:52:33.208402-03,This article is included in the NDRO core analytical corpus.,Estudo empírico original com abstract utilizável,,2026-08-22 01:52:33.208402-03
ndro-mvp-v0.1.2-20260823,2026-08-23,HD-R-037,HD,25056458,https://pubmed.ncbi.nlm.nih.gov/25056458/,Apoptosis and oxidative stress in neurodegenerative diseases.,Radi Elena; Formichi Patrizia; Battisti Carla; Federico Antonio,"Neurodegenerative disorders affect almost 30 million individuals leading to disability and death. These disorders are characterized by pathological changes in disease-specific areas of the brain and degeneration of distinct neuron subsets. Despite the differences in clinical manifestations and neuronal vulnerability, the pathological processes appear similar, suggesting common neurodegenerative pathways. Apoptosis seems to play a key role in the progression of several neurologic disorders like Alzheimer's disease, Parkinson's disease, Huntington's disease, and amyotrophic lateral sclerosis as demonstrated by studies on animal models and cell lines. On the other hand, research on human brains reported contradictory results. However, many dying neurons have been detected in brains of patients with neurodegenerative diseases, and these conditions are often associated with significant cell loss accompanied by typical morphological features of apoptosis such as chromatin condensation, DNA fragmentation, and activation of cysteine-proteases, caspases. Cell death and neurodegenerative conditions have been linked to oxidative stress and imbalance between generation of free radicals and antioxidant defenses. Multiple sclerosis, stroke, and neurodegenerative diseases have been associated with reactive oxygen species and nitric oxide. Here we present an overview of the involvement of neuronal apoptosis and oxidative stress in the most important neurodegenerative diseases, mainly focusing the attention on several genetic disorders, discussing the interaction between primary genetic abnormalities and the apoptotic pathways.",Apoptosis; ATP13A2; CADASIL; caspases; neurodegeneration; Parkinson's disease; reactive oxygen species,"Journal Article; Research Support, Non-U.S. Gov't; Review",2014,Journal of Alzheimer's disease : JAD,eligible,excluded,final,not_applicable,,exclude,excluded_eligibility,Regra de elegibilidade,pilot-v1.1,no_pubmed_integrity_signal,2026-08-22 01:52:33.208402-03,This article is excluded because it does not meet NDRO eligibility requirements.,Revisão ou meta-análise,,2026-08-22 01:52:33.208402-03
ndro-mvp-v0.1.2-20260823,2026-08-23,HD-R-038,HD,27678206,https://pubmed.ncbi.nlm.nih.gov/27678206/,Clinical and genetic investigation of a Brazilian family with Huntington's disease.,Agostinho L A; Spitz M; Pereira J S; Paiva C L A,"The aim of this study was to investigate a Brazilian family carrying full penetrance alleles for Huntington's disease (HD) in order to correlate each member's genetic and clinical features. To this end, the following scales were administered in each patient: the Beck Depression Inventory, the Mini-Mental State Examination (MMSE) and the Unified Huntington's Disease Rating Scale (UHDRS). The patterns of CAG and CCG polymorphic regions in the HTT gene were determined, the disease burden score was calculated, and genotypes were correlated with phenotypes within this family. We suggest that HD duration, the number of years of formal education, and UHDRS status variables can explain 96.6% of the MMSE variability in HD patients. A strong significant correlation was found between the disease burden score and the UHDRS (r = 0.76; p-value = 0.049) and the MMSE (r = -0.90; p-value = 0.006). The correlations between CAG allele size and the three clinical evaluations performed in the HD patients were not statistically significant.",,"Journal Article; Research Support, Non-U.S. Gov't",2016,Functional neurology,eligible,eligible,final,complete,primary_focus,include,core,Consenso A+B,pilot-v1.1,no_pubmed_integrity_signal,2026-08-22 01:52:33.208402-03,This article is included in the NDRO core analytical corpus.,Estudo empírico original com abstract utilizável,,2026-08-22 01:52:33.208402-03
ndro-mvp-v0.1.2-20260823,2026-08-23,HD-R-039,HD,27039308,https://pubmed.ncbi.nlm.nih.gov/27039308/,Brain Iron Metabolism Dysfunction in Parkinson's Disease.,Jiang Hong; Wang Jun; Rogers Jack; Xie Junxia,"Dysfunction of iron metabolism, which includes its uptake, storage, and release, plays a key role in neurodegenerative disorders, including Parkinson's disease (PD), Alzheimer's disease, and Huntington's disease. Understanding how iron accumulates in the substantia nigra (SN) and why it specifically targets dopaminergic (DAergic) neurons is particularly warranted for PD, as this knowledge may provide new therapeutic avenues for a more targeted neurotherapeutic strategy for this disease. In this review, we begin with a brief introduction describing brain iron metabolism and its regulation. We then provide a detailed description of how iron accumulates specifically in the SN and why DAergic neurons are especially vulnerable to iron in PD. Furthermore, we focus on the possible mechanisms involved in iron-induced cell death of DAergic neurons in the SN. Finally, we present evidence in support that iron chelation represents a plausable therapeutic strategy for PD.",Brain iron metabolism; Iron chelation; Iron regulatory protein; Iron transporters; Parkinson’s disease,"Journal Article; Research Support, Non-U.S. Gov't; Review",2016,Molecular neurobiology,eligible,excluded,final,not_applicable,,exclude,excluded_eligibility,Regra de elegibilidade,pilot-v1.1,no_pubmed_integrity_signal,2026-08-22 01:52:33.208402-03,This article is excluded because it does not meet NDRO eligibility requirements.,Revisão ou meta-análise,,2026-08-22 01:52:33.208402-03
ndro-mvp-v0.1.2-20260823,2026-08-23,HD-R-040,HD,26408163,https://pubmed.ncbi.nlm.nih.gov/26408163/,"Endocannabinoids and Neurodegenerative Disorders: Parkinson's Disease, Huntington's Chorea, Alzheimer's Disease, and Others.",Fernández-Ruiz Javier; Romero Julián; Ramos José A,"This review focuses on the role of the endocannabinoid signaling system in controlling neuronal survival, an extremely important issue to be considered when developing new therapies for neurodegenerative disorders. First, we will describe the cellular and molecular mechanisms, and the signaling pathways, underlying these neuroprotective properties, including the control of glutamate homeostasis, calcium influx, the toxicity of reactive oxygen species, glial activation and other inflammatory events; and the induction of autophagy. We will then concentrate on the preclinical studies and the few clinical trials that have been carried out targeting endocannabinoid signaling in three important chronic progressive neurodegenerative disorders (Parkinson's disease, Huntington's chorea, and Alzheimer's disease), as well as in other less well-studied disorders. We will end by offering some ideas and proposals for future research that should be carried out to optimize endocannabinoid-based treatments for these disorders. Such studies will strengthen the possibility that these therapies will be investigated in the clinical scenario and licensed for their use in specific disorders.",Alzheimer’s disease; Cannabinoids; Endocannabinoids; Huntington’s disease; Neurodegeneration; Neuroprotection; Parkinson’s disease,"Journal Article; Research Support, Non-U.S. Gov't; Review",2015,Handbook of experimental pharmacology,eligible,excluded,final,not_applicable,,exclude,excluded_eligibility,Regra de elegibilidade,pilot-v1.1,no_pubmed_integrity_signal,2026-08-22 01:52:33.208402-03,This article is excluded because it does not meet NDRO eligibility requirements.,Revisão ou meta-análise,,2026-08-22 01:52:33.208402-03
ndro-mvp-v0.1.2-20260823,2026-08-23,HD-R-041,HD,31560061,https://pubmed.ncbi.nlm.nih.gov/31560061/,What is gained or 'lost in translation' in Huntington's disease.,Brouillet Emmanuel; Merienne Karine,,,"Comment; Journal Article; Research Support, Non-U.S. Gov't",2019,Brain : a journal of neurology,excluded,excluded,final,not_applicable,,exclude,excluded_eligibility,Regra de elegibilidade,pilot-v1.1,no_pubmed_integrity_signal,2026-08-22 01:52:33.208402-03,This article is excluded because it does not meet NDRO eligibility requirements.,Abstract ausente,Abstract missing from the public PubMed record.,2026-08-22 01:52:33.208402-03
ndro-mvp-v0.1.2-20260823,2026-08-23,HD-R-042,HD,33294126,https://pubmed.ncbi.nlm.nih.gov/33294126/,Posttranslational Modifications in Ferroptosis.,Wei Xiang; Yi Xin; Zhu Xue-Hai; Jiang Ding-Sheng,"Ferroptosis was first coined in 2012 to describe the form of regulated cell death (RCD) characterized by iron-dependent lipid peroxidation. To date, ferroptosis has been implicated in many diseases, such as carcinogenesis, degenerative diseases (e.g., Huntington's, Alzheimer's, and Parkinson's diseases), ischemia-reperfusion injury, and cardiovascular diseases. Previous studies have identified numerous targets involved in ferroptosis; for example, acyl-CoA synthetase long-chain family member 4 (ACSL4) and p53 induce while glutathione peroxidase 4 (GPX4) and apoptosis-inducing factor mitochondria-associated 2 (AIFM2, also known as FSP1) inhibit ferroptosis. At least three major pathways (the glutathione-GPX4, FSP1-coenzyme Q10 (CoQ10), and GTP cyclohydrolase-1- (GCH1-) tetrahydrobiopterin (BH4) pathways) have been identified to participate in ferroptosis regulation. Recent advances have also highlighted the crucial roles of posttranslational modifications (PTMs) of proteins in ferroptosis. Here, we summarize the recently discovered knowledge regarding the mechanisms underlying ferroptosis, particularly the roles of PTMs in ferroptosis regulation.",,Journal Article; Review,2020,Oxidative medicine and cellular longevity,eligible,excluded,final,not_applicable,,exclude,excluded_eligibility,Regra de elegibilidade,pilot-v1.1,no_pubmed_integrity_signal,2026-08-22 01:52:33.208402-03,This article is excluded because it does not meet NDRO eligibility requirements.,Revisão ou meta-análise,,2026-08-22 01:52:33.208402-03
ndro-mvp-v0.1.2-20260823,2026-08-23,HD-R-043,HD,34909657,https://pubmed.ncbi.nlm.nih.gov/34909657/,Gauging the role and impact of drug interactions and repurposing in neurodegenerative disorders.,Khatri Dharmendra Kumar; Kadbhane Amey; Patel Monica; Nene Shweta; Atmakuri Srividya; Srivastava Saurabh; Singh Shashi Bala,"Neurodegenerative diseases (ND) are of vast origin which are characterized by gradual progressive loss of neurons in the brain region. ND can be classified according to the clinical symptoms present (e.g. Cognitive decline, hyperkinetic, and hypokinetic movements disorder) or by the pathological protein deposited (e.g., Amyloid, tau, Alpha-synuclein, TDP-43). Alzheimer's disease preceded by Parkinson's is the most prevalent form of ND world-wide. Multiple factors like aging, genetic mutations, environmental factors, gut microbiota, blood-brain barrier microvascular complication, etc. may increase the predisposition towards ND. Genetic mutation is a major contributor in increasing the susceptibility towards ND, the concept of one disease-one gene is obsolete and now multiple genes are considered to be involved in causing one particular disease. Also, the involvement of multiple pathological mechanisms like oxidative stress, neuroinflammation, mitochondrial dysfunction, etc. contributes to the complexity and makes them difficult to be treated by traditional mono-targeted ligands. In this aspect, the Poly-pharmacological drug approach which targets multiple pathological pathways at the same time provides the best way to treat such complex networked CNS diseases. In this review, we have provided an overview of ND and their pathological origin, along with a brief description of various genes associated with multiple diseases like Alzheimer's, Parkinson's, Multiple sclerosis (MS), Amyotrophic Lateral Sclerosis (ALS), Huntington's and a comprehensive detail about the Poly-pharmacology approach (MTDLs and Fixed-dose combinations) along with their merits over the traditional single-targeted drug is provided. This review also provides insights into current repurposing strategies along with its regulatory considerations.",Alzheimer’s disease; Drug repurposing; Gene therapy; Neurodegenerative diseases; Parkinson’s disease,Journal Article; Review,2021,Current research in pharmacology and drug discovery,eligible,excluded,final,not_applicable,,exclude,excluded_eligibility,Regra de elegibilidade,pilot-v1.1,no_pubmed_integrity_signal,2026-08-22 01:52:33.208402-03,This article is excluded because it does not meet NDRO eligibility requirements.,Revisão ou meta-análise,,2026-08-22 01:52:33.208402-03
ndro-mvp-v0.1.2-20260823,2026-08-23,HD-R-044,HD,32967102,https://pubmed.ncbi.nlm.nih.gov/32967102/,Implications of the Orb2 Amyloid Structure in Huntington's Disease.,Hervás Rubén; Murzin Alexey G; Si Kausik,"Huntington's disease is a progressive, autosomal dominant, neurodegenerative disorder caused by an expanded CAG repeat in the huntingtin gene. As a result, the translated protein, huntingtin, contains an abnormally long polyglutamine stretch that makes it prone to misfold and aggregating. Aggregation of huntingtin is believed to be the cause of Huntington's disease. However, understanding on how, and why, huntingtin aggregates are deleterious has been hampered by lack of enough relevant structural data. In this review, we discuss our recent findings on a glutamine-based functional amyloid isolated from Drosophila brain and how this information provides plausible structural insight on the structure of huntingtin deposits in the brain.",CPEB; Cryo-EM; functional amyloids; huntingtin; Huntington’s disease; Orb2; polyglutamine,Journal Article; Review,2020,International journal of molecular sciences,eligible,excluded,final,not_applicable,,exclude,excluded_eligibility,Regra de elegibilidade,pilot-v1.1,no_pubmed_integrity_signal,2026-08-22 01:52:33.208402-03,This article is excluded because it does not meet NDRO eligibility requirements.,Revisão ou meta-análise,,2026-08-22 01:52:33.208402-03
ndro-mvp-v0.1.2-20260823,2026-08-23,HD-R-045,HD,30959072,https://pubmed.ncbi.nlm.nih.gov/30959072/,Impact of sex differences and gender specificity on behavioral characteristics and pathophysiology of neurodegenerative disorders.,Ullah Mohammad Fahad; Ahmad Aamir; Bhat Showket Hussain; Abu-Duhier Faisel M; Barreto George E; Ashraf Ghulam Md,"The impact of neurodegenerative disorders in humans has multiple consequences because of the progressive decline in cognitive and physical performances. These disorders have diverse manifestations and are influenced by genetic and lifestyle factors, concurrent health conditions as well as un-modifiable predisposing risk factors, including gender and advanced age. Accumulating evidence indicates a gender-dependent natural bias of neurodegenerative diseases, such as, Alzheimer's disease, Parkinson's disease, Huntington's disease and multiple sclerosis, with the ratio of male to female prevalence as well as the severity of the disease differing significantly between the two sexes. This observation has recently garnered much attention and it is now being realized that understanding the sex as a biological variable in the etiology of the neurodegenerative diseases may advance the status of the pathophysiology and treatment strategies while improving the associated decline in cognitive and functional abilities. This review highlights the influence of gender in neurodegenerative disorders and further discusses the sex-specific pre-determined microenvironments that are critical in predisposing the individuals to such disorders.",Alzheimer's disease; Cognitive impairment; Gender bias; Huntington’s disease; Multiple sclerosis; Neurodegenerative disorders; Parkinson's disease,Journal Article; Review,2019,Neuroscience and biobehavioral reviews,eligible,excluded,final,not_applicable,,exclude,excluded_eligibility,Regra de elegibilidade,pilot-v1.1,no_pubmed_integrity_signal,2026-08-22 01:52:33.208402-03,This article is excluded because it does not meet NDRO eligibility requirements.,Revisão ou meta-análise,,2026-08-22 01:52:33.208402-03
ndro-mvp-v0.1.2-20260823,2026-08-23,HD-R-046,HD,32613239,https://pubmed.ncbi.nlm.nih.gov/32613239/,"Validation Study of a German Cognitive Battery for Huntington's Disease: Relationship Between Cognitive Performance, Functional Decline, and Disease Burden.",Mühlbäck Alžbeta; Frank Wiebke; Klempířová Olga; Bezdíček Ondřej; Schmitt Lena; Hofstetter Nina; Landwehrmeyer G Bernhard; Klempíř Jiří,"OBJECTIVE: Cognitive decline is a key characteristic of Huntington's disease (HD). This study aimed to investigate the diagnostic accuracy of a cognitive battery with six tests used by most HD research centers to assess cognitive impairment in HD.
METHOD: In total, 106 HD patients in different disease stages with more (HD-CD, N = 30) and less cognitive impairments (HD-NC, N = 70) and 100 healthy controls (NC) were matched by age, sex, and education and were examined using a standardized protocol including cognitive, motor, and functional assessments.
RESULTS: One-way between-groups analysis of variance showed that controls performed significantly better than HD patients and that HD-NC significantly outperformed HD-CD patients in all cognitive tests (NC > HD-NC > HD-CD), with all Games-Howell post-hoc tests p < .001. Analyses using area under the receiver-operating characteristic curve (AUC) disclosed the diagnostic accuracy of all tests included in the battery to discriminate between NC and HD patients with AUC ranging from 0.809 to 0.862 (all p < .001) and between HD-CD and HD-NC patients with AUC ranging from 0.833 to 0.899 (all p < .001). In both analysis, Stroop Color Naming Test showed the highest discriminative potential. Additional analyses showed that cognitive deficits in all domains progressed with disease duration. Moreover, cognitive performance correlated with the severity of motor and functional impairment (all p < .001) and with the Disease Burden Score regardless of disease duration and age.
CONCLUSION: Our results indicate that the cognitive battery is a suitable tool for assessing cognitive impairment in HD.",Cognitive impairment; Diagnostic accuracy; Huntington’s disease; Neuropsychological test battery; Unified Huntington’s Disease Rating Scale,Journal Article,2021,Archives of clinical neuropsychology : the official journal of the National Academy of Neuropsychologists,eligible,eligible,final,complete,primary_focus,include,core,Consenso A+B,pilot-v1.1,no_pubmed_integrity_signal,2026-08-22 01:52:33.208402-03,This article is included in the NDRO core analytical corpus.,Estudo empírico original com abstract utilizável,,2026-08-22 01:52:33.208402-03
ndro-mvp-v0.1.2-20260823,2026-08-23,HD-R-047,HD,34697594,https://pubmed.ncbi.nlm.nih.gov/34697594/,Adenosine: a partially discovered medicinal agent.,Batra Rohit; Jain Vinay; Sharma Pankaj,"BACKGROUND: A plethora of chemicals exists in human body which can alter physiology in one way or other. Scientists have always been astounded by such abilities of chemicals but as the technology advances, even the chemical which was once expected to be well known changes its status to not really well known. Adenosine is one of the chemicals which is in consonance with the aforementioned statements, although previous articles have covered vast information on role of adenosine in cardiovascular physiology, bacterial pathophysiology and inflammatory diseases. In this review we have discussed adenosine and its congeners as potential promising agents in the treatment of Huntington's disease, post-traumatic stress disorder, erectile dysfunction, viral infections (SARS-CoV) and anxiety.
MAIN TEXT: Adenosine is a unique metabolite of ATP; which serves in signalling as well. It is made up of adenine (a nitrogenous base) and ribo-furanose (pentose) sugar linked by β-N9-glycosidic bond. Adenosine on two successive phosphorylation forms ATP (Adenosine Triphosphate) which is involved in several active processes of cell. It is also one of the building blocks (nucleotides) involved in DNA (Deoxy-ribonucleic Acid) and RNA (Ribonucleic Acid) synthesis. It is also a component of an enzyme called S-adenosyl-L-methionine (SAM) and cyano-cobalamin (vitamin B-12). Adenosine acts by binding to G protein-coupled receptor (GPCR: A1, A2A, A2B and A3) carries out various responses some of which are anti-platelet function, hyperaemic response, bone remodelling, involvement in penile erection and suppression of inflammation. On the other hand, certain microorganisms belonging to genus Candida, Staphylococcus and Bacillus utilize adenosine in order to escape host immune response (phagocytic clearance). These microbes evade host immune response by synthesizing and releasing adenosine (with the help of an enzyme: adenosine synthase-A), at the site of infection.
CONCLUSION: With the recent advancement in attribution of adenosine in physiology and pathological states, adenosine and its congeners are being looked forward to bringing a revolution in treatment of inflammation, viral infections, psychiatric and neurodegenerative disorders.",Adenosine; Bone remodelling; G protein-coupled receptor (GPCR); Inflammation; Myocardial perfusion imaging; Pathogenesis,Journal Article; Review,2021,Future journal of pharmaceutical sciences,eligible,excluded,final,not_applicable,,exclude,excluded_eligibility,Regra de elegibilidade,pilot-v1.1,no_pubmed_integrity_signal,2026-08-22 01:52:33.208402-03,This article is excluded because it does not meet NDRO eligibility requirements.,Revisão ou meta-análise,,2026-08-22 01:52:33.208402-03
ndro-mvp-v0.1.2-20260823,2026-08-23,HD-R-048,HD,30517595,https://pubmed.ncbi.nlm.nih.gov/30517595/,Medication Management Capacity and Its Neurocognitive Correlates in Huntington's Disease.,Sumida Catherine A; Van Etten Emily J; Lopez Francesca V; Sheppard David P; Pirogovsky-Turk Eva; Corey-Bloom Jody; Filoteo J Vincent; Woods Steven P; Gilbert Paul E; Schmitter-Edgecombe Maureen,"OBJECTIVE: Although medication management is a necessary daily activity for individuals with Huntington's disease (HD), medication management abilities and their relation to cognitive functioning have not been evaluated.
METHOD: Twenty individuals with HD and 20 healthy adults (HA) completed the Medication Management Abilities Assessment (MMAA). Individuals with HD also completed a self-report medication management measure and neuropsychological tests assessing executive function, retrospective memory, and prospective memory.
RESULTS: Individuals with HD performed significantly poorer and made more undertaking errors on the MMAA as compared to HA. No group differences were found in overtaking errors. In the HD group, significant associations were found between undertaking errors and perceived medication management ability as well as between MMAA task performance and measures assessing prospective memory and executive functions.
CONCLUSIONS: Medication management capacity was negatively affected in individuals with HD and may be associated with difficulty remembering to take medications in the future.",Everyday functioning; Executive functioning; Huntington’s disease; Learning and memory,Journal Article,2019,Archives of clinical neuropsychology : the official journal of the National Academy of Neuropsychologists,eligible,eligible,final,complete,primary_focus,include,core,Consenso A+B,pilot-v1.1,no_pubmed_integrity_signal,2026-08-22 01:52:33.208402-03,This article is included in the NDRO core analytical corpus.,Estudo empírico original com abstract utilizável,,2026-08-22 01:52:33.208402-03
ndro-mvp-v0.1.2-20260823,2026-08-23,HD-R-049,HD,34360586,https://pubmed.ncbi.nlm.nih.gov/34360586/,"Copper, Iron, and Manganese Toxicity in Neuropsychiatric Conditions.",Tarnacka Beata; Jopowicz Anna; Maślińska Maria,"Copper, manganese, and iron are vital elements required for the appropriate development and the general preservation of good health. Additionally, these essential metals play key roles in ensuring proper brain development and function. They also play vital roles in the central nervous system as significant cofactors for several enzymes, including the antioxidant enzyme superoxide dismutase (SOD) and other enzymes that take part in the creation and breakdown of neurotransmitters in the brain. An imbalance in the levels of these metals weakens the structural, regulatory, and catalytic roles of different enzymes, proteins, receptors, and transporters and is known to provoke the development of various neurological conditions through different mechanisms, such as via induction of oxidative stress, increased α-synuclein aggregation and fibril formation, and stimulation of microglial cells, thus resulting in inflammation and reduced production of metalloproteins. In the present review, the authors focus on neurological disorders with psychiatric signs associated with copper, iron, and manganese excess and the diagnosis and potential treatment of such disorders. In our review, we described diseases related to these metals, such as aceruloplasminaemia, neuroferritinopathy, pantothenate kinase-associated neurodegeneration (PKAN) and other very rare classical NBIA forms, manganism, attention-deficit/hyperactivity disorder (ADHD), ephedrone encephalopathy, HMNDYT1-SLC30A10 deficiency (HMNDYT1), HMNDYT2-SLC39A14 deficiency, CDG2N-SLC39A8 deficiency, hepatic encephalopathy, prion disease and ""prion-like disease"", amyotrophic lateral sclerosis, Huntington's disease, Friedreich's ataxia, and depression.",copper; iron; manganese; neurodegeneration,Journal Article; Review,2021,International journal of molecular sciences,eligible,excluded,final,not_applicable,,exclude,excluded_eligibility,Regra de elegibilidade,pilot-v1.1,no_pubmed_integrity_signal,2026-08-22 01:52:33.208402-03,This article is excluded because it does not meet NDRO eligibility requirements.,Revisão ou meta-análise,,2026-08-22 01:52:33.208402-03
ndro-mvp-v0.1.2-20260823,2026-08-23,HD-R-050,HD,29688337,https://pubmed.ncbi.nlm.nih.gov/29688337/,"Stimulation of S1PR5 with A-971432, a selective agonist, preserves blood-brain barrier integrity and exerts therapeutic effect in an animal model of Huntington's disease.",Di Pardo Alba; Castaldo Salvatore; Amico Enrico; Pepe Giuseppe; Marracino Federico; Capocci Luca; Giovannelli Alfredo; Madonna Michele; van Bergeijk Jeroen; Buttari Fabio; van der Kam Elizabeth; Maglione Vittorio,"Huntington's disease (HD) is the most common neurodegenerative disorder for which no effective cure is yet available. Although several agents have been identified to provide benefits so far, the number of therapeutic options remains limited with only symptomatic treatment available. Over the past few years, we have demonstrated that sphingolipid-based approaches may open the door to new and more targeted treatments for the disease. In this study, we investigated the therapeutic potential of stimulating sphingosine-1-phosphate (S1P) receptor 5 by the new selective agonist A-971432 (provided by AbbVie) in R6/2 mice, a widely used HD animal model. Chronic administration of low-dose (0.1 mg/kg) A-971432 slowed down the progression of the disease and significantly prolonged lifespan in symptomatic R6/2 mice. Such beneficial effects were associated with activation of pro-survival pathways (BDNF, AKT and ERK) and with reduction of mutant huntingtin aggregation. A-971432 also protected blood-brain barrier (BBB) homeostasis in the same mice. Interestingly, when administered early in the disease, before any overt symptoms, A-971432 completely protected HD mice from the classic progressive motor deficit and preserved BBB integrity. Beside representing a promising strategy to take into consideration for the development of alternative therapeutic options for HD, selective stimulation of S1P receptor 5 may be also seen as an effective approach to target brain vasculature defects in the disease.",,"Journal Article; Research Support, Non-U.S. Gov't",2018,Human molecular genetics,eligible,eligible,final,complete,primary_focus,include,core,Consenso A+B,pilot-v1.1,no_pubmed_integrity_signal,2026-08-22 01:52:33.208402-03,This article is included in the NDRO core analytical corpus.,Estudo empírico original com abstract utilizável,,2026-08-22 01:52:33.208402-03
ndro-mvp-v0.1.2-20260823,2026-08-23,HD-R-051,HD,32043503,https://pubmed.ncbi.nlm.nih.gov/32043503/,Ellagic acid rescues motor and cognitive deficits in the R6/2 mouse model of Huntington's disease by lowering mutant huntingtin protein.,Sun Xun; Zhu Jie; Sun Xiao-Ying; Ji Mei; Yu Xiao-Lin; Liu Rui-Tian,"Huntington's disease (HD) is a genetic neurodegenerative disorder caused by a highly polymorphic CAG trinucleotide repeat expansion encoding an extended polyglutamine (polyQ) tract at the N-terminus of huntingtin protein (HTT). The polyQ tract promotes the formation of toxic oligomers and aggregates of HTT, which leads to neuronal dysfunction and death. Therapies to lower mutant HTT (mHTT) and its aggregates appear to be the most promising strategies. Ellagic acid (EA) has been marketed as a dietary supplement with various claimed benefits and neuroprotective effects on several neurodegenerative disorders, while its effect on mHTT pathology is still unknown. Here we reported that EA significantly attenuated motor and cognitive deficits in R6/2 mice. Moreover, EA significantly lowered mHTT levels, reduced neuroinflammation, rescued synapse loss, and decreased oxidative stress in R6/2 mouse brains. These findings indicated that EA has promising therapeutic potential for HD treatment.",,Journal Article,2020,Food & function,eligible,eligible,final,complete,primary_focus,include,core,Consenso A+B,pilot-v1.1,no_pubmed_integrity_signal,2026-08-22 01:52:33.208402-03,This article is included in the NDRO core analytical corpus.,Estudo empírico original com abstract utilizável,,2026-08-22 01:52:33.208402-03
ndro-mvp-v0.1.2-20260823,2026-08-23,HD-R-052,HD,31349929,https://pubmed.ncbi.nlm.nih.gov/31349929/,Therapeutic potential of cannabinoids as neuroprotective agents for damaged cells conducing to movement disorders.,Antonazzo Mario; Botta María; Bengoetxea Harkaitz; Ruiz-Ortega José Ángel; Morera-Herreras Teresa,"The basal ganglia (BG), an organized network of nuclei that integrates cortical information, play a crucial role in controlling motor function. In fact, movement disorders such as Parkinson's disease (PD) and Huntington's disease (HD) are caused by the degeneration of specific structures within the BG. There is substantial evidence supporting the idea that cannabinoids may constitute novel promising compounds for the treatment of movement disorders as neuroprotective and anti-inflammatory agents. This potential therapeutic role of cannabinoids is based, among other qualities, on their capacity to reduce oxidative injury and excitotoxicity, control calcium influx and limit the toxicity of reactive microglia. The mechanisms involved in these effects are related to CB1 and CB2 receptor activation, although some of the effects are CB receptor independent. Thus, taking into account the aforementioned properties, compounds that act on the endocannabinoid system could be useful as a basis for developing disease-modifying therapies for PD and HD.",CB1 receptor; CB2 receptor; Endocannabinoids; Neuroinflammation; Neuroprotection,Journal Article; Review,2019,International review of neurobiology,eligible,excluded,final,not_applicable,,exclude,excluded_eligibility,Regra de elegibilidade,pilot-v1.1,no_pubmed_integrity_signal,2026-08-22 01:52:33.208402-03,This article is excluded because it does not meet NDRO eligibility requirements.,Revisão ou meta-análise,,2026-08-22 01:52:33.208402-03
ndro-mvp-v0.1.2-20260823,2026-08-23,HD-R-053,HD,33127590,https://pubmed.ncbi.nlm.nih.gov/33127590/,"Miro (Mitochondrial Rho GTPase), a key player of mitochondrial axonal transport and mitochondrial dynamics in neurodegenerative diseases.",Panchal Komal; Tiwari Anand Krishna,"Miro (mitochondrial Rho GTPases) a mitochondrial outer membrane protein, plays a vital role in the microtubule-based mitochondrial axonal transport, mitochondrial dynamics (fusion and fission) and Mito-Ca2+ homeostasis. It forms a major protein complex with Milton (an adaptor protein), kinesin and dynein (motor proteins), and facilitates bidirectional mitochondrial axonal transport such as anterograde and retrograde transport. By forming this protein complex, Miro facilitates the mitochondrial axonal transport and fulfills the neuronal energy demand, maintain the mitochondrial homeostasis and neuronal survival. It has been demonstrated that altered mitochondrial biogenesis, improper mitochondrial axonal transport, and mitochondrial dynamics are the early pathologies associated with most of the neurodegenerative diseases (NDs). Being the sole mitochondrial outer membrane protein associated with mitochondrial axonal transport-related processes, Miro proteins can be one of the key players in various NDs such as Alzheimer's disease (AD), Parkinson's disease (PD), Amyotrophic lateral sclerosis (ALS) and Huntington's disease (HD). Thus, in the current review, we have discussed the evolutionarily conserved Miro proteins and its role in the pathogenesis of the various NDs. From this, we indicated that Miro proteins may act as a potential target for a novel therapeutic intervention for the treatment of various NDs.",Ca(2+) homeostasis; Miro; Mitochondria; Mitochondrial axonal transport; Mitochondrial dynamics; Neurodegenerative diseases,Journal Article; Review,2020,Mitochondrion,eligible,excluded,final,not_applicable,,exclude,excluded_eligibility,Regra de elegibilidade,pilot-v1.1,no_pubmed_integrity_signal,2026-08-22 01:52:33.208402-03,This article is excluded because it does not meet NDRO eligibility requirements.,Revisão ou meta-análise,,2026-08-22 01:52:33.208402-03
ndro-mvp-v0.1.2-20260823,2026-08-23,HD-R-054,HD,30139856,https://pubmed.ncbi.nlm.nih.gov/30139856/,Daring to hope.,Wadman Meredith,,,Journal Article; Personal Narrative,2018,"Science (New York, N.Y.)",excluded,excluded,final,not_applicable,,exclude,excluded_eligibility,Regra de elegibilidade,pilot-v1.1,no_pubmed_integrity_signal,2026-08-22 01:52:33.208402-03,This article is excluded because it does not meet NDRO eligibility requirements.,Abstract ausente,Abstract missing from the public PubMed record.,2026-08-22 01:52:33.208402-03
ndro-mvp-v0.1.2-20260823,2026-08-23,HD-R-055,HD,32436573,https://pubmed.ncbi.nlm.nih.gov/32436573/,Arginine is a disease modifier for polyQ disease models that stabilizes polyQ protein conformation.,Minakawa Eiko N; Popiel Helena Akiko; Tada Masayoshi; Takahashi Toshiaki; Yamane Hiroshi; Saitoh Yuji; Takahashi Yasuo; Ozawa Daisaku; Takeda Akiko; Takeuchi Toshihide; Okamoto Yuma; Yamamoto Kazuhiro; Suzuki Mari; Fujita Hiromi; Ito Chiyomi; Yagihara Hiroko; Saito Yuko; Watase Kei; Adachi Hiroaki; Katsuno Masahisa; Mochizuki Hideki; Shiraki Kentaro; Sobue Gen; Toda Tatsushi; Wada Keiji; Onodera Osamu; Nagai Yoshitaka,"The polyglutamine (polyQ) diseases are a group of inherited neurodegenerative diseases that include Huntington's disease, various spinocerebellar ataxias, spinal and bulbar muscular atrophy, and dentatorubral pallidoluysian atrophy. They are caused by the abnormal expansion of a CAG repeat coding for the polyQ stretch in the causative gene of each disease. The expanded polyQ stretches trigger abnormal β-sheet conformational transition and oligomerization followed by aggregation of the polyQ proteins in the affected neurons, leading to neuronal toxicity and neurodegeneration. Disease-modifying therapies that attenuate both symptoms and molecular pathogenesis of polyQ diseases remain an unmet clinical need. Here we identified arginine, a chemical chaperone that facilitates proper protein folding, as a novel compound that targets the upstream processes of polyQ protein aggregation by stabilizing the polyQ protein conformation. We first screened representative chemical chaperones using an in vitro polyQ aggregation assay, and identified arginine as a potent polyQ aggregation inhibitor. Our in vitro and cellular assays revealed that arginine exerts its anti-aggregation property by inhibiting the toxic β-sheet conformational transition and oligomerization of polyQ proteins before the formation of insoluble aggregates. Arginine exhibited therapeutic effects on neurological symptoms and protein aggregation pathology in Caenorhabditis elegans, Drosophila, and two different mouse models of polyQ diseases. Arginine was also effective in a polyQ mouse model when administered after symptom onset. As arginine has been safely used for urea cycle defects and for mitochondrial myopathy, encephalopathy, lactic acid and stroke syndrome patients, and efficiently crosses the blood-brain barrier, a drug-repositioning approach for arginine would enable prompt clinical application as a promising disease-modifier drug for the polyQ diseases.",arginine; chemical chaperone; disease-modifying therapy; polyglutamine diseases; protein conformation,"Journal Article; Research Support, Non-U.S. Gov't",2020,Brain : a journal of neurology,eligible,eligible,final,complete,shared_mechanism,separate_view,separate,Consenso A+B,pilot-v1.1,no_pubmed_integrity_signal,2026-08-22 01:52:33.208402-03,This original study is preserved in a separate analytical view.,Estudo empírico original com abstract utilizável,,2026-08-22 01:52:33.208402-03
ndro-mvp-v0.1.2-20260823,2026-08-23,HD-R-056,HD,31968243,https://pubmed.ncbi.nlm.nih.gov/31968243/,Striatal Projection Neurons Require Huntingtin for Synaptic Connectivity and Survival.,Burrus Caley J; McKinstry Spencer U; Kim Namsoo; Ozlu M Ilcim; Santoki Aditya V; Fang Francia Y; Ma Annie; Karadeniz Yonca B; Worthington Atesh K; Dragatsis Ioannis; Zeitlin Scott; Yin Henry H; Eroglu Cagla,"Huntington's disease (HD) is caused by an autosomal dominant polyglutamine expansion mutation of Huntingtin (HTT). HD patients suffer from progressive motor, cognitive, and psychiatric impairments, along with significant degeneration of the striatal projection neurons (SPNs) of the striatum. HD is widely accepted to be caused by a toxic gain-of-function of mutant HTT. However, whether loss of HTT function, because of dominant-negative effects of the mutant protein, plays a role in HD and whether HTT is required for SPN health and function are not known. Here, we delete Htt from specific subpopulations of SPNs using the Cre-Lox system and find that SPNs require HTT for motor regulation, synaptic development, cell health, and survival during aging. Our results suggest that loss of HTT function in SPNs could play a critical role in HD pathogenesis.",basal ganglia; Huntington's Disease; neuronal survival; striatum; synaptic connectivity,"Journal Article; Research Support, N.I.H., Extramural; Research Support, Non-U.S. Gov't",2020,Cell reports,eligible,eligible,final,complete,primary_focus,include,core,Consenso A+B,pilot-v1.1,no_pubmed_integrity_signal,2026-08-22 01:52:33.208402-03,This article is included in the NDRO core analytical corpus.,Estudo empírico original com abstract utilizável,,2026-08-22 01:52:33.208402-03
ndro-mvp-v0.1.2-20260823,2026-08-23,HD-R-057,HD,34088252,https://pubmed.ncbi.nlm.nih.gov/34088252/,Group 1 Metabotropic Glutamate Receptors in Neurological and Psychiatric Diseases: Mechanisms and Prospective.,Su Li-Da; Wang Na; Han Junhai; Shen Ying,"Metabotropic glutamate receptors (mGluRs) are G-protein coupled receptors that are activated by glutamate in the central nervous system (CNS). Basically, mGluRs contribute to fine-tuning of synaptic efficacy and control the accuracy and sharpness of neurotransmission. Among eight subtypes, mGluR1 and mGluR5 belong to group 1 (Gp1) family, and are implicated in multiple CNS disorders, such as Alzheimer's disease, autism, Parkinson's disease, and so on. In the present review, we systematically discussed underlying mechanisms and prospective of Gp1 mGluRs in a group of neurological and psychiatric diseases, including Alzheimer's disease, Parkinson's disease, autism spectrum disorder, epilepsy, Huntington's disease, intellectual disability, Down's syndrome, Rett syndrome, attention-deficit hyperactivity disorder, addiction, anxiety, nociception, schizophrenia, and depression, in order to provide more insights into the therapeutic potential of Gp1 mGluRs.",clinical trial; metabotropic glutamate receptors; neurodegeneration disorder; psychiatric disorder; transgenic animal model,"Journal Article; Research Support, Non-U.S. Gov't; Review",2021,"The Neuroscientist : a review journal bringing neurobiology, neurology and psychiatry",eligible,excluded,final,not_applicable,,exclude,excluded_eligibility,Regra de elegibilidade,pilot-v1.1,no_pubmed_integrity_signal,2026-08-22 01:52:33.208402-03,This article is excluded because it does not meet NDRO eligibility requirements.,Revisão ou meta-análise,,2026-08-22 01:52:33.208402-03
ndro-mvp-v0.1.2-20260823,2026-08-23,HD-R-058,HD,29689231,https://pubmed.ncbi.nlm.nih.gov/29689231/,Rab GTPases and Membrane Trafficking in Neurodegeneration.,Kiral Ferdi Ridvan; Kohrs Friederike Elisabeth; Jin Eugene Jennifer; Hiesinger Peter Robin,"Defects in membrane trafficking are hallmarks of neurodegeneration. Rab GTPases are key regulators of membrane trafficking. Alterations of Rab GTPases, or the membrane compartments they regulate, are associated with virtually all neuronal activities in health and disease. The observation that many Rab GTPases are associated with neurodegeneration has proven a challenge in the quest for cause and effect. Neurodegeneration can be a direct consequence of a defect in membrane trafficking. Alternatively, changes in membrane trafficking may be secondary consequences or cellular responses. The secondary consequences and cellular responses, in turn, may protect, represent inconsequential correlates or function as drivers of pathology. Here, we attempt to disentangle the different roles of membrane trafficking in neurodegeneration by focusing on selected associations with Alzheimer's disease, Parkinson's disease, Huntington's disease and selected neuropathies. We provide an overview of current knowledge on Rab GTPase functions in neurons and review the associations of Rab GTPases with neurodegeneration with respect to the following classifications: primary cause, secondary cause driving pathology or secondary correlate. This analysis is devised to aid the interpretation of frequently observed membrane trafficking defects in neurodegeneration and facilitate the identification of true causes of pathology.",,"Journal Article; Research Support, N.I.H., Extramural; Research Support, Non-U.S. Gov't; Review",2018,Current biology : CB,eligible,excluded,final,not_applicable,,exclude,excluded_eligibility,Regra de elegibilidade,pilot-v1.1,no_pubmed_integrity_signal,2026-08-22 01:52:33.208402-03,This article is excluded because it does not meet NDRO eligibility requirements.,Revisão ou meta-análise,,2026-08-22 01:52:33.208402-03
ndro-mvp-v0.1.2-20260823,2026-08-23,HD-R-059,HD,33940564,https://pubmed.ncbi.nlm.nih.gov/33940564/,"Plasma neurofilament light in Huntington's disease: A marker for disease onset, but not symptom progression.",Parkin Georgia M; Corey-Bloom Jody; Snell Chase; Castleton Jordan; Thomas Elizabeth A,"OBJECTIVE: To investigate whether plasma NfL levels correlate with clinical symptom severity in premanifest (PM) and manifest HD (HD) individuals, and whether a NfL cut-point could distinguish PM from HD patients with reasonable accuracy.
METHOD: 98 participants (33 control, 26 PM, 39 HD), underwent blood sample collection and clinical assessment, using both UHDRS and non-UHDRS measures, at one academic HD Center. Years to onset (YTO), probability of disease onset in 5 years, and predicted years until 60% onset probability were also calculated. NfL levels were measured using a Meso Scale Discovery assay.
RESULTS: Cohorts differed by age. NfL levels differed significantly across diagnostic groups and were significantly correlated with age. Age-adjusted NfL levels were not correlated with clinical measures in either HD or PM cohorts, but were correlated when cohorts were combined. In PM subjects, NfL levels correlated with YTO, probability of onset in 5 years, and years until 60% onset probability. Using ROC analysis, a NfL cut-point of <53.15 pg/ml distinguished HD from control; <74.84 pg/ml distinguished HD from PM.
CONCLUSIONS: These findings implicate plasma NfL as a peripheral prognostic marker for premanifest-HD. Notably, we show that significant correlations between NfL and clinical symptoms are detected only when PM + HD subjects are combined, but not within HD subjects alone. To date, prior studies have investigated the clinical usefulness of NfL exclusively in merged PM + HD cohorts. Our data suggests a biasing of these previous correlations, and hence potentially limited usefulness of plasma NfL in monitoring HD symptom progression, for example, in clinical trials.",Biomarker; Blood; Huntington's disease; Neurofilament light; Plasma,"Journal Article; Research Support, N.I.H., Extramural",2021,Parkinsonism & related disorders,eligible,eligible,final,complete,primary_focus,include,core,Consenso A+B,pilot-v1.1,no_pubmed_integrity_signal,2026-08-22 01:52:33.208402-03,This article is included in the NDRO core analytical corpus.,Estudo empírico original com abstract utilizável,,2026-08-22 01:52:33.208402-03
ndro-mvp-v0.1.2-20260823,2026-08-23,HD-R-060,HD,34093422,https://pubmed.ncbi.nlm.nih.gov/34093422/,Ranking the Predictive Power of Clinical and Biological Features Associated With Disease Progression in Huntington's Disease.,Ghazaleh Naghmeh; Houghton Richard; Palermo Giuseppe; Schobel Scott A; Wijeratne Peter A; Long Jeffrey D,"Huntington's disease (HD) is characterised by a triad of cognitive, behavioural, and motor symptoms which lead to functional decline and loss of independence. With potential disease-modifying therapies in development, there is interest in accurately measuring HD progression and characterising prognostic variables to improve efficiency of clinical trials. Using the large, prospective Enroll-HD cohort, we investigated the relative contribution and ranking of potential prognostic variables in patients with manifest HD. A random forest regression model was trained to predict change of clinical outcomes based on the variables, which were ranked based on their contribution to the prediction. The highest-ranked variables included novel predictors of progression-being accompanied at clinical visit, cognitive impairment, age at diagnosis and tetrabenazine or antipsychotics use-in addition to established predictors, cytosine adenine guanine (CAG) repeat length and CAG-age product. The novel prognostic variables improved the ability of the model to predict clinical outcomes and may be candidates for statistical control in HD clinical studies.",disease progression; Huntington's disease; machine learning; prognostic variables; random forest,Journal Article,2021,Frontiers in neurology,eligible,eligible,final,complete,primary_focus,include,core,Consenso A+B,pilot-v1.1,no_pubmed_integrity_signal,2026-08-22 01:52:33.208402-03,This article is included in the NDRO core analytical corpus.,Estudo empírico original com abstract utilizável,,2026-08-22 01:52:33.208402-03
ndro-mvp-v0.1.2-20260823,2026-08-23,HD-R-061,HD,37336430,https://pubmed.ncbi.nlm.nih.gov/37336430/,Chronic cholesterol administration to the brain supports complete and long-lasting cognitive and motor amelioration in Huntington's disease.,Birolini Giulia; Valenza Marta; Ottonelli Ilaria; Talpo Francesca; Minoli Lucia; Cappelleri Andrea; Bombaci Mauro; Caccia Claudio; Canevari Caterina; Trucco Arianna; Leoni Valerio; Passoni Alice; Favagrossa Monica; Nucera Maria Rosaria; Colombo Laura; Paltrinieri Saverio; Bagnati Renzo; Duskey Jason Thomas; Caraffi Riccardo; Vandelli Maria Angela; Taroni Franco; Salmona Mario; Scanziani Eugenio; Biella Gerardo; Ruozi Barbara; Tosi Giovanni; Cattaneo Elena,"Evidence that Huntington's disease (HD) is characterized by impaired cholesterol biosynthesis in the brain has led to strategies to increase its level in the brain of the rapidly progressing R6/2 mouse model, with a positive therapeutic outcome. Here we tested the long-term efficacy of chronic administration of cholesterol to the brain of the slowly progressing zQ175DN knock-in HD mice in preventing (""early treatment"") or reversing (""late treatment"") HD symptoms. To do this we used the most advanced formulation of cholesterol loaded brain-permeable nanoparticles (NPs), termed hybrid-g7-NPs-chol, which were injected intraperitoneally. We show that one cycle of treatment with hybrid-g7-NPs-chol, administered in the presymptomatic (""early treatment"") or symptomatic (""late treatment"") stages is sufficient to normalize cognitive defects up to 5 months, as well as to improve other behavioral and neuropathological parameters. A multiple cycle treatment combining both early and late treatments (""2 cycle treatment"") lasting 6 months generates therapeutic effects for more than 11 months, without severe adverse reactions. Sustained cholesterol delivery to the brain of zQ175DN mice also reduces mutant Huntingtin aggregates in both the striatum and cortex and completely normalizes synaptic communication in the striatal medium spiny neurons compared to saline-treated HD mice. Furthermore, through a meta-analysis of published and current data, we demonstrated the power of hybrid-g7-NPs-chol and other strategies able to increase brain cholesterol biosynthesis, to reverse cognitive decline and counteract the formation of mutant Huntingtin aggregates. These results demonstrate that cholesterol delivery via brain-permeable NPs is a therapeutic option to sustainably reverse HD-related behavioral decline and neuropathological signs over time, highlighting the therapeutic potential of cholesterol-based strategies in HD patients. DATA AVAILABILITY: This study does not include data deposited in public repositories. Data are available on request to the corresponding authors.",Brain delivery; Cholesterol; Cognitive decline; Huntington's disease; Nanoparticles,"Journal Article; Meta-Analysis; Research Support, Non-U.S. Gov't",2023,Pharmacological research,eligible,excluded,final,not_applicable,,exclude,excluded_eligibility,Regra de elegibilidade,pilot-v1.1,no_pubmed_integrity_signal,2026-08-22 01:52:33.208402-03,This article is excluded because it does not meet NDRO eligibility requirements.,Revisão ou meta-análise,,2026-08-22 01:52:33.208402-03
ndro-mvp-v0.1.2-20260823,2026-08-23,HD-R-062,HD,41424860,https://pubmed.ncbi.nlm.nih.gov/41424860/,Neuronal mitochondrial disaggregase CLPB ameliorates Huntington's disease pathology in mice.,Kim Hyeonho; Hyun Gaeun; Kim Seunghye; Yu Changmo; Hong Young-Gi; Yu Jihyeon; Bae Sangsu; Rhee Hyun-Woo; Ko Jaewon; Um Ji Won,"Background: Huntington's disease (HD) is a devastating neurodegenerative disorder caused by CAG repeat expansion in the HTT gene, resulting in a polyglutamine-expanded huntingtin (HTT) protein that forms toxic aggregates. Although heat-shock proteins are known to facilitate the refolding or clearance of misfolded proteins, their precise role in modulating protein aggregation in HD remains unclear. Here, we explore the function of caseinolytic peptidase B (ClpB), a mitochondrial AAA+ ATPase and heat-shock protein, in maintaining proteostasis and synaptic integrity in HD. Methods: We examined how CLPB loss or overexpression in human embryonic kidney 293T (HEK293T) cells impacted the aggregation of wild-type HTT (HTT-Q23) and mutant HTT (HTT-Q79). In parallel, AAV-mediated ClpB knockdown or overexpression was applied to the striatum of HD model mice. and HTT aggregation and inhibitory synaptic alterations were assessed. Aggregate burden was quantified via immunostaining, and inhibitory synapse density was evaluated using VGAT immunohistochemistry and electrophysiological recordings. Results: In HEK293T cells, CLPB knockout led to abnormal aggregation of HTT-Q23 while CLPB overexpression reduced the size of HTT-Q79 aggregates. In the mouse striatum, ClpB knockdown increased HTT-Q23 aggregate numbers and altered HTT-Q79 aggregation morphology, whereas CLPB overexpression restored the density and size of VGAT-positive inhibitory synapses and improved inhibitory synaptic transmission in HD model mice. These effects of CLPB overexpression were associated with a reduced mitochondrial aggregation burden, suggesting that ClpB contributes to mitochondrial protein quality control. Conclusions: These results demonstrate that ClpB regulates both physiological and pathological HTT aggregation and contributes to maintaining inhibitory synaptic integrity. By modulating mitochondrial proteostasis, ClpB acts as a protective factor in HD pathology, highlighting its potential as a therapeutic target for neurodegenerative disorders characterized by protein misfolding.",ClpB; disaggregase; Huntington's disease; inhibitory synapse; mitochondria; striatum,Journal Article,2026,Theranostics,eligible,eligible,final,complete,primary_focus,include,core,Consenso A+B,pilot-v1.1,no_pubmed_integrity_signal,2026-08-22 01:52:33.208402-03,This article is included in the NDRO core analytical corpus.,Estudo empírico original com abstract utilizável,,2026-08-22 01:52:33.208402-03
ndro-mvp-v0.1.2-20260823,2026-08-23,HD-R-063,HD,40090469,https://pubmed.ncbi.nlm.nih.gov/40090469/,Developmental alterations of indirect-pathway medium spiny neurons in mouse models of Huntington's disease.,Lebouc Margaux; Bonamy Léa; Dhellemmes Thibault; Scharnholz Jakob; Richard Quentin; Courtand Gilles; Brochard Alexandre; Martins Frédéric; Landry Marc; Baufreton Jérôme; Garret Maurice,"Huntington's disease (HD) is a complex neurodegenerative disorder with cognitive and motor symptoms that typically manifest in adulthood. However, embryonic brain development impairments leading to cortical defects in HD mutation carriers has been shown recently supporting a neurodevelopmental component in HD. Despite HD is primarily recognized as a striatal pathology, developmental alterations in this structure, particularly during the early postnatal period, remain poorly understood. To fill this gap, we examined striatal development in newborn R6/1 mice. We found that D2 receptor-expressing indirect-pathway medium spiny neurons (D2-MSNs) present in the matrix striatal compartment undergo early morphological and electrophysiological maturation. Altered electrophysiological properties were also observed in newborn CAG140 mice. Additionally, we also observed a D2-MSN-selective reduction in glutamatergic cortico-striatal transmission at the beginning of the second postnatal week as well as a reduced projection of D2-MSNs onto the GPe at birth in R6/1 mice. All these alterations were transient with the circuit normalizing after the second postnatal week. These results identify a compartment- and cell-type specific defect in D2-MSNs maturation, which can contribute in their latter vulnerability, as this cell-type is the first to degenerate in HD during adulthood.",Electrophysiology; Glutamatergic transmission; Huntingtin; Neuronal excitability; Neuronal morphology; Striatal development,"Journal Article; Research Support, Non-U.S. Gov't",2025,Neurobiology of disease,eligible,eligible,final,complete,primary_focus,include,core,Consenso A+B,pilot-v1.1,no_pubmed_integrity_signal,2026-08-22 01:52:33.208402-03,This article is included in the NDRO core analytical corpus.,Estudo empírico original com abstract utilizável,,2026-08-22 01:52:33.208402-03
ndro-mvp-v0.1.2-20260823,2026-08-23,HD-R-064,HD,37456581,https://pubmed.ncbi.nlm.nih.gov/37456581/,Mesenchymal stem cell secretome and extracellular vesicles for neurodegenerative diseases: Risk-benefit profile and next steps for the market access.,Giovannelli Lorella; Bari Elia; Jommi Claudio; Tartara Fulvio; Armocida Daniele; Garbossa Diego; Cofano Fabio; Torre Maria Luisa; Segale Lorena,"Neurodegenerative diseases represent a growing burden on healthcare systems worldwide. Mesenchymal stem cells (MSCs) have shown promise as a potential therapy due to their neuroregenerative, neuroprotective, and immunomodulatory properties, which are, however, linked to the bioactive substances they release, collectively known as secretome. This paper provides an overview of the most recent research on the safety and efficacy of MSC-derived secretome and extracellular vesicles (EVs) in clinical (if available) and preclinical models of Alzheimer's disease, Parkinson's disease, amyotrophic lateral sclerosis, multiple sclerosis, Huntington's disease, acute ischemic stroke, and spinal cord injury. The article explores the biologically active substances within MSC-secretome/EVs, the mechanisms responsible for the observed therapeutic effects, and the strategies that may be used to optimize MSC-secretome/EVs production based on specific therapeutic needs. The review concludes with a critical discussion of current clinical trials and a perspective on potential future directions in translating MSC-secretome and EVs into the clinic, specifically regarding how to address the challenges associated with their pharmaceutical manufacturing, including scalability, batch-to-batch consistency, adherence to Good Manufacturing Practices (GMP) guidelines, formulation, and storage, along with quality controls, access to the market and relative costs, value for money and impact on total expenditure.",Brain regeneration; Exosomes; Mesenchymal stem cells; Microvesicles; Secretome; Secretome formulation,Journal Article; Review,2023,Bioactive materials,eligible,excluded,final,not_applicable,,exclude,excluded_eligibility,Regra de elegibilidade,pilot-v1.1,no_pubmed_integrity_signal,2026-08-22 01:52:33.208402-03,This article is excluded because it does not meet NDRO eligibility requirements.,Revisão ou meta-análise,,2026-08-22 01:52:33.208402-03
ndro-mvp-v0.1.2-20260823,2026-08-23,HD-R-065,HD,38811203,https://pubmed.ncbi.nlm.nih.gov/38811203/,[Dynamic activity model of movement disorders: a unified view to understand their pathophysiology].,Nambu Atsushi; Chiken Satomi; Sano Hiromi; Hatanaka Nobuhiko; Obeso José A,,basal ganglia; movement disorders; Parkinson’s disease; pathophysiology,Journal Article; Review,2024,Rinsho shinkeigaku = Clinical neurology,excluded,excluded,final,not_applicable,,exclude,excluded_eligibility,Regra de elegibilidade,pilot-v1.1,no_pubmed_integrity_signal,2026-08-22 01:52:33.208402-03,This article is excluded because it does not meet NDRO eligibility requirements.,Revisão ou meta-análise,English abstract not confirmed from public PubMed fields.,2026-08-22 01:52:33.208402-03
ndro-mvp-v0.1.2-20260823,2026-08-23,HD-R-066,HD,36092363,https://pubmed.ncbi.nlm.nih.gov/36092363/,PAM-altering SNP-based allele-specific CRISPR-Cas9 therapeutic strategies for Huntington's disease.,Shin Jun Wan; Hong Eun Pyo; Park Seri S; Choi Doo Eun; Zeng Sophia; Chen Richard Z; Lee Jong-Min,"Huntington's disease (HD) is caused by an expanded CAG repeat in huntingtin (HTT). Since HD is dominant and loss of HTT leads to neurological abnormalities, safe therapeutic strategies require selective inactivation of mutant HTT. Previously, we proposed a concept of CRISPR-Cas9 using mutant-specific PAM sites generated by SNPs to selectively inactivate mutant HTT. Aiming at revealing suitable targets for clinical development, we analyzed the largest HD genotype dataset to identify target PAM-altering SNPs (PAS) and subsequently evaluated their allele specificities. The gRNAs based on the PAM sites generated by rs2857935, rs16843804, and rs16843836 showed high levels of allele specificity in patient-derived cells. Simultaneous use of two gRNAs based on rs2857935-rs16843804 or rs2857935-rs16843836 produced selective genomic deletions in mutant HTT and prevented the transcription of mutant HTT mRNA without impacting the expression of normal counterpart or re-integration of the excised fragment elsewhere in the genome. RNA-seq and off-target analysis confirmed high levels of allele specificity and the lack of recurrent off-targeting. Approximately 60% of HD subjects are eligible for mutant-specific CRISPR-Cas9 strategies of targeting one of these three PAS in conjunction with one non-allele-specific site, supporting high applicability of PAS-based allele-specific CRISPR approaches in the HD patient population.",allele-specific CRISPR-Cas9; genomic deletion; haplotype-targeting; Huntington’s disease; PAM-altering SNP; TP-CRISPR,Journal Article,2022,Molecular therapy. Methods & clinical development,eligible,eligible,final,complete,primary_focus,include,core,Consenso A+B,pilot-v1.1,no_pubmed_integrity_signal,2026-08-22 01:52:33.208402-03,This article is included in the NDRO core analytical corpus.,Estudo empírico original com abstract utilizável,,2026-08-22 01:52:33.208402-03
ndro-mvp-v0.1.2-20260823,2026-08-23,HD-R-067,HD,35491758,https://pubmed.ncbi.nlm.nih.gov/35491758/,Disordered Decision Making: A Cognitive Framework for Apathy and Impulsivity in Huntington's Disease.,Morris Lee-Anne; O'Callaghan Claire; Le Heron Campbell,"A caregiver's all-too-familiar narrative - ""He doesn't think through what he does, but mostly he does nothing."" Apathy and impulsivity, debilitating and poorly understood, commonly co-occur in Huntington's disease (HD). HD is a neurodegenerative disease with manifestations bridging clinical neurology and psychiatry. In addition to movement and cognitive symptoms, neurobehavioral disturbances, particularly apathy and impulsivity, are prevalent features of HD, occurring early in the disease course, often worsening with disease progression, and substantially reducing quality of life. Treatments remain limited, in part because of limited mechanistic understanding of these behavioral disturbances. However, emerging work within the field of decision-making neuroscience and beyond points to common neurobiological mechanisms underpinning these seemingly disparate problems. These insights bridge the gap between underlying disease pathology and clinical phenotype, offering new treatment strategies, novel behavioral and physiological biomarkers of HD, and deeper understanding of human behavior. In this review, we apply the neurobiological framework of cost-benefit decision making to the problems of apathy and impulsivity in HD. Through this decision-making lens, we develop a mechanistic model that elucidates the occurrence of these behavioral disturbances and points to potential treatment strategies and crucial research priorities. © 2022 The Authors. Movement Disorders published by Wiley Periodicals LLC on behalf of International Parkinson Movement Disorder Society.",apathy; cost-benefit decision making; goal-directed behavior; Huntington's disease; impulsivity,Journal Article; Review,2022,Movement disorders : official journal of the Movement Disorder Society,eligible,excluded,final,not_applicable,,exclude,excluded_eligibility,Regra de elegibilidade,pilot-v1.1,no_pubmed_integrity_signal,2026-08-22 01:52:33.208402-03,This article is excluded because it does not meet NDRO eligibility requirements.,Revisão ou meta-análise,,2026-08-22 01:52:33.208402-03
ndro-mvp-v0.1.2-20260823,2026-08-23,HD-R-068,HD,40183987,https://pubmed.ncbi.nlm.nih.gov/40183987/,Correction: Longitudinal Treatment Patterns of Chorea in North American Patients with Huntington's Disease: Data from Enroll-HD.,Stimming Erin Furr; Claassen Daniel O; Sen Ginny P; Klepitskaya Olga; Serbin Michael; Kim Hyunwoo; Hinton Sean C; Haubenberger Dietrich,,,Published Erratum,2025,Neurology and therapy,excluded,excluded,final,not_applicable,,exclude,excluded_eligibility,Regra de elegibilidade,pilot-v1.1,corrected,2026-08-22 01:52:33.208402-03,This article is excluded because it does not meet NDRO eligibility requirements.,Abstract ausente,Abstract missing from the public PubMed record.,2026-08-22 01:52:33.208402-03
ndro-mvp-v0.1.2-20260823,2026-08-23,HD-R-069,HD,35153731,https://pubmed.ncbi.nlm.nih.gov/35153731/,Contrasting Sodium and Potassium Perturbations in the Hippocampus Indicate Potential Na+/K+-ATPase Dysfunction in Vascular Dementia.,Philbert Sasha A; Xu Jingshu; Scholefield Melissa; Church Stephanie J; Unwin Richard D; Cooper Garth J S,"Vascular dementia (VaD) is thought to be the second most common cause of age-related dementia amongst the elderly. However, at present, there are no available disease-modifying therapies for VaD, probably due to insufficient understanding about the molecular basis of the disease. While the notion of metal dyshomeostasis in various age-related dementias has gained considerable attention in recent years, there remains little comparable investigation in VaD. To address this evident gap, we employed inductively coupled-plasma mass spectrometry to measure the concentrations of nine essential metals in both dry- and wet-weight hippocampal post-mortem tissue from cases with VaD (n = 10) and age-/sex-matched controls (n = 10). We also applied principal component analysis to compare the metallomic pattern of VaD in the hippocampus with our previous hippocampal metal datasets for Alzheimer's disease, Huntington's disease, Parkinson's disease, and type-2 diabetes, which had been measured using the same methodology. We found substantive novel evidence for elevated hippocampal Na levels and Na/K ratios in both wet- and dry-weight analyses, whereas decreased K levels were present only in wet tissue. Multivariate analysis revealed no distinguishable hippocampal differences in metal-evoked patterns between these dementia-causing diseases in this study. Contrasting levels of Na and K in hippocampal VaD tissue may suggest dysfunction of the Na+/K+-exchanging ATPase (EC 7.2.2.13), possibly stemming from deficient metabolic energy (ATP) generation. These findings therefore highlight the potential diagnostic importance of cerebral sodium measurement in VaD patients.",brain-potassium levels; brain-sodium levels; metal dyshomeostasis; Na+/K+-exchanging ATPase; neurodegeneration; vascular dementia,Journal Article,2022,Frontiers in aging neuroscience,eligible,eligible,final,not_applicable,comparative_mention,exclude,excluded_relevance,Consenso A+B,pilot-v1.1,no_pubmed_integrity_signal,2026-08-22 01:52:33.208402-03,This article is excluded because it does not meet NDRO scientific relevance criteria.,Estudo empírico original com abstract utilizável,,2026-08-22 01:52:33.208402-03
ndro-mvp-v0.1.2-20260823,2026-08-23,HD-R-070,HD,39651151,https://pubmed.ncbi.nlm.nih.gov/39651151/,A tool to automate assessment of regional brain atrophy in mouse models of neurodegenerative disease.,Moldenhauer Samuel; Potluri Nalini; Xie Yuanyun; Southwell Amber L,"As life expectancy rises, so too does the prevalence of neurodegenerative diseases. Neurodegeneration causes progressive regional brain atrophy, typically initiating prior to symptom onset. Researchers measure the impact of potential treatments on atrophy in mouse models to assess their effectiveness. This is important because treatments designed to combat neuropathology are more likely to modify the disease, per contra to symptom management. Magnetic resonance imaging, while accurate in measurement of brain region structure volumes, is prohibitively expensive. Conversely, stereological volume assessment, the process of estimating the volume of individual 3D brain regions from imaged 2D brain sections, is more commonly used. This involves manually tracing brain region(s) of interest in regularly spaced imaged cross-sections to determine their 2D area, followed by application of the Cavalieri principle to estimate the volume. The pertinent caveats of this approach are the labor-intensive manual tracing process, and potential inaccuracies that arise due to human variation. To overcome these challenges, we have created a Neuropathology Assessment Tool (NAT) to automate regional brain tracing and identification using artificial intelligence (AI) and concepts from topological data analysis. The NAT was validated by comparing manual and NAT analysis of striatal volume in Huntington disease model mice. The NAT detected striatal atrophy with higher efficiency, 93.8% agreement with manual measurements, and lower inter-group variability. The NAT will increase efficiency of preclinical neuropathology assessment, allowing for a greater number of experimental therapies to be tested and facilitating drug discovery intractable neurodegenerative diseases.",,Journal Article; Preprint,2024,bioRxiv : the preprint server for biology,eligible,eligible,final,complete,shared_mechanism,separate_view,separate,Consenso A+B,pilot-v1.1,no_pubmed_integrity_signal,2026-08-22 01:52:33.208402-03,This original study is preserved in a separate analytical view.,Estudo empírico original com abstract utilizável,,2026-08-22 01:52:33.208402-03
ndro-mvp-v0.1.2-20260823,2026-08-23,HD-R-071,HD,37918268,https://pubmed.ncbi.nlm.nih.gov/37918268/,Cross talk about the role of Neuropeptide Y in CNS disorders and diseases.,Bale Rajeshwari; Doshi Gaurav,"A peptide composed of a 36 amino acid called Neuropeptide Y (NPY) is employed in a variety of physiological processes to manage and treat conditions affecting the endocrine, circulatory, respiratory, digestive, and neurological systems. NPY naturally binds to G-protein coupled receptors, activating the Y-receptors (Y1-Y5 and y6). The findings on numerous therapeutic applications of NPY for CNS disease are presented in this review by the authors. New targets for treating diseases will be revealed by medication combinations that target NPY and its receptors. This review is mainly focused on disorders such as anxiety, Alzheimer's disease, Parkinson's disease, Huntington's disease, Machado Joseph disease, multiple sclerosis, schizophrenia, depression, migraine, alcohol use disorder, and substance use disorder. The findings from the preclinical studies and clinical studies covered in this article may help create efficient therapeutic plans to treat neurological conditions on the one hand and psychiatric disorders on the other. They may also open the door to the creation of novel NPY receptor ligands as medications to treat these conditions.",Animal models; Clinical studies; CNS disease; Neuropeptide Y; Preclinical studies; Y-receptors,Journal Article; Review,2023,Neuropeptides,eligible,excluded,final,not_applicable,,exclude,excluded_eligibility,Regra de elegibilidade,pilot-v1.1,no_pubmed_integrity_signal,2026-08-22 01:52:33.208402-03,This article is excluded because it does not meet NDRO eligibility requirements.,Revisão ou meta-análise,,2026-08-22 01:52:33.208402-03
ndro-mvp-v0.1.2-20260823,2026-08-23,HD-R-072,HD,42430091,https://pubmed.ncbi.nlm.nih.gov/42430091/,"The Role of PGC-1α in Neurodegenerative Diseases: Molecular Mechanisms, Translational Challenges, and Therapeutic Potential.",You Yang; Duan Daxin; Xiang Qian,"Neurodegenerative diseases (NDDs) are progressive disorders in which mitochondrial dysfunction, oxidative stress, proteostasis failure, neuroinflammation, and synaptic damage progressively interact to drive neuronal vulnerability. Peroxisome proliferator-activated receptor gamma coactivator 1-alpha (PGC-1α) links metabolic adaptation to stress-response pathways that are repeatedly disrupted in Alzheimer's disease, Parkinson's disease, Huntington's disease, polyglutamine (PolyQ) disorders, and amyotrophic lateral sclerosis. Rather than providing only an updated catalogue of studies, this review organizes the evidence into a cross-disease rheostat framework that explains why PGC-1α modulation is protective in some settings but incomplete or maladaptive in others. Current findings indicate that PGC-1α supports mitochondrial biogenesis, oxidative phosphorylation, antioxidant defense, mitophagy, autophagy, protein quality control, and inflammatory balance. However, its effects are highly context dependent. In several models, restoration of PGC-1α-related signaling improves mitochondrial function and reduces neuronal injury, whereas broad, sustained, or cell-inappropriate activation may produce limited benefit or undesirable outcomes. These observations suggest that PGC-1α is not a simple neuroprotective switch, but a flexible regulatory hub whose therapeutic value depends on cell type, isoform profile, disease stage, and activation level. Emerging strategies, including small-molecule modulators, gene delivery, antisense-based approaches, nanoparticle systems, and exercise-related interventions, remain largely preclinical and face major barriers related to CNS delivery, pathway selectivity, dose and cell-type control, peripheral safety, and validated target-engagement biomarkers. Nevertheless, clinical translation requires stronger causal validation, reliable target-engagement biomarkers, selective delivery methods, and long-term safety assessment. Future research should focus on precision-based modulation of PGC-1α to determine when and how this pathway can be safely used for disease modification. Such a careful approach may help transform PGC-1α from a broad experimental target into a clinically relevant strategy for well-defined neurodegenerative phenotypes.",Alzheimer’s disease; Neurodegenerative diseases; Parkinson’s disease; PGC-1α,Journal Article; Review,2026,Molecular neurobiology,eligible,excluded,final,not_applicable,,exclude,excluded_eligibility,Regra de elegibilidade,pilot-v1.1,no_pubmed_integrity_signal,2026-08-22 01:52:33.208402-03,This article is excluded because it does not meet NDRO eligibility requirements.,Revisão ou meta-análise,,2026-08-22 01:52:33.208402-03
ndro-mvp-v0.1.2-20260823,2026-08-23,HD-R-073,HD,38591201,https://pubmed.ncbi.nlm.nih.gov/38591201/,Alleviating Neurodegenerative Diseases Associated with Mitochondrial Defects by Therapeutic Biomolecules.,Roy Tanmoy; Padhi Swarupanjali; Mazumder Rupa; Majee Chandana; Das Saumya; Monika; Mishra Rashmi; Kapoor Bhupinder,"Neurodegenerative diseases are emerging as a global health concern in the current scenario, and their association with mitochondrial defects has been a potential area of research. Mitochondria, one of the essential organelles of the cell, serve as the cell's powerhouse, producing energy and ensuring cellular health. Neurodegenerative diseases such as Alzheimer's, Parkinson's, Huntington's, amyotrophic lateral sclerosis, and Pelizaeus-Merzbacher disease have been found to be primarily triggered by mitochondrial malfunction. One of the key byproducts of mitochondrial respiration, reactive oxygen species, also contributes significantly to mitochondrial DNA mutations that eventually cause mitochondrial breakdown. This review paper comprehensively examines the potential of therapeutic biomolecules, specifically mitochondria-specific antioxidants, in mitigating the impact of mitochondrial defects on neurodegenerative diseases. It provides a detailed analysis of the mechanisms involved in mitochondrial dysfunction, the potential therapeutic targets of these biomolecules, and their structureactivity relationship information are also discussed in this review. Various research articles and publications were used extensively in compiling the data, and the structures of biomolecules were prepared using software such as ChemDraw and ChemSketch. Crucial elements triggering mitochondrial abnormalities were identified and a tabular compilation of bioactive antioxidant compounds along with their therapeutic targets, was presented. Mitochondria-specific antioxidant therapy is an innovative and promising strategy for the management of neurodegenerative diseases associated with mitochondrial defects. This review provides a thorough summary of the current state of research and promising avenues of research and development in this field, emphasizing the importance of further investigations and clinical trials to elucidate their therapeutic benefits.",Antioxidant therapy; Mitochondrial malfunction; mtDNA mutation; Neurodegenerative diseases; Oxidative stress; ROS; Structure-activity relationship.,Journal Article; Review,2024,Current topics in medicinal chemistry,eligible,excluded,final,not_applicable,,exclude,excluded_eligibility,Regra de elegibilidade,pilot-v1.1,no_pubmed_integrity_signal,2026-08-22 01:52:33.208402-03,This article is excluded because it does not meet NDRO eligibility requirements.,Revisão ou meta-análise,,2026-08-22 01:52:33.208402-03
ndro-mvp-v0.1.2-20260823,2026-08-23,HD-R-074,HD,40801134,https://pubmed.ncbi.nlm.nih.gov/40801134/,Emerging drivers of DNA repeat expansions.,Li Liangzi; Scott W Shem; Mirkin Sergei M,"Expansions of short tandem repeats (STRs) are the cause of a class of human hereditary disorders called repeat expansion diseases (REDs). Most REDs are neurodegenerative or neurodevelopmental diseases such as Huntington's disease, myotonic dystrophy, fragile X syndrome, and Friedreich's ataxia. Some common neurodegenerative diseases, including Alzheimer's and Parkinson's disease, have also been associated with STR expansions. Many cellular processes such as meiotic recombination, DNA replication, and mismatch repair have been shown to promote STR instability. However, STR instability is likely the result of a variety of factors, and many questions regarding this phenomenon remain to be answered. In this review, we summarize recent studies that propose DNA single-strand breaks as drivers of large-scale STR instability, in both dividing and non-dividing cells, and discuss additional evidence that supports this model. We also highlight the FANCD2- and FANCI-associated nuclease 1 protein, which was shown to be the strongest genetic modifier of several REDs.",genome editing; repeat contractions; repeat expansion diseases; repeat expansions,"Journal Article; Research Support, N.I.H., Extramural; Review",2025,Biochemical Society transactions,eligible,excluded,final,not_applicable,,exclude,excluded_eligibility,Regra de elegibilidade,pilot-v1.1,no_pubmed_integrity_signal,2026-08-22 01:52:33.208402-03,This article is excluded because it does not meet NDRO eligibility requirements.,Revisão ou meta-análise,,2026-08-22 01:52:33.208402-03
ndro-mvp-v0.1.2-20260823,2026-08-23,HD-R-075,HD,40188375,https://pubmed.ncbi.nlm.nih.gov/40188375/,Redox chemical delivery system: an innovative strategy for the treatment of neurodegenerative diseases.,Prajapati Jeevan Lal; Dhurandhar Yogita; Singh As Pee; Gupta Deepak Kumar; Baghel Vivek Singh; Kushwaha Umesh; Namdeo Kamta Prasad,"INTRODUCTION: It is anticipated that the prevalence of illnesses affecting the central nervous system (CNS) will rise significantly due to longer lifespans and changing demography. Age-related decline in brain function and neuronal death are features of neurodegenerative disorders, such as Parkinson's disease, Alzheimer's disease, Huntington's disease, and amyotrophic lateral sclerosis, which provide formidable treatment challenges. Because most therapeutic drugs cannot across the blood-brain barrier (BBB) to reach the brain, there are still few treatment alternatives available despite a great deal of research.
AREAS COVERED: This study explores the role of redox chemical delivery systems in CNS drug delivery and addresses challenges associated with neurodegenerative disease (ND). Redox Chemical Delivery System offers a promising approach to enhancing leveraging redox reactions that facilitate the transport of therapeutic agents across the BBB. Through the optimization of medication delivery pathways to the brain, this technology has the potential to greatly improve the treatment of ND.
EXPERT OPINION: As our understanding of the biological underpinnings of ND deepens, the potential for effective interventions increases. Refining drug delivery strategies, such as RCDS, is essential for advancing CNS therapies from research to clinical practice. These advancements could transform the management of ND, improving both treatment efficacy and patient outcomes.",Alzheimer’s disease; blood-brain barrier permeability; Huntington’s disease; neurodegenerative diseases; oxidative stress; Parkinson’s disease; reactive oxygen species; Redox chemical delivery systems,Journal Article; Review,2025,Expert opinion on drug delivery,eligible,excluded,final,not_applicable,,exclude,excluded_eligibility,Regra de elegibilidade,pilot-v1.1,no_pubmed_integrity_signal,2026-08-22 01:52:33.208402-03,This article is excluded because it does not meet NDRO eligibility requirements.,Revisão ou meta-análise,,2026-08-22 01:52:33.208402-03
ndro-mvp-v0.1.2-20260823,2026-08-23,HD-R-076,HD,35671556,https://pubmed.ncbi.nlm.nih.gov/35671556/,Differential tractography as a dynamic imaging biomarker: A methodological pilot study for Huntington's disease.,Barrios-Martinez Jessica V; Fernandes-Cabral David T; Abhinav Kumar; Fernandez-Miranda Juan C; Chang Yue-Fang; Suski Valerie; Yeh Fang-Cheng; Friedlander Robert M,"Huntington's disease (HD) is a neurodegenerative disorder characterized by motor, psychiatric, and cognitive symptoms. Due to its diverse manifestations, the scientific community has long recognized the need for sensitive, objective, individualized, and dynamic disease assessment tools. We examined the feasibility of Differential Tractography as a biomarker to evaluate correlation of symptom severity and of HD progression at the individual level. Differential tractography is a novel tractography modality that maps pathways with axonal injury characterized by a decrease of anisotropic diffusion pattern. We recruited sixteen patients scanned at 0-, 6-, and 12-month intervals by diffusion MRI scans for differential tractography assessment and correlated its volumetric findings with the Unified Huntington's Disease Rating Scale (UHDRS). Deterministic fiber tracking algorithm was applied. Longitudinal data was modeled using the generalized estimating equation (GEE) model and correlated with UHDRS scores, in addition to Spearman correlation for cross-sectional data. Our results show that volumes of affected pathways revealed by differential tractography significantly correlated with UHDRS scores in longitudinal data (p-value < 0.001), and chronological changes in differential tractography also correlated with the changes in UHDRS (p-value < 0.001). This technique opens new clinical avenues as a clinical translational tool to evaluate presymptomatic and symptomatic gene positive individuals. Our results provide support that differential tractography has the potential to be used as a dynamic imaging biomarker to assess at the individual level in a non-invasive manner, disease progression in HD. Critically important, differential tractography proves to be a quantitative tool for following degeneration in presymptomatic patients, with potential applications in clinical trials.",Biomarker; Differential tractography; Diffusion MRI; Huntington’s disease; UHDRS,"Journal Article; Research Support, N.I.H., Extramural; Research Support, Non-U.S. Gov't",2022,NeuroImage. Clinical,eligible,eligible,final,complete,primary_focus,include,core,Consenso A+B,pilot-v1.1,no_pubmed_integrity_signal,2026-08-22 01:52:33.208402-03,This article is included in the NDRO core analytical corpus.,Estudo empírico original com abstract utilizável,,2026-08-22 01:52:33.208402-03
ndro-mvp-v0.1.2-20260823,2026-08-23,HD-R-077,HD,41928095,https://pubmed.ncbi.nlm.nih.gov/41928095/,Modest rescue of RBFOX1 splicing function attenuates Huntington's disease features.,Lozano-Muñoz David; Elorza Ainara; Lucas-Santamaría Miriam; Santos-Galindo María; Parras Alberto; Lucas José J,"BACKGROUND: RNA mis-splicing underlies a growing number of neurological disorders and, consequently, splicing correction therapies have been developed for some monogenic forms, like spinal muscular atrophy or neuronal ceroid lipofuscinosis. In Huntington’s disease (HD), alternative splicing alteration emerged as a molecular mechanism in view of individually reported mis-splicing events in neurodegeneration-linked genes such as HTT itself, MAPT and TAF1. Later, more systematic genome-wide RNA-seq analyses of HD brains revealed mis-splicing signatures involving additional neurodegeneration-linked genes. Individual correction of each of the potentially pathogenic mis-spliced genes would be unapproachable. However, the identification of upstream pivotal splicing factors altered in HD may be useful to design pleiotropic therapeutic strategies. We previously performed motif-enrichment analyses of the sequences flanking exons that are mis-spliced in HD and identified RBFOX splicing factors as underlying candidates. METHODS: We performed RT-PCR and Western blot analyses of RBFOX in post-mortem brain samples from HD patients and mice. We generated transgenic mouse lines overexpressing RBFOX1 in forebrain neurons and performed RNA-seq to analyze its impact on HD-associated mis-splicing. In addition, we combined HD mice with RBFOX1-overexpressing mice to verify correction of Rbfox1 levels and mis-splicing of RBFOX target genes, and performed histopathological and motor behavioral analyses. RESULTS: We observed that decreased expression of Rbfox1 in striatum of HD mice at early stages of disease progression correlates with a reduction of Rbfox1 immunostaining particularly in the nucleus. This prompted us to generate transgenic mouse lines overexpressing the nuclear isoform of RBFOX1. The overexpression of RBFOX1 in this new transgenic mouse line induced widespread alternative splicing changes that significantly overlapped with genes mis-spliced in brains of both HD patients and mouse models. We found that moderate neuronal RBFOX1 overexpression in HD mice results in correction of several HD-associated mis-splicing events and in attenuation of neurodegeneration and motor symptoms. CONCLUSIONS: These results demonstrate that the observed decrease of RBFOX1 levels in brains of HD patients and mice contributes to HD pathogenesis and suggest therapeutic potential of RBFOX-increasing strategies for HD.",A2BP1; Huntington´s disease; RBFOX; Splicing; Transgenic mice,Journal Article,2026,"Molecular medicine (Cambridge, Mass.)",eligible,eligible,final,complete,primary_focus,include,core,Consenso A+B,pilot-v1.1,no_pubmed_integrity_signal,2026-08-22 01:52:33.208402-03,This article is included in the NDRO core analytical corpus.,Estudo empírico original com abstract utilizável,,2026-08-22 01:52:33.208402-03
ndro-mvp-v0.1.2-20260823,2026-08-23,HD-R-078,HD,35238684,https://pubmed.ncbi.nlm.nih.gov/35238684/,"Suppression of toxicity of the mutant huntingtin protein by its interacting compound, desonide.",Song Haikun; Wang Cen; Zhu Chenggang; Wang Ziying; Yang Huiya; Wu Peng; Cui Xiaotian; Botas Juan; Dang Yongjun; Ding Yu; Fei Yiyan; Lu Boxun,"Identifying inhibitors of pathogenic proteins is the major strategy of targeted drug discoveries. This strategy meets challenges in targeting neurodegenerative disorders such as Huntington’s disease (HD), which is mainly caused by the mutant huntingtin protein (mHTT), an “undruggable” pathogenic protein with unknown functions. We hypothesized that some of the chemical binders of mHTT may change its conformation and/or stability to suppress its downstream toxicity, functioning similarly to an “inhibitor” under a broader definition. We identified 21 potential mHTT selective binders through a small-molecule microarray–based screening. We further tested these compounds using secondary phenotypic screens for their effects on mHTT-induced toxicity and revealed four potential mHTT-binding compounds that may rescue HD-relevant phenotypes. Among them, a Food and Drug Administration–approved drug, desonide, was capable of suppressing mHTT toxicity in HD cellular and animal models by destabilizing mHTT through enhancing its polyubiquitination at the K6 site. Our study reveals the therapeutic potential of desonide for HD treatment and provides the proof of principle for a drug discovery pipeline: target-binder screens followed by phenotypic validation and mechanistic studies.",desonide; drug target; Huntington’s disease; movement disorders; neurodegeneration,Journal Article,2022,Proceedings of the National Academy of Sciences of the United States of America,eligible,eligible,final,complete,primary_focus,include,core,Consenso A+B,pilot-v1.1,no_pubmed_integrity_signal,2026-08-22 01:52:33.208402-03,This article is included in the NDRO core analytical corpus.,Estudo empírico original com abstract utilizável,,2026-08-22 01:52:33.208402-03
ndro-mvp-v0.1.2-20260823,2026-08-23,HD-R-079,HD,40348200,https://pubmed.ncbi.nlm.nih.gov/40348200/,"Compromised retinoic acid receptor beta expression accelerates the onset of motor, cellular and molecular abnormalities in a mouse model of Huntington's disease.",Zinter Nicolas; Ye Tao; Semaan Hanna; Fraulob Valérie; Plassard Damien; Krezel Wojciech,"The mechanisms underlying detrimental effects of mutant Huntingtin on striatal dysfunction in Huntington's disease (HD) are not well understood. Although retinoic acid receptor beta (RARβ) emerged recently as one of the top regulators of transcriptionally downregulated genes in the striatum of HD patients and mouse models, its involvement in disease progression remains elusive. Here we challenged functional relevance of RARβ dysregulation in HD onset and progression. Using a series of genetic mouse models, we investigated whether genetically reduced Rarβ expression synergizes with disease- causing mutant huntingtin (mHTT) fragment in R6/1 mice to accelerate HD-like behavioral, cellular and molecular striatal deregulations. We report that genetically compromised Rarβ signaling accelerates onset of motor abnormalities in the R6/1 HD mouse model. Transcriptional profiling revealed that downregulation of Rarβ expression in Rarβ+/-; R6/1 mice also accelerates transcriptional signature of disease progression and aging by emergence of a cluster of upregulated genes related to cell-cycle, stem cell maintenance and telencephalon development, contributing thereby to degradation of striatal cell-identity. Reactivation of proliferative activity in the neurogenic niche and development-related transcriptional programs in the striatum prompt an attempt of lineage infidelity in HD striatum which may lead as a consequence to disease-driving energy crisis, as suggested by downregulation of oxidative phosphorylation genes, a well-accepted correlate of HD physiopathology, and a metabolic condition required for maintenance of proliferative activity and differentiation but not compatible with high energetic demand of differentiated and active neurons. Overall, our data indicate that RARβ delays disease progression, perhaps by delaying aging process.",Disease progression; Huntington disease; Motor behavior - Cell identity; Nuclear receptors - Retinoic Acid Receptor Beta; Transcriptomics,"Journal Article; Research Support, Non-U.S. Gov't",2025,Neurobiology of disease,eligible,eligible,final,complete,primary_focus,include,core,Consenso A+B,pilot-v1.1,no_pubmed_integrity_signal,2026-08-22 01:52:33.208402-03,This article is included in the NDRO core analytical corpus.,Estudo empírico original com abstract utilizável,,2026-08-22 01:52:33.208402-03
ndro-mvp-v0.1.2-20260823,2026-08-23,HD-R-080,HD,37315450,https://pubmed.ncbi.nlm.nih.gov/37315450/,Plasma NfL as a prognostic biomarker for enriching HD-ISS stage 1 categorisation: a cross-sectional study.,Parkin Georgia M; Thomas Elizabeth A; Corey-Bloom Jody,"BACKGROUND: The recently proposed Huntington's Disease Integrated Staging System (HD-ISS) categorises individuals with the Huntintin genetic mutation into disease progression cohorts based on quantitative neuroimaging, cognitive, and functional markers for research purposes. Unfortunately, many research studies do not collect quantitative neuroimaging data, and so the authors of the HD-ISS have subsequently provided approximated cohort thresholds based on disease and clinical data alone. However, these are rough proxies that aim to maximise stage separation, and should not be considered as 1:1 substitutes for the HD-ISS. Notably, no wet biomarker met the stringent criteria required to be considered a landmark for HD-ISS categorisation. We have previously shown that levels of plasma neurofilament light (NfL), a neuronal marker associated with axonal injury, are associated with predicted years to clinical motor diagnosis (CMD). Our objective in the current study was to determine whether HD-ISS categorisation, particularly for stages prior to CMD, could be improved with consideration of plasma NfL levels.
METHODS: A total of 290 blood samples, and clinical measures, were collected from participants across all HD-ISS stages: n = 50 [Stage 0], n = 64 [Stage 1], n = 63 [Stage 2], n = 63 [Stage 3], as well as 50 healthy controls. Plasma NfL levels were measured using a Meso Scale Discovery assay.
FINDINGS: Cohorts differed by age, cognitive function, CAG repeat length, and select UHDRS measures. Plasma NfL levels also differed significantly across cohorts. Approximately 50% of Stage 1 participants had plasma NfL levels indicative of predicted CMD within ten years.
INTERPRETATION: Our findings suggest that plasma NfL levels may have use in enriching Stage 1 membership into sub-groups that are less than, and within, predicted 10 years until CMD.
FUNDING: This work was supported by the National Institutes of Health (NS111655 to E.A.T.); the UCSD Huntington's Disease Society of America Center of Excellence; and the UCSD Shiley-Marcos Alzheimer's Disease Research Center (NIH-NIA P30 AG062429).",Biomarkers; Huntington’s disease; Neurofilament light; Plasma,Journal Article,2023,EBioMedicine,eligible,eligible,final,complete,primary_focus,include,core,Consenso A+B,pilot-v1.1,no_pubmed_integrity_signal,2026-08-22 01:52:33.208402-03,This article is included in the NDRO core analytical corpus.,Estudo empírico original com abstract utilizável,,2026-08-22 01:52:33.208402-03
ndro-mvp-v0.1.2-20260823,2026-08-23,HD-R-42607284,HD,42607284,https://pubmed.ncbi.nlm.nih.gov/42607284/,CSF Leukocytes Transiently Increase Before Onset of Huntington Disease in Association With a Stage-Specific CSF Cytokine/Chemokine Pattern.,Gao Yu; Ásbjörnsdóttir Birna; Vinther-Jensen Tua; Von Essen Marina Rode; Hellem Marie Nathalie Nickelsen; Hjermind Lena E; Ejlerskov Patrick; Landwehrmeyer G Bernhard; Sellebjerg Finn; Nielsen Joergen Erik; Lewerenz Jan,"BACKGROUND AND OBJECTIVES: CSF inflammatory biomarkers in Huntington disease (HD), a neurodegenerative CAG-triplet expansion disorder, usually increase with disease progression. CSF leukocytes as an inflammatory marker have not been explored in HD. We explored high-precision CSF-leukocyte counts across different HD stages in the multicenter prospective biosample HD study HDClarity and their association with CSF neurofilament light chain (NFL) and cytokine and chemokine patterns.
METHODS: A cross-sectional case-control study of the first average CSF leukocyte count of HDClarity study control participants (N = 94) and those carrying a repeat-expanded Huntingtin (HTT) allele (N = 335) categorized as having successive stages of presymptomatic and motor manifest HD as predefined by the HDClarity protocol (early presymptomatic [N = 48]: disease burden score [DBS] <250; late presymptomatic [N = 93]: DBS ≥ 250; early manifest HD [N = 171]: total functional capacity [TFC] 7-11; and late motor manifest HD [N = 23]: TFC < 11) was performed. CSF-NFL was available in 165. Results were juxtaposed with an independent single-center data set of 18 CSF cytokines and chemokines (57 CSFs, 19 control, 6 early and 8 late presymptomatic HD CSFs, and 19 manifest HD CSFs).
RESULTS: CSF leukocytes peaked in late premanifest (median, interquartile range: 1.0/µL, 0.33-1.33/µL) when compared with early premanifest (0.0/µL, 0.0-1.0/µL) but also early (0.33/µL, 0.0-1.0/µL) and late manifest HD (0.0/µL, 0.0-0.67/µL). CSF leukocytes in late premanifest HD were higher than in controls (0.0/µL, 0.0-1.0/µL). A CSF-leukocyte peak at a DBS between 256 and 344 closely corresponded to the late premanifest HD peak. Higher CSF leukocytes in late premanifest HD were associated with higher CSF-NFL levels. Exploratory analysis of CSF cytokine and chemokine levels revealed that low interleukin (IL)-7 but high vascular endothelial growth factor (VEGF) and C-C motif chemokine ligand (CCL)22 levels may distinguish HD from control CSF; high VEGF, IL-6, and IL-15 early from late premanifest HD CSF; and low CCL2, CCL17, and IL-8 late premanifest from manifest HD CSF. When consecutively applied, these patterns identified late premanifest HD participants with a 75% sensitivity (95% CI 41%-96%) and 90% specificity (78%-96%).
DISCUSSION: CSF leukocytes peaking in late premanifest HD, their association with increased CSF-NFL, and the corresponding stage-specific chemokine/cytokine changes indicate a temporally dynamic, probably neurotoxic inflammatory signaling network in HD.",,Journal Article; Multicenter Study,2026,Neurology(R) neuroimmunology & neuroinflammation,eligible,eligible,semantic_pending,pending,,,,,eligibility-v1.1-update-20260822,no_pubmed_integrity_signal,2026-08-22 12:22:52.019764-03,This record has not yet received a final NDRO classification.,eligible_original_research_with_adequate_english_scientific_abstract,,2026-08-22 12:39:55.173011-03
ndro-mvp-v0.1.2-20260823,2026-08-23,HD-R-42609516,HD,42609516,https://pubmed.ncbi.nlm.nih.gov/42609516/,Cell Death in Neurodegenerative Diseases: Molecular Mechanisms and Therapeutic Targets.,Li Tianjiao; Zhang Qian; Wu Yichen; Huang Ruixue,"Neurodegenerative diseases (NDs) are marked by selective neuronal vulnerability and progressive failure of neural circuits. Increasing evidence indicates that neuronal loss is not driven by a single terminal event, but emerges from interacting regulated cell death (RCD) programs. These programs are closely coupled to mitochondrial injury, proteostatic collapse, lysosomal stress, metabolic imbalance, glial state transitions, and chronic neuroinflammation. Yet, how distinct death pathways are organized across cell types, disease stages, and disease-specific microenvironments remains unresolved. This review examines RCD as an integrated pathogenic network in major NDs. Caspase and B-cell lymphoma 2 (BCL2) family signaling, receptor-interacting protein kinase 1 (RIPK1), RIPK3, and mixed lineage kinase domain-like protein activation, NOD-like receptor family pyrin domain containing 3 and gasdermin signaling, GPX4-linked lipid peroxidation control, and autophagy lysosomal failure are discussed as convergent stress response modules rather than isolated pathways. Across Alzheimer's disease, Parkinson's disease, amyotrophic lateral sclerosis, and Huntington's disease, these modules shape neuronal fate through disease-specific interactions with mitochondrial dysfunction, iron dyshomeostasis, inflammasome activation, and microglial metabolic remodeling. We further evaluate emerging therapeutic strategies that target cell death crosstalk, restore autophagy lysosomal competence, or improve delivery to the central nervous system, highlighting the importance of molecular selectivity, cellular context, disease stage, and translational feasibility.",apoptosis; cell death; ferroptosis; necroptosis; neurodegenerative diseases,Journal Article; Review,2026,MedComm,eligible,excluded,final,not_applicable,,exclude,excluded_eligibility,Deterministic eligibility rule,eligibility-v1.1-update-20260822,no_pubmed_integrity_signal,2026-08-22 12:22:52.019764-03,This article is excluded because it does not meet NDRO eligibility requirements.,not_original_empirical_research,,2026-08-22 12:22:52.019764-03
ndro-mvp-v0.1.2-20260823,2026-08-23,HD-R-42624989,HD,42624989,https://pubmed.ncbi.nlm.nih.gov/42624989/,Targeting soluble misfolded oligomers in anti-amyloid research.,Vosbein Pernille; Mao Hanbin; Lou Chenguang,"Protein misfolding drives a range of non-curable diseases, such as Alzheimer disease, Parkinson disease, type 2 diabetes and Huntington disease, that devastate tens of millions of patients each year. The pathological proteins are misfolded into soluble oligomers, which eventually evolve into insoluble amyloid plaques. Increasing evidence suggests that soluble oligomers are the primary cytotoxic species leading to amyloidoses. However, the transient, heterogeneous and low-abundance nature of soluble oligomers makes it extremely challenging to study these species using conventional methods. This Review surveys emerging chemical tools developed for in vitro detection, separation and analysis of soluble amyloid oligomers. We exemplify how the present arsenal can be extended to construct individual amyloid oligomers as potential drug targets. Finally, we summarize their technical limits and discuss possibilities of adapting these chemical tools to target specific soluble oligomers in the fight against amyloidoses.",,Journal Article; Review,2026,Nature reviews. Chemistry,eligible,excluded,final,not_applicable,,exclude,excluded_eligibility,Deterministic eligibility rule,eligibility-v1.1-update-20260822,no_pubmed_integrity_signal,2026-08-22 12:22:52.019764-03,This article is excluded because it does not meet NDRO eligibility requirements.,not_original_empirical_research,,2026-08-22 12:22:52.019764-03
ndro-mvp-v0.1.2-20260823,2026-08-23,HD-R-42627134,HD,42627134,https://pubmed.ncbi.nlm.nih.gov/42627134/,RNA interference (RNA)-based therapeutics for treating neurodegenerative diseases.,Mahjoubin-Tehran Maryam; Sahebkar Amirhossein,,Alzheimer disease; Amyotrophic lateral sclerosis; Huntington disease; neurodegeneration; Parkinson disease; RNA interference; RNAi; siRNA,Editorial,2026,Neurodegenerative disease management,excluded,excluded,final,not_applicable,,exclude,excluded_eligibility,Deterministic eligibility rule,eligibility-v1.1-update-20260822,no_pubmed_integrity_signal,2026-08-22 12:22:52.019764-03,This article is excluded because it does not meet NDRO eligibility requirements.,abstract_missing,abstract_missing,2026-08-22 12:22:52.019764-03
ndro-mvp-v0.1.2-20260823,2026-08-23,HD-R-42627394,HD,42627394,https://pubmed.ncbi.nlm.nih.gov/42627394/,Indicators of need and timing of percutaneous endoscopic gastrostomy (PEG) in people with Huntington's disease: A medical chart review study.,Sixt Börjesson Malin; Hall Mathias; Winnberg Elisabeth,"BackgroundIn the International guidelines for nutrition in Huntington's disease (HD) PEG-tubes may be considered in persons with HD (pwHD) with severe swallowing difficulties, but there are no general recommendations for when to initiate PEG-tube placement. Little is known about factors that have led to PEG-tube placements in pwHD.ObjectiveTo study the indications and timing of the PEG-tube placement in pwHD through medical chart review. Further aims were to investigate symptoms related to dysphagia, and documentation on informed consent to placement of the PEG-tube.MethodsRetrospective medical chart review on adult form of HD at two centers for HD in Sweden, from five years prior to the PEG-tube placement up to the closure of the data collection (minimum of 6 months post PEG).ResultsDysphagia-related chart notes were extracted from the medical charts of 14 pwHD. Indications for the PEG-tube placement were severe dysphagia (n = 11), weight loss (n = 10), preventive action initiated by the healthcare team (n = 5), own request by pwHD (n = 3) and recurrent aspiration pneumonia (n = 1). BMI was fluctuating both prior to and post PEG. Information about PEG-tube was documented 3 months to 4¼ years before PEG and documentation on informed consent was registered on 11 pwHD.ConclusionFrequency of dysphagia-related symptoms did not increase closer to PEG-tube placement and weight trends were inconclusive. Neither could be considered sufficient as an indicator of timing of PEG-tube placement. A request by the pwHD in combination with weight loss and/or severe dysphagia appeared to be a strong indicator for PEG-tube placement.",chart review; dysphagia; Huntington's disease; informed consent; percutaneous endoscopic gastrostomy; weight loss,Journal Article,2026,Journal of Huntington's disease,eligible,eligible,semantic_pending,pending,,,,,eligibility-v1.1-update-20260822,no_pubmed_integrity_signal,2026-08-22 12:22:52.019764-03,This record has not yet received a final NDRO classification.,eligible_original_research_with_adequate_english_scientific_abstract,,2026-08-22 12:39:55.173011-03
ndro-mvp-v0.1.2-20260823,2026-08-23,PD-R-001,PD,23523055,https://pubmed.ncbi.nlm.nih.gov/23523055/,The BCL2 code to dopaminergic development and Parkinson's disease.,van der Heide Lars P; Smidt Marten P,"Continuous, nonrandom cell death during development of the dopaminergic system is carefully orchestrated by locally secreted growth factors and the expression of transcription factors to ensure every neuron is carefully placed in its appropriate position and no 'miswiring' occurs. We hypothesize that the machinery directly responsible for executing cell death is composed of a precisely calibrated array of BCL2 proteins. Paradoxically, these BCL2 proteins, required for proper development of the dopaminergic system, may also cause vulnerability of this system in the adult, as these BCL2 proteins have recently been linked to Parkinson's disease. In addition to the intriguing possibility of finding useful biomarkers for predicting later neurodegeneration, further investigation of these factors could open new paths for treating Parkinson's disease.",,"Journal Article; Research Support, Non-U.S. Gov't",2013,Trends in molecular medicine,eligible,excluded,final,not_applicable,,exclude,excluded_eligibility,Regra de elegibilidade,pilot-v1.1,no_pubmed_integrity_signal,2026-08-22 01:52:33.208402-03,This article is excluded because it does not meet NDRO eligibility requirements.,Texto narrativo sem dados empíricos originais,,2026-08-22 01:52:33.208402-03
ndro-mvp-v0.1.2-20260823,2026-08-23,PD-R-002,PD,21454118,https://pubmed.ncbi.nlm.nih.gov/21454118/,Retinal thickness in Parkinson's disease.,Archibald N K; Clarke M P; Mosimann U P; Burn D J,"BACKGROUND: Visual symptoms are common in Parkinson's disease with studies consistently demonstrating reductions in visual acuity, contrast sensitivity, colour and motion perception as well as alterations in electroretinogram latencies and amplitudes. Optical coherence tomography can examine retinal structure non-invasively and retinal thinning has been suggested as a potential biomarker for neurodegeneration in Parkinson's disease. Our aim was to examine the retinal thickness of a cohort of Parkinson's disease subjects (and age-matched controls) to establish the practical utility of optical coherence tomography in a representative older Parkinson's disease group.
METHODS: Fifty-one established Parkinson's disease subjects and 25 healthy controls were subjected to ophthalmological assessment and optical coherence tomography (Zeiss Stratus 3000™) of macular thickness and volume and retinal nerve fibre thickness around the optic nerve head. Twenty four percent of control and 20% of Parkinson's disease subjects were excluded from final analysis due to co-morbid ocular pathology. Further data was excluded either due to poor tolerability of optical coherence tomography or poor quality scans.
RESULTS: Despite a reduction in both visual acuity and contrast sensitivity in the residual evaluable Parkinson's disease cohort, we did not detect any differences between the two study groups for any measures of retinal thickness, in contrast to previously published work.
CONCLUSIONS: In addition to technical problems inherent in the evaluation, the lack of difference between Parkinson's disease and healthy control subjects suggests longitudinal studies, employing newer techniques, will be required to define the role of optical coherence tomography as a potential diagnostic biomarker.",,"Journal Article; Research Support, Non-U.S. Gov't",2011,Parkinsonism & related disorders,eligible,eligible,final,complete,primary_focus,include,core,Consenso A+B,pilot-v1.1,no_pubmed_integrity_signal,2026-08-22 01:52:33.208402-03,This article is included in the NDRO core analytical corpus.,Estudo empírico original com abstract utilizável,,2026-08-22 01:52:33.208402-03
ndro-mvp-v0.1.2-20260823,2026-08-23,PD-R-003,PD,20188092,https://pubmed.ncbi.nlm.nih.gov/20188092/,Caffeine protects against combined paraquat and maneb-induced dopaminergic neuron degeneration.,Kachroo Anil; Irizarry Michael C; Schwarzschild Michael A,"Environmental exposures suspected of contributing to the pathophysiology of Parkinson's disease (PD) include potentially neurotoxic pesticides, which have been linked to an increased risk of PD. Conversely, possible protective factors such as the adenosine antagonist caffeine have been linked to a reduced risk of the disease. Here we assessed whether caffeine alters dopaminergic neuron loss induced by exposure to environmentally relevant pesticides (paraquat and maneb) over 8weeks. The number of nigral neurons positive for tyrosine hydroxylase immunoreactivity (TH+) was assessed using stereological methods and found to be significantly reduced (to 60% of control) by combined pesticide treatment. Caffeine at 20mg/kg significantly reduced TH+ neuron loss (to 85% of the respective control). The results demonstrate the neuroprotective potential of caffeine in a chronic pesticide exposure model of model of PD.",,"Journal Article; Research Support, N.I.H., Extramural; Research Support, Non-U.S. Gov't",2010,Experimental neurology,eligible,eligible,final,complete,primary_focus,include,core,Consenso A+B,pilot-v1.1,no_pubmed_integrity_signal,2026-08-22 01:52:33.208402-03,This article is included in the NDRO core analytical corpus.,Estudo empírico original com abstract utilizável,,2026-08-22 01:52:33.208402-03
ndro-mvp-v0.1.2-20260823,2026-08-23,PD-R-004,PD,24426786,https://pubmed.ncbi.nlm.nih.gov/24426786/,Patient-specific induced pluripotent stem cells in neurological disease modeling: the importance of nonhuman primate models.,Qiu Zhifang; Farnsworth Steven L; Mishra Anuja; Hornsby Peter J,"The development of the technology for derivation of induced pluripotent stem (iPS) cells from human patients and animal models has opened up new pathways to the better understanding of many human diseases, and has created new opportunities for therapeutic approaches. Here, we consider one important neurological disease, Parkinson's, the development of relevant neural cell lines for studying this disease, and the animal models that are available for testing the survival and function of the cells, following transplantation into the central nervous system. Rapid progress has been made recently in the application of protocols for neuroectoderm differentiation and neural patterning of pluripotent stem cells. These developments have resulted in the ability to produce large numbers of dopaminergic neurons with midbrain characteristics for further study. These cells have been shown to be functional in both rodent and nonhuman primate (NHP) models of Parkinson's disease. Patient-specific iPS cells and derived dopaminergic neurons have been developed, in particular from patients with genetic causes of Parkinson's disease. For complete modeling of the disease, it is proposed that the introduction of genetic changes into NHP iPS cells, followed by studying the phenotype of the genetic change in cells transplanted into the NHP as host animal, will yield new insights into disease processes not possible with rodent models alone.",animal models; cell transplantation; dopaminergic neurons; neural cell lines; Parkinson’s disease; pluripotent cell differentiation,Journal Article; Review,2013,Stem cells and cloning : advances and applications,eligible,excluded,final,not_applicable,,exclude,excluded_eligibility,Regra de elegibilidade,pilot-v1.1,no_pubmed_integrity_signal,2026-08-22 01:52:33.208402-03,This article is excluded because it does not meet NDRO eligibility requirements.,Revisão ou meta-análise,,2026-08-22 01:52:33.208402-03
ndro-mvp-v0.1.2-20260823,2026-08-23,PD-R-005,PD,20463401,https://pubmed.ncbi.nlm.nih.gov/20463401/,Mitochondrial iron metabolism and its role in neurodegeneration.,Horowitz Maxx P; Greenamyre J Timothy,"In addition to their well-established role in providing the cell with ATP, mitochondria are the source of iron-sulfur clusters (ISCs) and heme - prosthetic groups that are utilized by proteins throughout the cell in various critical processes. The post-transcriptional system that mammalian cells use to regulate intracellular iron homeostasis depends, in part, upon the synthesis of ISCs in mitochondria. Thus, proper mitochondrial function is crucial to cellular iron homeostasis. Many neurodegenerative diseases are marked by mitochondrial impairment, brain iron accumulation, and oxidative stress - pathologies that are inter-related. This review discusses the physiological role that mitochondria play in cellular iron homeostasis and, in so doing, attempts to clarify how mitochondrial dysfunction may initiate and/or contribute to iron dysregulation in the context of neurodegenerative disease. We review what is currently known about the entry of iron into mitochondria, the ways in which iron is utilized therein, and how mitochondria are integrated into the system of iron homeostasis in mammalian cells. Lastly, we turn to recent advances in our understanding of iron dysregulation in two neurodegenerative diseases (Alzheimer's disease and Parkinson's disease), and discuss the use of iron chelation as a potential therapeutic approach to neurodegenerative disease.",,"Journal Article; Research Support, N.I.H., Extramural; Research Support, Non-U.S. Gov't; Review",2010,Journal of Alzheimer's disease : JAD,eligible,excluded,final,not_applicable,,exclude,excluded_eligibility,Regra de elegibilidade,pilot-v1.1,no_pubmed_integrity_signal,2026-08-22 01:52:33.208402-03,This article is excluded because it does not meet NDRO eligibility requirements.,Revisão ou meta-análise,,2026-08-22 01:52:33.208402-03
ndro-mvp-v0.1.2-20260823,2026-08-23,PD-R-006,PD,20213822,https://pubmed.ncbi.nlm.nih.gov/20213822/,Progression of Parkinson's disease as evaluated by Hoehn and Yahr stage transition times.,Zhao Ying Jiao; Wee Hwee Lin; Chan Yiong-Huak; Seah Soo Hoon; Au Wing Lok; Lau Puay Ngoh; Pica Emmanuel Camara; Li Shu Chuen; Luo Nan; Tan Louis C S,"This study was carried out to evaluate progression in Parkinson's disease (PD) by analyzing time taken to transit from one Hoehn and Yahr (H&Y) stage to the next stage and to investigate the variables that would be associated with H&Y transition times using a large PD database that contained prospectively collected information. Data were obtained from the movement disorder database of the National Neuroscience Institute in Singapore. Kaplan-Meier (KM) survival analysis was adopted to investigate the time taken to progress through various H&Y stages. Cox regression analysis was used to examine the association between the baseline variables at the entry point of each H&Y stage and the progression to the next stage. A total of 695 patients (mean age: 65.2, male: 57.3%) were studied. Using KM analysis, the median time taken to transit from H&Y stage 1 to 2, 2 to 2.5, 2.5 to 3 were 20, 62, and 25 months, respectively; whereas the median time taken to progress from stage 3 to 4 and 4 to 5 were 24 and 26 months, respectively. Cox regression analysis revealed that older age-at-diagnosis, longer PD duration, and higher Unified Parkinson's Disease Rating Scale (UPDRS) motor scores at baseline were associated with a significantly faster progression through various H&Y stages. Gender and ethnicity were not associated with disease progression. In conclusion, H&Y transition time is a useful measure of disease progression in PD and may be utilized in clinical studies evaluating therapeutic interventions and prognostic factors in PD.",,"Journal Article; Research Support, Non-U.S. Gov't",2010,Movement disorders : official journal of the Movement Disorder Society,eligible,eligible,final,complete,primary_focus,include,core,Consenso A+B,pilot-v1.1,no_pubmed_integrity_signal,2026-08-22 01:52:33.208402-03,This article is included in the NDRO core analytical corpus.,Estudo empírico original com abstract utilizável,,2026-08-22 01:52:33.208402-03
ndro-mvp-v0.1.2-20260823,2026-08-23,PD-R-007,PD,22262745,https://pubmed.ncbi.nlm.nih.gov/22262745/,Paradoxical worsening of gait with levodopa in Parkinson disease.,Chen Robert,,,Comment; Editorial,2012,Neurology,excluded,excluded,final,not_applicable,,exclude,excluded_eligibility,Regra de elegibilidade,pilot-v1.1,no_pubmed_integrity_signal,2026-08-22 01:52:33.208402-03,This article is excluded because it does not meet NDRO eligibility requirements.,Abstract ausente,Abstract missing from the public PubMed record.,2026-08-22 01:52:33.208402-03
ndro-mvp-v0.1.2-20260823,2026-08-23,PD-R-008,PD,22087832,https://pubmed.ncbi.nlm.nih.gov/22087832/,Immunophilin dysfunction and neuropathology.,Park H J; Rosado J A; Redondo P C; Cho Y S,"In case of nervous damages, like nervous system trauma or various neurodegenerative diseases such as dementia or Parkinson, several treatments are available to restore neurological function. In spite of these treatments, results are often insufficient or not satisfactory in many neurologic diseases, especially for central nervous system (CNS) lesions. To minimize neurological dysfunction, it is critical to reduce neuronal death, avoiding loss of the synaptic connections, and securing viable neurons to extend axons. Unfortunately, there are no effective strategies to fulfill these basic needs except for some cases of peripheral neural damage up to now. Rescue of damaged neurons, stimulation of neurogenesis and transplantation of nervous tissue are strategies proposed to prevent neurodegenerative disorders. A number of studies have recently reported successful axon regeneration and neurological recovery by using immunosuppressants, such as FK506. Immunosuppressants act as excellent agents for enhancing the rate and extent of axon regeneration and neurological recovery. FK506 and other neuroimmunophilin ligands (NILs) might reverse neuronal degeneration. In several animal models mimicking Parkinson's disease, dementia and surgical damage, NILs induces resprouting, by acting as neurotrophic agents and preventing nerve damage, although more studies are necessary to identify new NILs with neuroprotective action, but lacking the side immunological effects observed in the ligands analyzed to date. This review explores the new clinical role of immunosuppressants in the treatment of nerve surgery of autologous, allografts or xenografts. Results of studies regarding immunosuppressant treatment of nervous system trauma and neurodegenerative diseases, like neurogenic erectile dysfunction, will be here considered.",,"Journal Article; Research Support, Non-U.S. Gov't; Review",2011,Current medicinal chemistry,eligible,excluded,final,not_applicable,,exclude,excluded_eligibility,Regra de elegibilidade,pilot-v1.1,no_pubmed_integrity_signal,2026-08-22 01:52:33.208402-03,This article is excluded because it does not meet NDRO eligibility requirements.,Revisão ou meta-análise,,2026-08-22 01:52:33.208402-03
ndro-mvp-v0.1.2-20260823,2026-08-23,PD-R-009,PD,21146459,https://pubmed.ncbi.nlm.nih.gov/21146459/,Mitophagy: the latest problem for Parkinson's disease.,Vives-Bauza Cristofol; Przedborski Serge,"Parkinson's disease (PD) is a common neurodegenerative disorder of unknown cause. Some familial forms of PD are provoked by mutations in the genes encoding for the PTEN (phosphatase and tensin homolog)-induced putative kinase-1 (PINK1) and Parkin. Mounting evidence indicates that PINK1 and Parkin might function in concert to modulate mitochondrial degradation, termed mitophagy. However, the molecular mechanisms by which PINK1/Parkin affect mitophagy are just beginning to be elucidated. Herein, we review the main advances in our understanding of the PINK1/Parkin pathway. Because of the phenotypic similarities among the different forms of PD, a better understanding of PINK1/Parkin biology might have far-reaching pathogenic and therapeutic implications for both the inherited and the sporadic forms of PD.",,"Journal Article; Research Support, N.I.H., Extramural; Research Support, Non-U.S. Gov't; Research Support, U.S. Gov't, Non-P.H.S.; Review",2010,Trends in molecular medicine,eligible,excluded,final,not_applicable,,exclude,excluded_eligibility,Regra de elegibilidade,pilot-v1.1,no_pubmed_integrity_signal,2026-08-22 01:52:33.208402-03,This article is excluded because it does not meet NDRO eligibility requirements.,Revisão ou meta-análise,,2026-08-22 01:52:33.208402-03
ndro-mvp-v0.1.2-20260823,2026-08-23,PD-R-010,PD,23169228,https://pubmed.ncbi.nlm.nih.gov/23169228/,[Candidate patient for treatment with continuous apomorphine infusion].,Martí María José; Kulisevsky Jaume,,,Journal Article; Review,2012,Revista de neurologia,excluded,excluded,final,not_applicable,,exclude,excluded_eligibility,Regra de elegibilidade,pilot-v1.1,no_pubmed_integrity_signal,2026-08-22 01:52:33.208402-03,This article is excluded because it does not meet NDRO eligibility requirements.,Revisão ou meta-análise,English abstract not confirmed from public PubMed fields.,2026-08-22 01:52:33.208402-03
ndro-mvp-v0.1.2-20260823,2026-08-23,PD-R-011,PD,22539619,https://pubmed.ncbi.nlm.nih.gov/22539619/,Modulation of PC12 cell viability by forskolin-induced cyclic AMP levels through ERK and JNK pathways: an implication for L-DOPA-induced cytotoxicity in nigrostriatal dopamine neurons.,Park Keun Hong; Park Hyun Jin; Shin Keon Sung; Choi Hyun Sook; Kai Masaaki; Lee Myung Koo,"The intracellular levels of cyclic AMP (cAMP) increase in response to cytotoxic concentrations of L-DOPA in PC12 cells, and forskolin that induces intracellular cAMP levels either protects PC12 cells from L-DOPA-induced cytotoxicity or enhances cytotoxicity in a concentration-dependent manner. This study investigated the effects of cAMP induced by forskolin on cell viability of PC12 cells, relevant to L-DOPA-induced cytotoxicity in Parkinson's disease therapy. The low levels of forskolin (0.01 and 0.1 μM)-induced cAMP increased dopamine biosynthesis and tyrosine hydroxylase (TH) phosphorylation, and induced transient phosphorylation of ERK1/2 within 1 h. However, at the high levels of forskolin (1.0 and 10 μM)-induced cAMP, dopamine biosynthesis and TH phosphorylation did not increase, but rapid differentiation in neurite-like formation was observed with a steady state. The high levels of forskolin-induced cAMP also induced sustained increase in ERK1/2 phosphorylation within 0.25-6 h and then led to apoptosis, which was apparently mediated by JNK1/2 and caspase-3 activation. Multiple treatment of PC12 cells with nontoxic L-DOPA (20 μM) for 4-6 days induced neurite-like formation and decreased intracellular dopamine levels by reducing TH phosphorylation. These results suggest that the low levels of forskolin-induced cAMP increased dopamine biosynthesis in cell survival via transient ERK1/2 phosphorylation. In contrast, the high levels of forskolin-induced cAMP induced differentiation via sustained ERK1/2 phosphorylation and then led to apoptosis. Taken together, the intracellular levels of cAMP play a dual role in cell survival and death through the ERK1/2 and JNK1/2 pathways in PC12 cells.",,"Journal Article; Research Support, Non-U.S. Gov't",2012,Toxicological sciences : an official journal of the Society of Toxicology,eligible,eligible,final,complete,shared_mechanism,separate_view,separate,Consenso A+B,pilot-v1.1,no_pubmed_integrity_signal,2026-08-22 01:52:33.208402-03,This original study is preserved in a separate analytical view.,Estudo empírico original com abstract utilizável,,2026-08-22 01:52:33.208402-03
ndro-mvp-v0.1.2-20260823,2026-08-23,PD-R-012,PD,20866016,https://pubmed.ncbi.nlm.nih.gov/20866016/,Consent to deep brain stimulation for neurological and psychiatric disorders.,Glannon Walter,"Deep brain stimulation (DBS) of the globus pallidus interna and subthalamic nucleus has restored some degree of motor control in many patients in advanced stages of Parkinson's disease. DBS has also been used to treat dystonia, essential tremor (progressive neurological condition causing trembling), chronic pain, obsessive-compulsive disorder, Tourette's syndrome, major depressive disorder, obesity, cerebral palsy, and the minimally conscious state. Although the underlying mechanisms of the technique are still not clear, DBS can modulate underactive or overactive neural circuits and restore disrupted communication between and among groups of neurons in interacting regions of the brain.This can control and relieve many symptoms associated with a range of neurological and psychiatric disorders. But the procedures of implanting and stimulating the electrodes are brain-invasive and entail significant risks. Some patients receiving DBS have experienced intracerebral hemorrhage, infection, cognitive disturbances such as impulsive behavior, and affective disturbances such as mania. It is not known whether continuous electrical stimulation of the brain would reshape synaptic connectivity and permanently alter neural circuits in ways that may not be salutary. The risk of these effects indicates that DBS should be used only when a patient's condition is refractory to all other interventions and when there is a high probability that the technique will benefit the patient and improve his or her quality of life. If a patient's quality of life is poor and all other treatment options have been exhausted, then the likelihood of benefit can justify physicians' exposing patients to some risk. The clinical and ethical significance of the risk in DBS underscores the obligation of physicians to obtain fully informed consent from patients undergoing the procedure.",,"Case Reports; Journal Article; Research Support, Non-U.S. Gov't",2010,The Journal of clinical ethics,eligible,excluded,final,not_applicable,,exclude,excluded_eligibility,Regra de elegibilidade,pilot-v1.1,no_pubmed_integrity_signal,2026-08-22 01:52:33.208402-03,This article is excluded because it does not meet NDRO eligibility requirements.,Relato ou série de casos,,2026-08-22 01:52:33.208402-03
ndro-mvp-v0.1.2-20260823,2026-08-23,PD-R-013,PD,20195940,https://pubmed.ncbi.nlm.nih.gov/20195940/,[On the role of MAO B inhibitors and NMDA antagonists in the therapy of Parkinson's disease].,Kassubek J; Büttner T; Reichmann H; Riederer P; Schulz J B; Wüllner U; Csoti I,"In this workshop report, the N-methyl-D-aspartate (NMDA) receptor antagonists and the monoamine oxidase (MAO) type B inhibitors are discussed with respect to their role in the pharmacotherapy of Parkinson's Disease (PD). For the NMDA antagonist amantadine, studies demonstrated beneficial effects in various symptoms of the PD complex, while memantine seems to be beneficial in the treatment of cognitive deficits in PD-associated dementia. The MAO B inhibitors selegiline and rasagiline are in use for PD pharmacotherapy; for rasagiline, studies have demonstrated a possible disease-modifying effect. Although not supported by specific controlled studies, a ""triple"" early therapy is discussed which consists of a dopamine agonist, a MAO B inhibitor and amantadine, in order to try to delay the start of levodopa therapy.",,English Abstract; Journal Article; Review,2010,Fortschritte der Neurologie-Psychiatrie,eligible,excluded,final,not_applicable,,exclude,excluded_eligibility,Regra de elegibilidade,pilot-v1.1,no_pubmed_integrity_signal,2026-08-22 01:52:33.208402-03,This article is excluded because it does not meet NDRO eligibility requirements.,Revisão ou meta-análise,,2026-08-22 01:52:33.208402-03
ndro-mvp-v0.1.2-20260823,2026-08-23,PD-R-014,PD,24250227,https://pubmed.ncbi.nlm.nih.gov/24250227/,"Big brains, meat, tuberculosis, and the nicotinamide switches: co-evolutionary relationships with modern repercussions?",Williams Adrian C; Dunbar Robin I M,"Meat-eating was a game changer for human evolution. We suggest that the limiting factors for expanding brains earlier were scarcities of nicotinamide and tryptophan. In humans and some other omnivores, lack of meat causes these deficiencies. Nicotinamide adenine dinucleotide (NADH) is necessary to synthesize adenosine triphosphate (ATP) via either glycolysis or via the mitochondrial respiratory chain. NAD consumption is also necessary for developmental and repair circuits. Inadequate supplies result in ""de-evolutionary"" brain atrophy, as seen with pellagra. If trophic nicotinamide/tryptophan was a ""prime mover"" in building bigger brains, back-up mechanisms should have evolved. One strategy may be to recruit extra gut symbionts that produce NADH precursors or export nicotinamide (though this may cause diarrhea). We propose a novel supplier TB that co-evolved early, which did not originally and does not now inevitably cause disease. TB has highly paradoxical immunology for a pathogen, and secretes and is inhibited by nicotinamide and its analogue, isoniazid. Sharp declines in TB and diarrhea correlated with increased meat intake in the past, suggesting that dietary vitamin B3 and tryptophan deficiencies (also associated with poor cognition and decreased lifespans) are still common where meat is unaffordable.",cancer; dementia; diarrhea; hypervitaminosis B3; Parkinson’s; pellagra; serotonin,Journal Article,2013,International journal of tryptophan research : IJTR,eligible,excluded,final,not_applicable,,exclude,excluded_eligibility,Regra de elegibilidade,pilot-v1.1,no_pubmed_integrity_signal,2026-08-22 01:52:33.208402-03,This article is excluded because it does not meet NDRO eligibility requirements.,Texto narrativo sem dados empíricos originais,,2026-08-22 01:52:33.208402-03
ndro-mvp-v0.1.2-20260823,2026-08-23,PD-R-015,PD,20491632,https://pubmed.ncbi.nlm.nih.gov/20491632/,Molecular structure of ionotropic glutamate receptors.,Kaczor A A; Matosiuk D,"L-glutamate is the major excitatory neurotransmitter in the central nervous system (CNS). Although just a few glutamate receptor ligands have turned out to be clinically useful, primarily because of unfavorable psychotropic side effects, the glutamate system remains an attractive molecular target in the treatment of epilepsy, neurodegenerative diseases (Alzheimer's disease, Parkinson's disease, Huntington's chorea), schizophrenia, ischemia, pain, alcoholism and mood disorders. Knowledge about the structure of ionotropic glutamate receptors (iGluRs) at atomic resolution is vital for the determination of their physiological and pathological importance and, thus, for drug design. Recently, tremendous progress has been made in structure elucidation and understanding of the functioning of iGluRs. The data about general topology and modular composition of iGluRs as well as numerous crystal structures of ligand binding domains of many iGluR subtypes has been supplemented with the first molecular models of the whole receptor protein, followed by the first crystal structures of N-terminal domains and finally by the first crystal structure of the whole tetrameric iGluR. This review summarizes experimental and computational efforts to determine iGluR molecular architecture and focus on the above listed achievements of the last years. In particular, the aspects of iGluR structure which are important for drug design, like the molecular characterstics of the ligand binding sites, are depicted in detail.",,"Journal Article; Research Support, Non-U.S. Gov't; Review",2010,Current medicinal chemistry,eligible,excluded,final,not_applicable,,exclude,excluded_eligibility,Regra de elegibilidade,pilot-v1.1,no_pubmed_integrity_signal,2026-08-22 01:52:33.208402-03,This article is excluded because it does not meet NDRO eligibility requirements.,Revisão ou meta-análise,,2026-08-22 01:52:33.208402-03
ndro-mvp-v0.1.2-20260823,2026-08-23,PD-R-016,PD,23368940,https://pubmed.ncbi.nlm.nih.gov/23368940/,Neurobehavioral assessment of hydroalcoholic extract of Trigonella foenum-graecum seeds in rodent models of Parkinson's disease.,Gaur Vaibhav; Bodhankar Subhash L; Mohan V; Thakurdesai Prasad A,"CONTEXT: Neuroprotective therapy to rescue dopaminergic neurons is an important trait in the management of Parkinson's disease (PD).
OBJECTIVE: The present study identified and evaluated SFSE-T, a standardized hydroalcoholic extract of Trigonella foenum-graecum L. seeds (Fabaceae), in animal models of PD.
MATERIALS AND METHODS: The identification of SFSE-T was carried out by high-performance liquid chromatography for the marker compound trigonelline (TGN). The effects of single dose oral treatment of SFSE-T (10, 30 or 100 mg/kg) were studied using animal models of PD, namely, 6-hydroxydopamine (6-OHDA)-induced unilateral lesions in rats, and 4-phenyl-1,2,3,6-tetrahydropyridine (MPTP)-induced neurodegeneration in C57BL/6 mice. The effects of SFSE-T on monoamino oxidase (MAO) enzyme in vitro as well as possible side effects of SFSE-T in vivo were also evaluated.
RESULTS: The concentration of TGN in a test sample of SFSE-T was found to be 82%. SFSE-T (30 mg/kg, oral) showed a significant increase in the number of ipsilateral rotations (45.67 rotations in 30-min period) as compared with vehicle control group (no rotations) when tested in 6-OHDA-induced unilateral lesioned rats. SFSE-T (30 mg/kg, oral) showed significant reversal of motor dysfunction (spontaneous motor activity scores, speed, distance traveled and number of square crossed) caused by MPTP induced lesions in C57BL/6 mice in pretreatment (1 h) schedule but not in post-treatment (1 h) schedule. SFSE-T neither showed anticholinergic effects nor showed selective MAO-B enzyme inhibition in vitro.
DISCUSSION AND CONCLUSION: SFSE-T showed reversal of motor symptoms in an animal model of PD probably through neuroprotective properties.",,Journal Article,2013,Pharmaceutical biology,eligible,eligible,final,complete,primary_focus,include,core,Consenso A+B,pilot-v1.1,no_pubmed_integrity_signal,2026-08-22 01:52:33.208402-03,This article is included in the NDRO core analytical corpus.,Estudo empírico original com abstract utilizável,,2026-08-22 01:52:33.208402-03
ndro-mvp-v0.1.2-20260823,2026-08-23,PD-R-017,PD,20123040,https://pubmed.ncbi.nlm.nih.gov/20123040/,Genipin inhibits the inflammatory response of rat brain microglial cells.,Nam Kyong Nyon; Choi Yo-Sup; Jung Hoon-Ji; Park Gun Hyuk; Park Jung-Mi; Moon Sang-Kwan; Cho Ki-Ho; Kang Chulhun; Kang Insug; Oh Myung Sook; Lee Eunjoo H,"Microglia are the prime effectors in immune and inflammatory responses of the central nervous system (CNS). Under pathological conditions, the activation of these cells helps restore CNS homeostasis. However, chronic microglial activation endangers neuronal survival through the release of various proinflammatory and neurotoxic factors. Thus, negative regulators of microglial activation have been considered as potential therapeutic candidates to target neurodegeneration, such as that in Alzheimer's and Parkinson's diseases. Genipin, the aglycon of geniposide found in gardenia fruit has long been considered for treatment of various disorders in traditional oriental medicine. Genipin has recently been reported to have diverse pharmacological functions, such as antimicrobial, antitumor, and anti-inflammatory effects. The specific aim of this study was to examine whether genipin represses brain microglial activation. Genipin was effective at inhibiting LPS-induced nitric oxide (NO) release from cultured rat brain microglial cells. Genipin reduced the LPS-stimulated production of tumor necrosis factor-alpha, interleukin-1beta, prostaglandin E(2), intracellular reactive oxygen species, and NF-kappaB activation. In addition, genipin reduced NO release from microglia stimulated with interferon-gamma and amyloid-beta. Both pretreatment and post-treatment of genipin to LPS-stimulated microglia were effective at decreasing NO release. Furthermore, genipin effectively inhibited microglial activation in a mouse model of brain inflammation. These results suggest that genipin provide neuroprotection by reducing the production of various neurotoxic molecules from activated microglia.",,"Journal Article; Research Support, Non-U.S. Gov't",2010,International immunopharmacology,eligible,eligible,final,complete,shared_mechanism,separate_view,separate,Adjudicação humana,pilot-v1.1,no_pubmed_integrity_signal,2026-08-22 01:52:33.208402-03,This original study is preserved in a separate analytical view.,Elegibilidade confirmada durante adjudicação humana,,2026-08-22 01:52:33.208402-03
ndro-mvp-v0.1.2-20260823,2026-08-23,PD-R-018,PD,19681683,https://pubmed.ncbi.nlm.nih.gov/19681683/,Subthalamic nucleus deep brain stimulator placement using high-field interventional magnetic resonance imaging and a skull-mounted aiming device: technique and application accuracy.,Starr Philip A; Martin Alastair J; Ostrem Jill L; Talke Pekka; Levesque Nadja; Larson Paul S,"OBJECT: The authors discuss their method for placement of deep brain stimulation (DBS) electrodes using interventional MR (iMR) imaging and report on the accuracy of the technique, its initial clinical efficacy, and associated complications in a consecutive series of subthalamic nucleus (STN) DBS implants to treat Parkinson disease (PD).
METHODS: A skull-mounted aiming device (Medtronic NexFrame) was used in conjunction with real-time MR imaging (Philips Intera 1.5T). Preoperative imaging, DBS implantation, and postimplantation MR imaging were integrated into a single procedure performed with the patient in a state of general anesthesia. Accuracy of implantation was assessed using 2 types of measurements: the ""radial error,"" defined as the scalar distance between the location of the intended target and the actual location of the guidance sheath in the axial plane 4 mm inferior to the commissures, and the ""tip error,"" defined as the vector distance between the expected anterior commissure-posterior commissure (AC-PC) coordinates of the permanent DBS lead tip and the actual AC-PC coordinates of the lead tip. Clinical outcome was assessed using the Unified Parkinson's Disease Rating Scale part III (UPDRS III), in the off-medication state.
RESULTS: Twenty-nine patients with PD underwent iMR imaging-guided placement of 53 DBS electrodes into the STN. The mean (+/- SD) radial error was 1.2 +/- 0.65 mm, and the mean absolute tip error was 2.2 +/- 0.92 mm. The tip error was significantly smaller than for STN DBS electrodes implanted using traditional frame-based stereotaxy (3.1 +/- 1.41 mm). Eighty-seven percent of leads were placed with a single brain penetration. No hematomas were visible on MR images. Two device infections occurred early in the series. In bilaterally implanted patients, the mean improvement on the UPDRS III at 9 months postimplantation was 60%.
CONCLUSIONS: The authors' technical approach to placement of DBS electrodes adapts the procedure to a standard configuration 1.5-T diagnostic MR imaging scanner in a radiology suite. This method simplifies DBS implantation by eliminating the use of the traditional stereotactic frame and the subsequent requirement for registration of the brain in stereotactic space and the need for physiological recording and patient cooperation. This method has improved accuracy compared with that of anatomical guidance using standard frame-based stereotaxy in conjunction with preoperative MR imaging.",,"Comparative Study; Journal Article; Research Support, Non-U.S. Gov't",2010,Journal of neurosurgery,eligible,eligible,final,complete,primary_focus,include,core,Consenso A+B,pilot-v1.1,no_pubmed_integrity_signal,2026-08-22 01:52:33.208402-03,This article is included in the NDRO core analytical corpus.,Estudo empírico original com abstract utilizável,,2026-08-22 01:52:33.208402-03
ndro-mvp-v0.1.2-20260823,2026-08-23,PD-R-019,PD,20488273,https://pubmed.ncbi.nlm.nih.gov/20488273/,Assessment of depression in Parkinson's disease: the contribution of somatic symptoms to the clinimetric performance of the Hamilton and Montgomery-Asberg rating scales.,Reijnders Jennifer S A M; Lousberg Richel; Leentjens Albert F G,"OBJECTIVE: To assess the influence of somatic symptoms of the Hamilton Depression Rating Scale (HAMD) and Montgomery-Asberg Depression Rating Scale (MADRS) on the clinimetric performance of these scales in patients with Parkinson's disease (PD).
METHODS: A total of 224 patients underwent a protocolized mental status examination, consisting of the Structured Clinical Interview for DSM-IV depressive disorder (SCID-D), as well as the HAMD and MADRS. Sensitivity, specificity, positive, and negative predictive values for a range of cut-off scores were calculated for both rating scales and for modified versions of these scales in which all somatic items were eliminated. In addition, receiver operating characteristic (ROC) curves were obtained for both the modified and unmodified scales.
RESULTS: Elimination of the somatic items of depression from the HAMD and MADRS resulted in a reduced specificity of both the HAMD and the MADRS, and an increased sensitivity of the MADRS.
CONCLUSION: The authors recommend the full version of the HAMD and MADRS if used for diagnostic purposes; for screening purposes, the abbreviated version without somatic items can be used. Additional advantages of using full rating scales, with somatic items included, are that these provide more information on the severity of depression and allow for easier comparison across studies.",,Comparative Study; Journal Article,2009,Journal of psychosomatic research,eligible,eligible,final,complete,primary_focus,include,core,Consenso A+B,pilot-v1.1,no_pubmed_integrity_signal,2026-08-22 01:52:33.208402-03,This article is included in the NDRO core analytical corpus.,Estudo empírico original com abstract utilizável,,2026-08-22 01:52:33.208402-03
ndro-mvp-v0.1.2-20260823,2026-08-23,PD-R-020,PD,23675438,https://pubmed.ncbi.nlm.nih.gov/23675438/,Targeting caspase-3 as dual therapeutic benefits by RNAi facilitating brain-targeted nanoparticles in a rat model of Parkinson's disease.,Liu Yang; Guo Yubo; An Sai; Kuang Yuyang; He Xi; Ma Haojun; Li Jianfeng; Lu Jing; Zhang Ning; Jiang Chen,"The activation of caspase-3 is an important hallmark in Parkinson's disease. It could induce neuron death by apoptosis and microglia activation by inflammation. As a result, inhibition the activation of caspase-3 would exert synergistic dual effect in brain in order to prevent the progress of Parkinson's disease. Silencing caspase-3 genes by RNA interference could inhibit the activation of caspase-3. We developed a brain-targeted gene delivery system based on non-viral gene vector, dendrigraft poly-L-lysines. A rabies virus glycoprotein peptide with 29 amino-acid linked to dendrigraft poly-L-lysines could render gene vectors the ability to get across the blood brain barrier by specific receptor mediated transcytosis. The resultant brain-targeted vector was complexed with caspase-3 short hairpin RNA coding plasmid DNA, yielding nanoparticles. In vivo imaging analysis indicated the targeted nanoparticles could accumulate in brain more efficiently than non-targeted ones. A multiple dosing regimen by weekly intravenous administration of the nanoparticles could reduce activated casapse-3 levels, significantly improve locomotor activity and rescue dopaminergic neuronal loss and in Parkinson's disease rats' brain. These results indicated the rabies virus glycoprotein peptide modified brain-targeted nanoparticles were promising gene delivery system for RNA interference to achieve anti-apoptotic and anti-inflammation synergistic therapeutic effects by down-regulation the expression and activation of caspase-3.",,"Journal Article; Research Support, Non-U.S. Gov't",2013,PloS one,eligible,eligible,final,complete,primary_focus,include,core,Consenso A+B,pilot-v1.1,no_pubmed_integrity_signal,2026-08-22 01:52:33.208402-03,This article is included in the NDRO core analytical corpus.,Estudo empírico original com abstract utilizável,,2026-08-22 01:52:33.208402-03
ndro-mvp-v0.1.2-20260823,2026-08-23,PD-R-021,PD,26671120,https://pubmed.ncbi.nlm.nih.gov/26671120/,Retrospective analysis of parkinsonian patients exhibiting normal (123)I-MIBG cardiac uptake.,Mizutani Yasuaki; Ito Shinji; Murate Kenichiro; Hirota Seiko; Fukui Takao; Hikichi Chika; Ishikawa Tomomasa; Shima Sayuri; Ueda Akihiro; Kizawa Madoka; Asakura Kunihiko; Mutoh Tatsuro,"BACKGROUND: Although most patients with Parkinson's disease (PD) show decreased cardiac (123)I-metaiodobenzylguanidine (MIBG) uptake, some exhibit normal uptake. We evaluated the clinical characteristics of such patients.
METHODS: We enrolled 154 non-demented patients showing parkinsonism with normal cardiac MIBG uptake and had been clinically followed up during 29.9 ± 27.6 months. We defined the patients who did not fit the exclusion criteria for PD and demonstrated ≥ 30% reduction in the Unified Parkinson's Disease Rating Scale (UPDRS) motor score after anti-Parkinson agent administration as probable PD. We compared clinical characteristics and the cardiac MIBG heart-to-mediastinum (H/M) ratio between the probable PD group (N=37) and other groups (N=117).
RESULTS: The probable PD group showed significantly higher UPDRS motor scores and greater incidence of tremor/rigidity than those of other groups. In addition, they showed a significantly lower cardiac MIBG H/M ratio in the delayed phase (delayed, p<0.0001). Washout-rate (WR) was significantly higher in probable PD cases (p<0.0001). Among 16 probable PD patients undergoing serial cardiac MIBG scintigraphy, the delayed phase cardiac MIBG H/M ratio showed a significant decrease and WR significantly increased during follow-up periods.
CONCLUSIONS: An increase in WR and lower delayed phase cardiac MIBG uptake were found to be characteristics of such patients.",Cardiac (123)I-metaiodobenzylguanidine scintigraphy ((123)I-MIBG); Cardiovascular dysautonomia; Cut-off value; Parkinson's disease; Parkinsonian syndrome; Receiver operator characteristic (ROC) curve; Washout-rate,"Journal Article; Research Support, Non-U.S. Gov't",2015,Journal of the neurological sciences,eligible,eligible,final,complete,primary_focus,include,core,Consenso A+B,pilot-v1.1,no_pubmed_integrity_signal,2026-08-22 01:52:33.208402-03,This article is included in the NDRO core analytical corpus.,Estudo empírico original com abstract utilizável,,2026-08-22 01:52:33.208402-03
ndro-mvp-v0.1.2-20260823,2026-08-23,PD-R-022,PD,27150574,https://pubmed.ncbi.nlm.nih.gov/27150574/,Hereditary chorea - what else to consider when the Huntington's disease genetics test is negative?,Malek N; Newman E J,"Chorea, cognitive, behavioural and psychiatric disturbance occur in varying combinations in Huntington's disease (HD). This is often easy to recognise particularly in the presence of an autosomal dominant history. Whilst HD may be the most common aetiology of such a presentation, several HD phenocopies should be considered if genetic testing for HD is negative. We searched PubMed and the Cochrane Database from January 1, 1946 up to January 1, 2016, combining the search terms: 'chorea', 'Huntington's disease', 'HDL' and 'phenocopies'. HD phenocopies frequently display additional movement disorders such as myoclonus, dystonia, parkinsonism and tics. Here, we discuss the phenotypes, and investigations of HD-like disorders where the combination of progressive chorea and cognitive impairment is obvious, but HD gene test result is negative. Conditions presenting with sudden onset chorea such as vascular, infectious and autoimmune causes are not the primary focus of our discussion, but we will make a passing reference to these as some of these conditions are potentially treatable. Hereditary forms of chorea are a heterogeneous group of conditions and this number is increasing. While most of these conditions are not curable, molecular genetic testing has enabled many of these disorders to be distinguished from HD. Getting a precise diagnosis may enable patients and their families to better understand the nature of their condition.",chorea; Huntington's disease,Journal Article; Review,2016,Acta neurologica Scandinavica,eligible,excluded,final,not_applicable,,exclude,excluded_eligibility,Regra de elegibilidade,pilot-v1.1,no_pubmed_integrity_signal,2026-08-22 01:52:33.208402-03,This article is excluded because it does not meet NDRO eligibility requirements.,Revisão ou meta-análise,,2026-08-22 01:52:33.208402-03
ndro-mvp-v0.1.2-20260823,2026-08-23,PD-R-023,PD,27356592,https://pubmed.ncbi.nlm.nih.gov/27356592/,"Falls, fractures and bone density in Parkinson's disease - a cross-sectional study.",Tassorelli Cristina; Berlangieri Mariangela; Buscone Simona; Bolla Monica; De Icco Roberto; Baricich Alessio; Pacchetti Claudio; Cisari Carlo; Sandrini Giorgio,"AIM: Evidence suggests that falls and associated bone fractures are more frequent in patients suffering from Parkinson's disease (PD) than in the general population. In this cross-sectional study we evaluated the clinical and biochemical characteristics that are associated to falls, fractures and bone health in a population of PD subjects.
MATERIALS AND METHODS: Forty-two consecutive subjects suffering from idiopathic PD (mild-to-moderate severity) with/without falls in the previous year were included. They were characterized as regards functional independence, balance, fear of falling, bone density (ultrasound densitometry) and plasma levels of vitamin D. Twenty-one age- and sex-matched healthy subjects were evaluated as controls.
RESULTS: We detected a greater degree of osteoporosis in PD subjects as compared to controls, more pronounced in males than in females (Z-score: M -3.8 ± 1.6, F -2.28 ± 0.92, p = 0.0006). A positive correlation was found between independence levels and bone density or vitamin D levels. Twenty seven patients (64%) reported falls in the previous year. These were associated to post-traumatic fractures in 16 subjects (59% of fallers). Women fell more than men (fallers: 20 F/7 M; non fallers: 4 F/11 M, χ² test p = 0.02), although the occurrence of post-traumatic fractures among fallers did not differ between sexes (F 11/9, M 5/2, χ² test p > 0.05). Fallers with post-traumatic fractures showed higher degrees of motor impairment.
CONCLUSIONS: These findings confirm that falls and osteoporosis represent major health issues in PD, already in the middle stages of disease.",balance; bone density; falls; functional independence; gender; traumatic fractures,Journal Article,2016,The International journal of neuroscience,eligible,eligible,final,complete,primary_focus,include,core,Consenso A+B,pilot-v1.1,no_pubmed_integrity_signal,2026-08-22 01:52:33.208402-03,This article is included in the NDRO core analytical corpus.,Estudo empírico original com abstract utilizável,,2026-08-22 01:52:33.208402-03
ndro-mvp-v0.1.2-20260823,2026-08-23,PD-R-024,PD,24756204,https://pubmed.ncbi.nlm.nih.gov/24756204/,Expanded C9ORF72 hexanucleotide repeat in depressive pseudodementia.,Bieniek Kevin F; van Blitterswijk Marka; Baker Matthew C; Petrucelli Leonard; Rademakers Rosa; Dickson Dennis W,"IMPORTANCE: Expanded hexanucleotide repeats in C9ORF72 are a common genetic cause of frontotemporal dementia and amyotrophic lateral sclerosis. Repeat expansions have also been detected infrequently in other disorders, including Alzheimer disease, dementia with Lewy bodies, and parkinsonian disorders.
OBSERVATIONS: A consecutive series of 31 cases from the brain bank for neurodegenerative disorders at Mayo Clinic was screened to assess the incidence of the expanded C9ORF72 repeat in cases of depressive pseudodementia. The presence of the hexanucleotide repeat was established using immunohistochemistry with a highly disease-specific antibody (C9RANT), and was further validated in carriers using repeat-primed polymerase chain reaction and Southern blotting. Two individuals harbored the C9ORF72 repeat expansion. Both patients were men with refractory depression. One patient experienced drug-induced parkinsonism and sudden-onset dementia, while the other patient had a more insidious disease course suspected to be Alzheimer disease.
CONCLUSIONS AND RELEVANCE: This report increases the range of clinicopathologic presentations of C9ORF72 expanded hexanucleotide repeat to include psychiatric disorders such as depressive pseudodementia.",,"Journal Article; Research Support, N.I.H., Extramural; Research Support, Non-U.S. Gov't",2014,JAMA neurology,eligible,excluded,final,not_applicable,,exclude,excluded_eligibility,Regra de elegibilidade,pilot-v1.1,no_pubmed_integrity_signal,2026-08-22 01:52:33.208402-03,This article is excluded because it does not meet NDRO eligibility requirements.,Relato ou série de casos,,2026-08-22 01:52:33.208402-03
ndro-mvp-v0.1.2-20260823,2026-08-23,PD-R-025,PD,23696136,https://pubmed.ncbi.nlm.nih.gov/23696136/,Medication costs following subthalamic nucleus deep brain stimulation for Parkinson's disease.,Toft Mathias; Dietrichs Espen,,,"Letter; Research Support, Non-U.S. Gov't",2013,Movement disorders : official journal of the Movement Disorder Society,excluded,excluded,final,not_applicable,,exclude,excluded_eligibility,Regra de elegibilidade,pilot-v1.1,no_pubmed_integrity_signal,2026-08-22 01:52:33.208402-03,This article is excluded because it does not meet NDRO eligibility requirements.,Abstract ausente,Abstract missing from the public PubMed record.,2026-08-22 01:52:33.208402-03
ndro-mvp-v0.1.2-20260823,2026-08-23,PD-R-026,PD,30713962,https://pubmed.ncbi.nlm.nih.gov/30713962/,Acute Parkinsonism and Basal Ganglia Damage from Crystal Methamphetamine.,Deeb Wissam; Yancey Justin; Malaty Irene,,crystal meth; methamphetamine; Parkinson; Parkinsonism,Journal Article,2016,Movement disorders clinical practice,excluded,excluded,final,not_applicable,,exclude,excluded_eligibility,Regra de elegibilidade,pilot-v1.1,no_pubmed_integrity_signal,2026-08-22 01:52:33.208402-03,This article is excluded because it does not meet NDRO eligibility requirements.,Abstract ausente,Abstract missing from the public PubMed record.,2026-08-22 01:52:33.208402-03
ndro-mvp-v0.1.2-20260823,2026-08-23,PD-R-027,PD,25537852,https://pubmed.ncbi.nlm.nih.gov/25537852/,"Salsolinol, an endogenous compound triggers a two-phase opposing action in the central nervous system.",Możdżeń Edyta; Kajta Małgorzata; Wąsik Agnieszka; Lenda Tomasz; Antkiewicz-Michaluk Lucyna,"Salsolinol (1-methyl-6,7-dihydroxy-1,2,3,4-tetrahydroisoquinoline), an endogenous compound present in the brain, was suspected of participation in the etiopathogenesis of Parkinson's disease, the most common serious movement disorder worldwide. In this study, we evaluated the effect of different (50, 100, and 500 µM) concentrations of salsolinol on markers of glutamate-induced apoptotic and neurotoxic cell damage, such as caspase-3 activity, lactate dehydrogenase (LDH) release, and the loss of mitochondrial membrane potential. Biochemical data were complemented with the cellular analysis, including Hoechst 33342 and calcein AM staining, to visualize apoptotic DNA-fragmentation and to assess cell survival, respectively. The assessment of all investigated parameters was performed in primary cultures of rat or mouse hippocampal and striatum cells. Our study showed that salsolinol had biphasic effects, namely, at lower concentrations (50 and 100 µM), it demonstrated a distinct neuroprotective activity, whereas in the highest one (500 µM) caused neurotoxic effect. Salsolinol in concentrations of 50 and 100 µM significantly antagonized the pro-apoptotic and neurotoxic effects caused by 1 mM glutamate. Salsolinol diminished the number of bright fragmented nuclei with condensed chromatin and increased cell survival in Hoechst 33342 and calcein AM staining in hippocampal cultures. Additionally, in the low 50 µM concentration, it produced a significant inhibition of glutamate-induced loss of membrane mitochondrial potential. Only the highest concentration of salsolinol (500 µM) enhanced the glutamate excitotoxicity. Ex vivo studies indicated that both acute and chronic administration of salsolinol did not affect the dopamine metabolism, its striatal concentration or α-synuclein and tyrosine hydroxylase protein level in the rat substantia nigra and striatum. Summarizing, the present studies exclude possibility that salsolinol under physiological conditions could be an endogenous factor involved in the neurogenerative processes; conversely, it can exert a protective action on nerve cells in the brain. These findings may have important implications for the development of the new strategies to treat or prevent neural degeneration.",,"Journal Article; Research Support, Non-U.S. Gov't",2014,Neurotoxicity research,eligible,eligible,final,complete,primary_focus,include,core,Adjudicação humana,pilot-v1.1,no_pubmed_integrity_signal,2026-08-22 01:52:33.208402-03,This article is included in the NDRO core analytical corpus.,Elegibilidade confirmada durante adjudicação humana,,2026-08-22 01:52:33.208402-03
ndro-mvp-v0.1.2-20260823,2026-08-23,PD-R-028,PD,29726549,https://pubmed.ncbi.nlm.nih.gov/29726549/,BDNF in the Aged Brain: Translational Implications for Parkinson's Disease.,Mercado N M; Collier T J; Sortwell C E; Steece-Collier K,"Brain Derived Neurotrophic Factor (BDNF) is a member of the neurotrophin family of secreted growth factors. BDNF signaling is known to exert both chronic, pro-survival effects related to gene expression and protein synthesis (""canonical signaling""), and acute effects as a modulator of neurotransmission (""non-canonical signaling""). BDNF has received a great deal of attention for its role in neurodegenerative diseases including Huntington's Disease (HD), Alzheimer's Disease (AD), and Parkinson's Disease (PD) and has been extensively reviewed elsewhere in this regard (e.g., [1-6]). However aging-related changes in BDNF function and expression have been studied only rarely, with the majority of studies characterizing changes in structures such as the hippocampus and neocortex. In this review, we attempt to briefly summarize the extent of the existing literature on age-related BDNF changes, and discuss the relevance of these changes as a factor potentially impacting therapeutics in aged parkinsonian subjects.",Aging; Brain derived neurotrophic factor; Parkinson’s disease; Therapeutics,Journal Article,2017,Austin neurology & neurosciences,eligible,excluded,final,not_applicable,,exclude,excluded_eligibility,Human semantic-extraction adjudication v1.1,pilot-v1.1,no_pubmed_integrity_signal,2026-08-22 01:52:33.208402-03,This article is excluded because it does not meet NDRO eligibility requirements.,Review article; no original empirical study.,,2026-08-22 01:52:33.208402-03
ndro-mvp-v0.1.2-20260823,2026-08-23,PD-R-029,PD,24700259,https://pubmed.ncbi.nlm.nih.gov/24700259/,Relationship of falls and fear of falling to activity limitations and physical inactivity in Parkinson's disease.,Bryant Mon S; Rintala Diana H; Hou Jyh-Gong; Protas Elizabeth J,"AIM: To investigate the relationships between falls, fear of falling, and activity limitations in individuals with Parkinson's disease (PD).
DESIGN/METHODS: Cross-sectional study of individuals with mild to moderate PD (N = 83). Associations among demographic data, fall frequency, disease severity, motor impairment, ability to perform activities of daily living (ADL), Activities Balance Confidence Scale, Iowa Fatigue Scale, Comorbidity Index, and Physical Activity Scale for Elders were studied.
RESULTS: Frequent fallers had more ADL limitations than nonfallers (p < .001) and rare fallers (p = .004). Frequent fallers reported a lower percentage of ability to perform ADL than nonfallers (p = .003). Frequent fallers and rare fallers were less physically active than nonfallers (p = .015 and p = .040, respectively). Frequent fallers and rare fallers reported a higher level of fear of falling than nonfallers (p = .031 and p = .009, respectively).
CONCLUSIONS: Falls and fear of falling were associated with more ADL limitations and less physical activity after adjusting for physical impairments.",,"Comparative Study; Journal Article; Research Support, N.I.H., Extramural; Research Support, U.S. Gov't, Non-P.H.S.",2014,Journal of aging and physical activity,eligible,eligible,final,complete,primary_focus,include,core,Consenso A+B,pilot-v1.1,no_pubmed_integrity_signal,2026-08-22 01:52:33.208402-03,This article is included in the NDRO core analytical corpus.,Estudo empírico original com abstract utilizável,,2026-08-22 01:52:33.208402-03
ndro-mvp-v0.1.2-20260823,2026-08-23,PD-R-030,PD,26797368,https://pubmed.ncbi.nlm.nih.gov/26797368/,Proton MR Spectroscopy for Monitoring Pathologic Changes in the Substantia Nigra and Globus Pallidus in Parkinson Disease.,Wu Gang; Shen Yi-Jian; Huang Mei-Hua; Xing Zhen; Liu Ying; Chen Jin,"OBJECTIVE: This retrospective study aimed to examine the relationship between the ratio of N-acetyl aspartate (NAA) to creatine in the substantia nigra (SN) and globus pallidus (GP) and the Hoehn-Yahr stage and Unified Parkinson Disease Rating Scale (UPDRS) score determined for patients with Parkinson disease (PD).
MATERIALS AND METHODS: Thirty patients with PD who underwent proton MR spectroscopy ((1)H-MRS) and for whom a Hoehn-Yahr stage and a UPDRS score for PD were determined were retrospectively reviewed. Hydrogen-1-MRS was used to measure the metabolite levels in the bilateral SN and GP.
RESULTS: The mean (± SD) age of the patients was 67.7 (± 10.6) years. The mean UPDRS score was 40.5 ± 13.9. Fourteen patients had PD of Hoehn-Yahr stages 1-2, and 16 patients had PD of Hoehn-Yahr stages 3-5. The NC ratio (the NAA-to-creatine ratio for the initially symptomatic side or the body divided by the NAA-to-creatine ratio for the contralateral side) for the bilateral GP (BGPNC) was significantly lower in the patients with stages 1-2 PD than in the patients with stages 3-5 PD (0.68 ± 0.23 vs 0.84 ± 0.11; p = 0.023). The NAA-to-creatine ratio for the initially symptomatic side of the SN was negatively correlated with the UPDRS score (r = -0.379; p = 0.039).
CONCLUSION: In early PD, the changes in the GP are more pronounced on the side affected at the onset of PD, which may contribute to the development of asymmetric symptoms and signs. Hydrogen-1-MRS shows promise as a modality for evaluating PD.",globus pallidus; Hoehn-Yahr stage; Parkinson disease; proton MR spectroscopy; substantia nigra,Journal Article,2016,AJR. American journal of roentgenology,eligible,eligible,final,complete,primary_focus,include,core,Consenso A+B,pilot-v1.1,no_pubmed_integrity_signal,2026-08-22 01:52:33.208402-03,This article is included in the NDRO core analytical corpus.,Estudo empírico original com abstract utilizável,,2026-08-22 01:52:33.208402-03
ndro-mvp-v0.1.2-20260823,2026-08-23,PD-R-031,PD,27812756,https://pubmed.ncbi.nlm.nih.gov/27812756/,A prospective evaluation of taste in Parkinson's disease.,Ricatti M J; Ottaviani S; Boschi F; Fasano A; Tinazzi M; Cecchini M P,"It is well known that Parkinson's disease is characterized by a variety of non-motor symptoms. A gustatory deficit is hypothesized to be one of them although few and only cross-sectional studies are available. The aim of our pilot study was to prospectively investigate the taste function in Parkinson's disease patients after some years from the first evaluation (mean follow-up 4.35 ± 0.49 years; time range 3.5-5.6 years). A group of 26 patients was re-examined (16 males and 10 females; mean age 70.9 ± 8.4 years, range 54-88 years). Taste function was assessed in one session, by means of the Whole Mouth Test (WMT) and Taste Strips Test (TST). Olfaction was also evaluated with the Sniffin' Sticks Identification Test (SST). All these tests are commercially available (Burghart Company, Germany). All patients were able to understand and complete the procedure. Although scores decreased over time, no significant difference was found between global taste scores of first and second evaluation, neither comparing every single taste quality (WMT: p = 0.234, Mann-Whitney U test; TST: p = 0.747, Mann-Whitney U test; McNemar chi-square in the range of 0-1.455). These results confirm a persistent but slight and stable taste impairment, in patients with Parkinson's disease. Future studies on a much larger sample of patients are certainly required.",Non-motor symptoms; Parkinson’s disease; Prospective study; Taste evaluation,Journal Article,2016,"Journal of neural transmission (Vienna, Austria : 1996)",eligible,eligible,final,complete,primary_focus,include,core,Consenso A+B,pilot-v1.1,no_pubmed_integrity_signal,2026-08-22 01:52:33.208402-03,This article is included in the NDRO core analytical corpus.,Estudo empírico original com abstract utilizável,,2026-08-22 01:52:33.208402-03
ndro-mvp-v0.1.2-20260823,2026-08-23,PD-R-032,PD,25870559,https://pubmed.ncbi.nlm.nih.gov/25870559/,ER proteostasis disturbances in Parkinson's disease: novel insights.,Mercado Gabriela; Castillo Valentina; Vidal Rene; Hetz Claudio,,dopaminergic neurons; ER stress; gene therapy; Parkinson disease; preclinical models; UPR signaling pathways,Journal Article,2015,Frontiers in aging neuroscience,excluded,excluded,final,not_applicable,,exclude,excluded_eligibility,Regra de elegibilidade,pilot-v1.1,no_pubmed_integrity_signal,2026-08-22 01:52:33.208402-03,This article is excluded because it does not meet NDRO eligibility requirements.,Abstract ausente,Abstract missing from the public PubMed record.,2026-08-22 01:52:33.208402-03
ndro-mvp-v0.1.2-20260823,2026-08-23,PD-R-033,PD,24262194,https://pubmed.ncbi.nlm.nih.gov/24262194/,Quantification of α-synuclein in cerebrospinal fluid: how ideal is this biomarker for Parkinson's disease?,Mollenhauer Brit,"The quantification of α-synuclein (αSyn) in cerebrospinal fluid (CSF) has been proposed as a diagnostic biomarker for Parkinson's disease and other αSyn-related diseases, such as multiple system atrophy and dementia with Lewy bodies. Most studies show decreased levels of αSyn in diseased CSF samples compared to control samples, but discrepant findings and overlapping values have been a major limitation for the use of CSF αSyn as a biomarker. This review addresses the current knowledge and investigates whether CSF αSyn is an ideal biomarker that can detect fundamental neuropathology features. It will also discuss whether CSF αSyn has been validated in neuropathologically confirmed cases, whether it shows a diagnostic sensitivity and whether it has a specificity above 80%. The review of current literature will also determine if sampling CSF αSyn is reliable, reproducible, noninvasive, simple to perform, inexpensive, and whether it has been investigated by at least two independent studies. CSF αSyn appears to meet most of these criteria, which have been proposed for ideal biomarkers, but further validation of this and other markers is needed to best introduce a panel of biomarkers in the early and differential diagnosis of Parkinson's disease.",Biomarker; Cerebrospinal fluid; Parkinson's disease; α-Synuclein,Journal Article; Review,2014,Parkinsonism & related disorders,eligible,excluded,final,not_applicable,,exclude,excluded_eligibility,Regra de elegibilidade,pilot-v1.1,no_pubmed_integrity_signal,2026-08-22 01:52:33.208402-03,This article is excluded because it does not meet NDRO eligibility requirements.,Revisão ou meta-análise,,2026-08-22 01:52:33.208402-03
ndro-mvp-v0.1.2-20260823,2026-08-23,PD-R-034,PD,25545790,https://pubmed.ncbi.nlm.nih.gov/25545790/,Hydrogen sulfide inhibits amyloid formation.,Rosario-Alomar Manuel F; Quiñones-Ruiz Tatiana; Kurouski Dmitry; Sereda Valentin; Ferreira Eduardo B; Jesús-Kim Lorraine De; Hernández-Rivera Samuel; Zagorevski Dmitri V; López-Garriga Juan; Lednev Igor K,"Amyloid fibrils are large aggregates of misfolded proteins, which are often associated with various neurodegenerative diseases such as Alzheimer's, Parkinson's, Huntington's, and vascular dementia. The amount of hydrogen sulfide (H2S) is known to be significantly reduced in the brain tissue of people diagnosed with Alzheimer's disease relative to that of healthy individuals. These findings prompted us to investigate the effects of H2S on the formation of amyloids in vitro using a model fibrillogenic protein hen egg white lysozyme (HEWL). HEWL forms typical β-sheet rich fibrils during the course of 70 min at low pH and high temperatures. The addition of H2S completely inhibits the formation of β-sheet and amyloid fibrils, as revealed by deep UV resonance Raman (DUVRR) spectroscopy and ThT fluorescence. Nonresonance Raman spectroscopy shows that disulfide bonds undergo significant rearrangements in the presence of H2S. Raman bands corresponding to disulfide (RSSR) vibrational modes in the 550-500 cm(-1) spectral range decrease in intensity and are accompanied by the appearance of a new 490 cm(-1) band assigned to the trisulfide group (RSSSR) based on the comparison with model compounds. The formation of RSSSR was proven further using a reaction with TCEP reduction agent and LC-MS analysis of the products. Intrinsic tryptophan fluorescence study shows a strong denaturation of HEWL containing trisulfide bonds. The presented evidence indicates that H2S causes the formation of trisulfide bridges, which destabilizes HEWL structure, preventing protein fibrillation. As a result, small spherical aggregates of unordered protein form, which exhibit no cytotoxicity by contrast with HEWL fibrils.",,"Journal Article; Research Support, N.I.H., Extramural; Research Support, U.S. Gov't, Non-P.H.S.",2015,The journal of physical chemistry. B,eligible,eligible,final,not_applicable,background_mention,exclude,excluded_relevance,Consenso A+B,pilot-v1.1,no_pubmed_integrity_signal,2026-08-22 01:52:33.208402-03,This article is excluded because it does not meet NDRO scientific relevance criteria.,Estudo empírico original com abstract utilizável,,2026-08-22 01:52:33.208402-03
ndro-mvp-v0.1.2-20260823,2026-08-23,PD-R-035,PD,27899737,https://pubmed.ncbi.nlm.nih.gov/27899737/,Cognitive Training in Parkinson's Disease.,Walton Courtney C; Naismith Sharon L; Lampit Amit; Mowszowski Loren; Lewis Simon J G,"Cognitive impairment is now widely accepted as a fundamental aspect of Parkinson's disease (PD). Given the prevalence of cognitive impairment and the associated impact on well-being, evidence-based interventions are needed. However, while research is continually accumulating in order to better understand the pathology and trajectory of cognitive changes, treatment options lag behind. Nonpharmacological approaches are of particular interest in this group, given the typical polypharmacy already present in PD patients. In this regard, cognitive training (CT) is a relatively new and prominent therapeutic option with accumulating scientific support and increasing public awareness. Research has now established benefits across many different populations, and trials investigating the use of CT specifically in PD are becoming more common. We offer a brief summary of CT and its efficacy in PD samples to date, as well as discuss areas requiring further exploration in this group. Crucially, we suggest that CT should be supported as a research priority in PD, given both proven and potential benefits as a noninvasive and well-tolerated behavioral intervention for cognitive impairment.",cognitive impairment; cognitive rehabilitation; cognitive training; dementia; Parkinson’s disease,Journal Article; Review,2016,Neurorehabilitation and neural repair,eligible,excluded,final,not_applicable,,exclude,excluded_eligibility,Regra de elegibilidade,pilot-v1.1,no_pubmed_integrity_signal,2026-08-22 01:52:33.208402-03,This article is excluded because it does not meet NDRO eligibility requirements.,Revisão ou meta-análise,,2026-08-22 01:52:33.208402-03
ndro-mvp-v0.1.2-20260823,2026-08-23,PD-R-036,PD,26595534,https://pubmed.ncbi.nlm.nih.gov/26595534/,A Case of Rapid Eye Movement Sleep Behavior Disorder in Parkinson Disease Treated With Sodium Oxybate.,Liebenthal Jennifer; Valerio Jason; Ruoff Chad; Mahowald Mark,,,Case Reports; Journal Article,2016,JAMA neurology,excluded,excluded,final,not_applicable,,exclude,excluded_eligibility,Regra de elegibilidade,pilot-v1.1,no_pubmed_integrity_signal,2026-08-22 01:52:33.208402-03,This article is excluded because it does not meet NDRO eligibility requirements.,Abstract ausente,Abstract missing from the public PubMed record.,2026-08-22 01:52:33.208402-03
ndro-mvp-v0.1.2-20260823,2026-08-23,PD-R-037,PD,24382629,https://pubmed.ncbi.nlm.nih.gov/24382629/,Alpha-synuclein transfers from neurons to oligodendrocytes.,Reyes Juan F; Rey Nolwen L; Bousset Luc; Melki Ronald; Brundin Patrik; Angot Elodie,"The origin of α-synuclein (α-syn)-positive glial cytoplasmic inclusions found in oligodendrocytes in multiple system atrophy (MSA) is enigmatic, given the fact that oligodendrocytes do not express α-syn mRNA. Recently, neuron-to-neuron transfer of α-syn was suggested to contribute to the pathogenesis of Parkinson's disease. In this study, we explored whether a similar transfer of α-syn might occur from neurons to oligodendrocytes, which conceivably could explain how glial cytoplasmic inclusions are formed. We studied oligodendrocytes in vitro and in vivo and examined their ability to take up different α-syn assemblies. First, we treated oligodendrocytes with monomeric, oligomeric, and fibrillar forms of α-syn proteins and investigated whether α-syn uptake is dynamin-dependent. Second, we injected the same α-syn species into the mouse cortex to assess their uptake in vivo. Finally, we monitored the presence of human α-syn within rat oligodendroglial cells grafted in the striatum of hosts displaying Adeno-Associated Virus-mediated overexpression of human α-syn in the nigro-striatal pathway. Here, we show that oligodendrocytes take up recombinant α-syn monomers, oligomers and, to a lesser extent, fibrils in vitro in a concentration and time-dependent manner, and that this process is inhibited by dynasore. Further, we demonstrate in our injection model that oligodendrocytes also internalize α-syn in vivo. Finally, we provide the first direct evidence that α-syn can transfer to grafted oligodendroglial cells from host rat brain neurons overexpressing human α-syn. Our findings support the hypothesis of a neuron-to-oligodendrocyte transfer of α-syn, a mechanism that may play a crucial role in the progression and pathogenesis of MSA.",glial cytoplasmic inclusion; multiple system atrophy; prion-like transfer,"Journal Article; Research Support, Non-U.S. Gov't",2013,Glia,eligible,eligible,final,not_applicable,background_mention,exclude,excluded_relevance,Consenso A+B,pilot-v1.1,no_pubmed_integrity_signal,2026-08-22 01:52:33.208402-03,This article is excluded because it does not meet NDRO scientific relevance criteria.,Estudo empírico original com abstract utilizável,,2026-08-22 01:52:33.208402-03
ndro-mvp-v0.1.2-20260823,2026-08-23,PD-R-038,PD,24753662,https://pubmed.ncbi.nlm.nih.gov/24753662/,A simple bedside test to assess the swallowing dysfunction in Parkinson's disease.,Kanna S Vinoth; Bhanu K,"BACKGROUND: Swallowing changes are common in Parkinson's disease (PD). Early identification is essential to avoid complications of aspiration.
OBJECTIVES: To evaluate the swallowing ability of the PD patients and to correlate it with the indicators of disease progression.
MATERIALS AND METHODS: A total of 100 PD patients (70 males and 30 females) aged between 50 years and 70 years with varying stage, duration, and severity were enrolled in a cross-sectional study carried out between January and May 2012. A simple bedside water swallowing test was performed using standard 150 ml of water. Swallowing process was assessed under three categories-swallowing speeds (ml/s), swallowing volume (ml/swallow) and swallowing duration (s/swallow). Equal number of age and sex matched controls were also evaluated.
RESULTS: All of them completed the task of swallowing. A mean swallowing speed (27.48 ml/s), swallowing volume (28.5 ml/s), and swallowing duration (1.05 s/swallow) was established by the control group. The PD patients showed decreased swallowing speed (7.15 ml/s in males and 6.61 ml/s in females), decreased swallowing volume (14.59 ml/swallow and 14 ml/swallow in females), and increased swallowing duration (2.37 s/swallow and 2.42 s/swallow) which are statistically significant. There was a significant positive correlation between the severity, duration, and staging of the disease with the swallowing performance and a poor correlation between the subjective reports of dysphagia and the objective performance on water swallow test.
CONCLUSION: The water swallowing test is a simple bedside test to identify the swallowing changes early in PD. It is recommended to do the test in all PD Patients to detect dysphagia early and to intervene appropriately.",Dysphagia in Parkinson's disease; simple bedside test; swallowing dysfunction,Journal Article,2014,Annals of Indian Academy of Neurology,eligible,eligible,final,complete,primary_focus,include,core,Consenso A+B,pilot-v1.1,no_pubmed_integrity_signal,2026-08-22 01:52:33.208402-03,This article is included in the NDRO core analytical corpus.,Estudo empírico original com abstract utilizável,,2026-08-22 01:52:33.208402-03
ndro-mvp-v0.1.2-20260823,2026-08-23,PD-R-039,PD,24357102,https://pubmed.ncbi.nlm.nih.gov/24357102/,Enhancing case ascertainment of Parkinson's disease using Medicare claims data in a population-based cohort: the Cardiovascular Health Study.,Ton Thanh G N; Biggs Mary Lou; Comer Diane; Curtis Lesley; Hu Shu-Ching; Thacker Evan L; Searles Nielsen Susan; Delaney Joseph A; Landsittel Douglas; Longstreth William T; Checkoway Harvey; Jain Samay,"PURPOSE: We sought to improve a previous algorithm to ascertain Parkinson's disease (PD) in the Cardiovascular Health Study by incorporating additional data from Medicare outpatient claims. We compared our results to the previous algorithm in terms of baseline prevalence and incidence of PD, as well as associations with baseline smoking characteristics.
METHODS: Our original case ascertainment used self-reported diagnosis, antiparkinsonian medication, and hospitalization discharge International Classification of Diseases-Ninth version code. In this study, we incorporated additional data from fee-for-service Medicare claims, extended follow-up time, review of hospitalization records, and adjudicated cause of death. Two movement disorders specialists adjudicated final PD status. We used logistic regression models and controlled for age, sex, African American race, and education.
RESULTS: We identified 75 additional cases but reclassified 80 previously identified cases as not having PD. We observed significant inverse association with smoking status (odds ratio = 0.42; 95% confidence interval (CI) = 0.22, 0.79), and inverse linear trends with pack-years (p = 0.005), and cigarettes per day (p = 0.019) with incident PD. All estimates were stronger than those from the previous algorithm.
CONCLUSIONS: Our enhanced method did not alter prevalence and incidence estimates compared with our previous algorithm. However, our enhanced method provided stronger estimates of association, potentially due to reduced level of disease misclassification.",cardiovascular disease; cardiovascular health study; epidemiology; ICD-9; medical records; Parkinson's disease; pharmacoepidemiology,"Comparative Study; Journal Article; Research Support, N.I.H., Extramural; Research Support, Non-U.S. Gov't",2013,Pharmacoepidemiology and drug safety,eligible,eligible,final,complete,primary_focus,include,core,Consenso A+B,pilot-v1.1,no_pubmed_integrity_signal,2026-08-22 01:52:33.208402-03,This article is included in the NDRO core analytical corpus.,Estudo empírico original com abstract utilizável,,2026-08-22 01:52:33.208402-03
ndro-mvp-v0.1.2-20260823,2026-08-23,PD-R-040,PD,27539167,https://pubmed.ncbi.nlm.nih.gov/27539167/,Psychiatric and Cognitive Effects of Deep Brain Stimulation for Parkinson's Disease.,Nassery Adam; Palmese Christina A; Sarva Harini; Groves Mark; Miravite Joan; Kopell Brian Harris,"Deep brain stimulation (DBS) is effective for Parkinson's disease (PD), dystonia, and essential tremor (ET). While motor benefits are well documented, cognitive and psychiatric side effects from the subthalamic nucleus (STN) and globus pallidus interna (GPi) DBS for PD are increasingly recognized. Underlying disease, medications, microlesions, and post-surgical stimulation likely all contribute to non-motor symptoms (NMS).",Affective disorders; Cognition; Deep brain stimulation; Parkinson’s disease,Journal Article; Review,2016,Current neurology and neuroscience reports,eligible,excluded,final,not_applicable,,exclude,excluded_eligibility,Regra de elegibilidade,pilot-v1.1,no_pubmed_integrity_signal,2026-08-22 01:52:33.208402-03,This article is excluded because it does not meet NDRO eligibility requirements.,Revisão ou meta-análise,,2026-08-22 01:52:33.208402-03
ndro-mvp-v0.1.2-20260823,2026-08-23,PD-R-041,PD,32363728,https://pubmed.ncbi.nlm.nih.gov/32363728/,The Braak hypothesis in prion disease with a focus on Creutzfeldt-Jakob disease.,Iwasaki Yasushi,"This review considers whether the Braak hypothesis on protein propagation could account for prion disease, particularly Creutzfeldt-Jakob disease (CJD). In CJD, we can speculate on the pathological onset region to some degree in reference to the clinical symptoms and magnetic resonance imaging findings. Although relating the Braak hypothesis to prion disease is not straightforward, the following could be proposed based on experimental and previously reported case observations. Pathogenic abnormal prion protein (PrP) deposition in the central nervous system (CNS) probably begins several months or years before clinical symptom onset, signifying the potentiality of a preclinical stage, similar to α-synuclein deposition in Parkinson's disease (PD) and amyloid-β/tau deposition in Alzheimer's disease (AD). Unlike in PD and AD, the initial clinical symptoms of CJD vary by case, and thus the onset lesions must also be various and multiple in the CNS. Based on the pathological findings, particularly of PrP deposition extensively observed in the CNS gray matter of autopsy cases, it could be speculated that in the early disease stage, including the preclinical stage, abnormal PrP spreads from the onset region without directionality or hierarchy. Because each CNS region shows either vulnerability to or resistance against PrP deposition and pathological progression in prion disease, the lesion distribution shows system degeneration. Although pathologically combined cases of type 1 and type 2 PrP patterns are often recognized, type 1 and type 2 PrP patterns must never shift toward each other during the disease course; in other words, the original type of PrP deposition in each region presumably remains unchanged in each case. According to the several observations and corresponding speculations, there are at least partial similarities between prion disease and protein propagation, as explained by the Braak hypothesis, in terms of pathological lesion progression, but several noted contradictions preclude the hypothesis from comprehensively accounting for prion disease.",Braak hypothesis; Braak prion hypothesis; Creutzfeldt-Jakob disease; prion disease; prion hypothesis,Journal Article; Review,2020,Neuropathology : official journal of the Japanese Society of Neuropathology,eligible,excluded,final,not_applicable,,exclude,excluded_eligibility,Regra de elegibilidade,pilot-v1.1,no_pubmed_integrity_signal,2026-08-22 01:52:33.208402-03,This article is excluded because it does not meet NDRO eligibility requirements.,Revisão ou meta-análise,,2026-08-22 01:52:33.208402-03
ndro-mvp-v0.1.2-20260823,2026-08-23,PD-R-042,PD,30554648,https://pubmed.ncbi.nlm.nih.gov/30554648/,Simultaneous synthesis of l-DOPA and oxidation of d-amino acid by specific coupling of a peroxidase to d-amino acid oxidase.,Chen Yao; Chu Hao; Liu Wei; Feng Wei,"3,4 Dihydroxy phenyl l-alanine (L-DOPA) is the gold standard Parkinson's disease therapy. A heme-dependent peroxidase (HDP) catalyzes the ortho-hydroxylation of l-tyrosine to l-DOPA using H2O2 as the co-substrate. d-amino acid oxidase (DAAO) catalyzes the oxidative deamination of d-amino acids (e.g. d-alanine), and H2O2 is evolved. However, both the enzymes DAAO and HDP can be inactivated by H2O2 during the catalysis. In situ generation and utilization of H2O2 can siginificatly reduce the inactivation by H2O2. HDP exists as a monomer and DAAO is a dimeric enzyme. Herein, the C-terminus of HDP was specifically ligated to the N-terminus of the DAAO subunit with native peptide through the in vivo monomer-subunit splicing. In the splicing product HDP&DAAO, HDP is close to the DAAO subunit at a molecular distance, and the transfer of H2O2 from DAAO to HDP is facilitated. In addition, HDP&DAAO exhibited a higher stability than HDP. Kinetics analysis showed that both the substrates l-tyrosine and d-alanine obey the Michaelis-Menten kinetics. For the deamination of d-alanine, the catalytic efficiency of HDP&DAAO is 3.05 times that of DAAO. For the sybthesis of l-DOPA from l-tyrosine, the catalytic efficiency of HDP&DAAO is 1.58 times that of HDP. Furthermore, HDP&DAAO was encapsulated within a Znic-based coordination polymer (Zn-CP). The morphorogy of HDP&DAAO/Zn-CP can be regulated by the enzyme concentration, the catalytic efficiency of the conjugates was found to be dependent on the morphorogy. The conjugates HDP&DAAO/Zn-CP exhibited a higher catalytic efficiency than free HDP&DAAO.",d-amino acid oxidase; Encapsulation; Heme-dependent peroxidase; Hydrogen peroxide; Monomer-subunit splicing,Journal Article,2018,Enzyme and microbial technology,eligible,eligible,final,not_applicable,background_mention,exclude,excluded_relevance,Consenso A+B,pilot-v1.1,no_pubmed_integrity_signal,2026-08-22 01:52:33.208402-03,This article is excluded because it does not meet NDRO scientific relevance criteria.,Estudo empírico original confirmado por leitura do abstract,,2026-08-22 01:52:33.208402-03
ndro-mvp-v0.1.2-20260823,2026-08-23,PD-R-043,PD,33921588,https://pubmed.ncbi.nlm.nih.gov/33921588/,EEG-Single-Channel Envelope Synchronisation and Classification for Seizure Detection and Prediction.,Romaine James Brian; Pereira Martín Mario; Salvador Ortiz José Ramón; Manzano Crespo José María,"This paper tackles the complex issue of detecting and classifying epileptic seizures whilst maintaining the total calculations at a minimum. Where many systems depend on the coupling between multiple sources, leading to hundreds of combinations of electrodes, our method calculates the instantaneous phase between non-identical upper and lower envelopes of a single-electroencephalography channel reducing the workload to the total number of electrode points. From over 600 h of simulations, our method shows a sensitivity and specificity of 100% for high false-positive rates and 83% and 75%, respectively, for moderate to low false positive rates, which compares well to both single- and multi-channel-based methods. Furthermore, pre-ictal variations in synchronisation were detected in over 90% of patients implying a possible prediction system.",Alzheimer disease; detection; DSP; envelope; epilepsy; hilbert transform; Parkinsons disease; prediction; synchronisation,Journal Article,2021,Brain sciences,eligible,eligible,final,not_applicable,not_relevant,exclude,excluded_relevance,Consenso A+B,pilot-v1.1,no_pubmed_integrity_signal,2026-08-22 01:52:33.208402-03,This article is excluded because it does not meet NDRO scientific relevance criteria.,Estudo empírico original com abstract utilizável,,2026-08-22 01:52:33.208402-03
ndro-mvp-v0.1.2-20260823,2026-08-23,PD-R-044,PD,34512944,https://pubmed.ncbi.nlm.nih.gov/34512944/,Altered Regional Homogeneity and Functional Connectivity during Microlesion Period after Deep Brain Stimulation in Parkinson's Disease.,Luo Bei; Lu Yue; Qiu Chang; Dong Wenwen; Xue Chen; Liu Dongming; Zhang Li; Liu Weiguo; Zhang Wenbin,"BACKGROUND: Patients with Parkinson's disease (PD) undergoing deep brain electrode implantation experience a temporary improvement in motor symptoms before the electrical stimulation begins. We usually call this the microlesion effect (MLE), but the mechanism behind it is not clear.
PURPOSE: This study aimed to assess the alterations in brain functions at the regional and whole-brain levels, using regional homogeneity (ReHo) and functional connectivity (FC), during the postoperative microlesion period after deep brain stimulation (DBS) in PD patients.
METHOD: Resting-state functional MRI data were collected from 27 PD patients before and after the first day of DBS and 12 healthy controls (HCs) in this study. The ReHo in combination with FC analysis was used to investigate the alterations of regional brain activity in all the subjects.
RESULTS: There were increased ReHo in the basal ganglia-thalamocortical circuit (left supplementary motor area and bilateral paracentral lobule), whereas decreased ReHo in the default mode network (DMN) (left angular gyrus, bilateral precuneus), prefrontal cortex (bilateral middle frontal gyrus), and the cerebello-thalamocortical (CTC) circuit (Cerebellum_crus2/1_L) after DBS. In addition, we also found abnormal FC in the lingual gyrus, cerebellum, and DMN.
CONCLUSION: Microlesion of the thalamus caused by electrode implantation can alter the activity of the basal ganglia-thalamocortical circuit, prefrontal cortex, DMN, and CTC circuit and induce abnormal FC in the lingual gyrus, cerebellum, prefrontal cortex, and DMN among PD patients. The findings of this study contribute to the understanding of the mechanism of MLE.",,Journal Article,2021,Parkinson's disease,eligible,eligible,final,complete,primary_focus,include,core,Consenso A+B,pilot-v1.1,no_pubmed_integrity_signal,2026-08-22 01:52:33.208402-03,This article is included in the NDRO core analytical corpus.,Estudo empírico original com abstract utilizável,,2026-08-22 01:52:33.208402-03
ndro-mvp-v0.1.2-20260823,2026-08-23,PD-R-045,PD,33570949,https://pubmed.ncbi.nlm.nih.gov/33570949/,Neuropeptides: Roles and Activities as Metal Chelators in Neurodegenerative Diseases.,Ben-Shushan Shira; Miller Yifat,"Neurodegenerative diseases, such as Alzheimer's disease (AD) and Parkinson's disease (PD), are characterized by deposits of amyloid proteins. The homeostasis of metal ions is crucial for the normal biological functions in the brain. However, in AD and PD, the imbalance of metal ions leads to formation of amyloid deposits. In the past four decades, there has been extensive effort to design compound agents than can chelate metal ions with the aim of preventing the formation of the amyloid deposits. Unfortunately, the compounds to date that were designed were not successful candidates to be used in clinical trials. Neuropeptides are small molecules that are produced and released by neurons. It has been shown that neuropeptides have neuroprotective effects in the brain and reduce the formation of amyloid deposits. This Review Article is focused on the function of neuropeptides as metal chelators. Experimental and computational studies demonstrated that neuropeptides could bind metal ions, such as Cu2+ and Zn2+. This Review Article provides perspectives and initiates future studies to investigate the role of neuropeptides as metal chelators in neurodegenerative diseases.",,"Journal Article; Research Support, Non-U.S. Gov't; Review",2021,The journal of physical chemistry. B,eligible,excluded,final,not_applicable,,exclude,excluded_eligibility,Regra de elegibilidade,pilot-v1.1,no_pubmed_integrity_signal,2026-08-22 01:52:33.208402-03,This article is excluded because it does not meet NDRO eligibility requirements.,Revisão ou meta-análise,,2026-08-22 01:52:33.208402-03
ndro-mvp-v0.1.2-20260823,2026-08-23,PD-R-046,PD,30572116,https://pubmed.ncbi.nlm.nih.gov/30572116/,Takotsubo cardiomyopathy and Parkinson's disease: An exceptionally uncommon clinical duet.,Lazaros George; Dimitriadis Kyriakos; Xanthopoulou Maria; Latsios George; Antoniou Christos; Lazarou Emilia; Tousoulis Dimitris,,Cardiogenic shock; Parkinson's disease; Takotsubo cardiomyopathy,Case Reports; Letter; Video-Audio Media,2018,Hellenic journal of cardiology : HJC = Hellenike kardiologike epitheorese,excluded,excluded,final,not_applicable,,exclude,excluded_eligibility,Regra de elegibilidade,pilot-v1.1,no_pubmed_integrity_signal,2026-08-22 01:52:33.208402-03,This article is excluded because it does not meet NDRO eligibility requirements.,Abstract ausente,Abstract missing from the public PubMed record.,2026-08-22 01:52:33.208402-03
ndro-mvp-v0.1.2-20260823,2026-08-23,PD-R-047,PD,31995497,https://pubmed.ncbi.nlm.nih.gov/31995497/,Prediction of Freezing of Gait in Patients With Parkinson's Disease by Identifying Impaired Gait Patterns.,Zhang Yuqian; Yan Weiwu; Yao Yifei; Ahmed Jamirah Bint; Tan Yuyan; Gu Dongyun,"Freezing of gait (FoG) prediction, combined with rhythmic laser cues, may help Parkinson's disease (PD) patients overcome FoG episodes. This study aimed to utilize the impaired gait patterns preceding FoG to build a machine-learning-based model for FoG prediction. Acceleration signals were collected using an accelerometer attached to the lower back of 12 PD patients with FoG while they were performing designed FoG-provoking walking tasks. Step-based impaired gait features and conventional FoG detection features were extracted from the signals, based on which two FoG prediction models were built using AdaBoost to validate if the use of the impaired gait features can better predict FoG. For the correct labeling of the gait prior to FoG (pre-FoG), the personalized pre-FoG phase was defined according to the slope of the impaired gait pattern. The impaired gait features were relabeled based on the pre-FoG phase upon which the personalized labeled FoG prediction model was built. This was compared with the model built using unified labeling. Results showed that impaired gait features could better predict FoG than conventional FoG detection features with low time latency, and personalized labeling could further improve the FoG prediction accuracy. Using impaired gait features and personalized labeling, we built a FoG prediction model with 0.93 sec of latency. Compared to using conventional features and unified labeling, our model achieved 5.7% higher accuracy (82.7%) in patient-dependent test and 9.8% higher accuracy (77.9%) in patient-independent test. Therefore, using the impaired gait patterns is a promising approach to accurately predict FoG with low latency.",,"Journal Article; Research Support, Non-U.S. Gov't",2020,IEEE transactions on neural systems and rehabilitation engineering : a publication of the IEEE Engineering in Medicine and Biology Society,eligible,eligible,final,complete,primary_focus,include,core,Consenso A+B,pilot-v1.1,no_pubmed_integrity_signal,2026-08-22 01:52:33.208402-03,This article is included in the NDRO core analytical corpus.,Estudo empírico original com abstract utilizável,,2026-08-22 01:52:33.208402-03
ndro-mvp-v0.1.2-20260823,2026-08-23,PD-R-048,PD,30069080,https://pubmed.ncbi.nlm.nih.gov/30069080/,Impact of Progression of Parkinson's Disease and Various Other Factors on Generalized Anxiety Disorder.,Rana Abdul Qayyum; Ansari Hamza; M Qureshi Abdul Rehman; Rahman Eraad,"OBJECTIVE: While much research has been conducted toward understanding the relationship between prevalence of Parkinson's disease (PD) and generalized anxiety, little has been done considering additional influential factors in the relationship by means of a large ethnically diverse sample. Our study strives to fulfill these deficits in the literature as we set out to determine the impact of progression of PD, age, gender, and Hoehn and Yahr (H and Y) staging of PD on generalized anxiety.
METHODS: A retrospective chart review analysis was performed on PD patients who were regularly examined in a community-based PD and movement disorders center from 2005 to 2010.
RESULTS: This study consisted of 310 patients with PD among whom 12% had generalized anxiety. Neither age nor gender was significant onset predictors at P = 0.05. The impact of progression of H and Y Stages 2-3 and 2-4 increased the odds of generalized anxiety disorder (GAD) prevalence though it was statistically insignificant at P = 0.05.
CONCLUSIONS: Clinicians should not expect the risk of developing anxiety to depend on gender nor change as a function of age though it may increase with symptomatic progression of PD as outlined by H and Y. To the best of our knowledge, this is the largest and most ethnically diverse prevalence study with a focus on generalized anxiety and PD.
SIGNIFICANT OUTCOMES AND LIMITATIONS: The symptomatic progression of PD, but not age or gender, may be associated with an increased risk for GAD. This study lacked adjustment for potential confounders such as depression and PD medications.",Anxiety; gender; Parkinson's disease; Parkinson's disease stage,Journal Article,2018,Journal of neurosciences in rural practice,eligible,eligible,final,complete,primary_focus,include,core,Consenso A+B,pilot-v1.1,no_pubmed_integrity_signal,2026-08-22 01:52:33.208402-03,This article is included in the NDRO core analytical corpus.,Estudo empírico original com abstract utilizável,,2026-08-22 01:52:33.208402-03
ndro-mvp-v0.1.2-20260823,2026-08-23,PD-R-049,PD,33740353,https://pubmed.ncbi.nlm.nih.gov/33740353/,Insulin Resistance is Associated with Central Pain in Patients with Fibromyalgia.,Pappolla Miguel A; Manchikanti Laxmaiah; Candido Kenneth D; Grieg Nigel; Seffinger Michael; Ahmed Fauwad; Fang Xiang; Andersen Clark; Trescot Andrea M,"BACKGROUND: Insulin resistance (IR) is a pathological condition in which cells fail to respond normally to insulin. IR has been associated with multiple conditions, including chronic pain. Fibromyalgia (FM) is one of the common generalized chronic painful conditions with an incidence rate affecting 3% to 6% of the population. Substantial interest and investigation into FM continue to generate  many hypotheses.The relationship between IR and FM has not been explored. IR is known to cause abnormalities in the cerebral microvasculature, leading to focal hypoperfusion. IR also has been shown to cause cognitive impairment in FM patients, as in parkinsonism. As demonstrated by advanced imaging methods, similar brain perfusion abnormalities occur in the brain of patients with FM as with IR.
OBJECTIVES: To determine the potential association between FM and IR.
SETTING: Subspecialty pain medicine clinics.
STUDY DESIGN: Observational cross-sectional study.
METHODS: Laboratory data was extracted through a retrospective review of medical records from patients who had met the American College of Rheumatology (ACR) criteria for FM. The Hemoglobin A1c (HbA1c) values from 33 patients with FM were compared with the means of the glycated HbA1c levels of 2 control populations. In addition, established indices of IR [Quantitative Insulin Sensitivity Check Index (QUICKI) and the Homeostatic Model Assessment of Insulin Resistance (HOMA-IR)] were calculated in a subgroup of patients in whom the analytes necessary for these calculations were available. To assess for confounding factors, the associations between HbA1c, QUICKI, HOMA-IR, fasting insulin levels, and glucose, after controlling for age, were explored by multiple analyses of variance with relation to gender and ethnicity.
RESULTS: We found an association between IR and FM that was independent of age, gender, and ethnicity. We found that patients with FM belong to a distinct population that can be segregated from the control groups by their HbA1c levels, a surrogate marker of IR. This was demonstrated by analyzing the data after introducing an age correction into a linear regression model. This strategy showed significant differences between patients with FM and control subjects (P < 0.0001 and P  = 0.0002, for 2 separate control populations, respectively). A subgroup analysis using the QUICKI and HOMA-IR showed that all patients with FM in this subgroup (100%) exhibited laboratory abnormalities pointing to IR.
LIMITATIONS: Small observational cross-sectional study. There are also intrinsic limitations that are attributed to cross-sectional studies.
CONCLUSION: The association demonstrated in this study warrant further investigation, including the pursuit of randomized, double-blind clinical trials to determine the effect of improving insulin sensitivity in FM related pain scores. Such studies could unveil a potential pathogenetic relationship between FM, central pain, and IR. Based on these initial findings, we present the hypothesis that IR may underlie pathological mechanisms leading to central pain. If confirmed, this may lead to a paradigm shift in the management of central pain.",chronic widespread pain; Fibromyalgia; hemoglobin A1c; insulin resistance,Journal Article; Observational Study,2021,Pain physician,eligible,eligible,final,not_applicable,comparative_mention,exclude,excluded_relevance,Adjudicação humana,pilot-v1.1,no_pubmed_integrity_signal,2026-08-22 01:52:33.208402-03,This article is excluded because it does not meet NDRO scientific relevance criteria.,Elegibilidade confirmada durante adjudicação humana,,2026-08-22 01:52:33.208402-03
ndro-mvp-v0.1.2-20260823,2026-08-23,PD-R-050,PD,29307561,https://pubmed.ncbi.nlm.nih.gov/29307561/,Reward processing dysfunction in ventral striatum and orbitofrontal cortex in Parkinson's disease.,du Plessis Stéfan; Bossert Meija; Vink Matthijs; van den Heuvel Leigh; Bardien Soraya; Emsley Robin; Buckle Chanelle; Seedat Soraya; Carr Jonathan,"BACKGROUND: Parkinson's disease is a growing concern as the longevity of the world's population steadily increases. Both ageing and Parkinson's disease have an impact on dopamine neurotransmission. It is therefore important to investigate their relative impact on the fronto-striatal reward system. There has been little investigation of reward processing in terms of anticipation and reward outcome in Parkinson's disease. Abnormal responses during reward processing have previously been demonstrated in whole-brain analysis of Parkinson's patients with mild lateralized disease, but the exact impact in regions specific to reward processing is still unknown.
OBJECTIVE: Here we aim to investigate the impact of Parkinson's disease on the orbitofrontal ventral striatal reward system in patients with moderate to severe clinical symptoms.
METHODS: We utilized a monetary incentive delay (MID) task in 17 Parkinson's patients who were compared to two control groups stratified by age. The MID paradigm reliably activates the ventral striatum during reward anticipation and the orbitofrontal cortex during reward outcome processing.
RESULTS: Relative to the two control groups, Parkinson's disease patients had abnormal task related activity during both reward anticipation in the ventral striatum and reward outcome in the orbitofrontal cortex. There were no effects of ageing.
CONCLUSION: These findings demonstrate abnormalities in anticipatory as well as reward outcome processing while treated primarily with levodopa. The orbitofrontal dysfunction during reward outcome processing may have specificity in Parkinson's disease, as it has been shown to be relatively unaffected by normal ageing.",Orbitofrontal cortex; Parkinson's disease; Reward processing; Ventral striatum,"Journal Article; Research Support, N.I.H., Extramural; Research Support, Non-U.S. Gov't",2017,Parkinsonism & related disorders,eligible,eligible,final,complete,primary_focus,include,core,Consenso A+B,pilot-v1.1,no_pubmed_integrity_signal,2026-08-22 01:52:33.208402-03,This article is included in the NDRO core analytical corpus.,Estudo empírico original com abstract utilizável,,2026-08-22 01:52:33.208402-03
ndro-mvp-v0.1.2-20260823,2026-08-23,PD-R-051,PD,33638704,https://pubmed.ncbi.nlm.nih.gov/33638704/,Neurocognitive profile of patients with X-linked dystonia-parkinsonism.,Jamora Roland Dominic G; Suratos Cezar Thomas R; Bautista Jesi Ellen C; Ramiro Gail Melissa I; Westenberger Ana; Klein Christine; Ledesma Lourdes K,"X-linked dystonia-parkinsonism (XDP) is a debilitating movement disorder endemic to the Panay Island, Philippines. Most studies focus on motor symptoms, hence we reviewed the neurocognitive profile of XDP patients. Neurocognitive testing of XDP patients focused on five domains: general intellectual functioning, episodic memory, language, attention and executive function, and affect. Twenty-nine genetically confirmed patients were included. Twenty-six (89.6%) had impairments in one or more domains, while only three had no impairment in any domain. Attention and executive function was the most commonly affected domain (n = 23, 79.3%). Deficits in general intellect, episodic memory, attention and executive function and affect were seen in our subset of XDP patients. The striatal pathology affecting the frontostriatal circuitry mandating these cognitive processes is mainly implicated in these impairments. The results of our study provided further evidence on the extent of cognitive impairment in XDP using a select battery of neurocognitive tests.",Cognition; Neurocognitive tests; X-linked dystonia-parkinsonism; XDP,Journal Article,2021,"Journal of neural transmission (Vienna, Austria : 1996)",eligible,eligible,final,not_applicable,not_relevant,exclude,excluded_relevance,Consenso A+B,pilot-v1.1,no_pubmed_integrity_signal,2026-08-22 01:52:33.208402-03,This article is excluded because it does not meet NDRO scientific relevance criteria.,Estudo empírico original com abstract utilizável,,2026-08-22 01:52:33.208402-03
ndro-mvp-v0.1.2-20260823,2026-08-23,PD-R-052,PD,33857851,https://pubmed.ncbi.nlm.nih.gov/33857851/,REM sleep behavior disorder predicts Parkinson disease and dementia with Lewy bodies.,Iranzo Alex,,,Journal Article,2021,European neuropsychopharmacology : the journal of the European College of Neuropsychopharmacology,excluded,excluded,final,not_applicable,,exclude,excluded_eligibility,Regra de elegibilidade,pilot-v1.1,no_pubmed_integrity_signal,2026-08-22 01:52:33.208402-03,This article is excluded because it does not meet NDRO eligibility requirements.,Abstract ausente,Abstract missing from the public PubMed record.,2026-08-22 01:52:33.208402-03
ndro-mvp-v0.1.2-20260823,2026-08-23,PD-R-053,PD,33976533,https://pubmed.ncbi.nlm.nih.gov/33976533/,The Application of Zonisamide to Patients Suffering from Dementia with Lewy Bodies: Emerging Clinical Data.,Tousi Babak; Leverenz James B,"Zonisamide is an anti-epileptic medication with multiple mechanisms of action and a favorable safety profile. Zonisamide may interact with Lewy body dementia pathophysiology through a mechanism unrelated to its original indication. Zonisamide has shown efficacy as adjunct therapy for the management of motor symptoms in patients with Parkinson's disease (PD). Given that dementia with Lewy bodies (DLB) and PD are considered subtypes of a Lewy body disease spectrum, zonisamide was investigated for the treatment of parkinsonism in DLB. Phase II and phase III clinical trials were conducted in patients with DLB in Japan. In both studies, participants were randomized to receive 12 weeks of zonisamide 25 or 50 mg/day or placebo. Zonisamide significantly improved the Unified Parkinson's Disease Rating Scale Part III (UPDRS-III) without affecting the Mini-Mental State Examination (MMSE) or Neuropsychiatry Inventory-10 (NPI-10) scores at week 12. In 2018, zonisamide received Japanese regulatory approval for the additional indication of parkinsonism in DLB. This review discusses the emerging clinical data on zonisamide in the field of DLB.",clinical trial; dementia with Lewy bodies; parkinsonism; zonisamide,Journal Article; Review,2021,"Drug design, development and therapy",eligible,excluded,final,not_applicable,,exclude,excluded_eligibility,Regra de elegibilidade,pilot-v1.1,no_pubmed_integrity_signal,2026-08-22 01:52:33.208402-03,This article is excluded because it does not meet NDRO eligibility requirements.,Revisão ou meta-análise,,2026-08-22 01:52:33.208402-03
ndro-mvp-v0.1.2-20260823,2026-08-23,PD-R-054,PD,33004605,https://pubmed.ncbi.nlm.nih.gov/33004605/,Co-occurrence of apathy and impulse control disorders in Parkinson disease.,Scott Bonnie M; Eisinger Robert S; Burns Matthew R; Lopes Janine; Okun Michael S; Gunduz Aysegul; Bowers Dawn,"OBJECTIVE: To empirically test whether apathy and impulse control disorders (ICDs) represent independent, opposite ends of a motivational spectrum.
METHODS: In this single-center, cross-sectional study, we obtained retrospective demographics and clinical data for 887 patients with idiopathic Parkinson disease (PD) seen at a tertiary care center. Mood and motivation disturbances were classified using recommended cutoff scores from self-reported measures of apathy, ICD, anxiety, and depression.
RESULTS: Prevalence rates included 29.0% of patients with PD with depression, 40.7% with anxiety, 41.3% with apathy, 27.6% with ICDs, and 17.0% with both apathy and ICD. The majority (61.6%) of people reporting clinically significant ICDs also reported clinically significant apathy, and more than a third of patients with apathy (41.3%) also reported elevated ICD. Anxiety and depression were highest in patients with both apathy and ≥1 ICDs. Dopamine agonist use was higher in people with only ICD compared to people with only apathy. Mood significantly interacted with demographic variables to predict motivational disturbances.
CONCLUSIONS: Motivational disturbances are common comorbid conditions in patients with PD. In addition, these complex behavioral syndromes interact with mood in clinically important ways that may influence the design of future clinical trials and the development of novel therapies. This study challenges the concept of apathy and ICD in PD as opposite ends of a spectrum.",,"Journal Article; Research Support, N.I.H., Extramural; Research Support, Non-U.S. Gov't",2020,Neurology,eligible,eligible,final,complete,primary_focus,include,core,Consenso A+B,pilot-v1.1,no_pubmed_integrity_signal,2026-08-22 01:52:33.208402-03,This article is included in the NDRO core analytical corpus.,Estudo empírico original com abstract utilizável,,2026-08-22 01:52:33.208402-03
ndro-mvp-v0.1.2-20260823,2026-08-23,PD-R-055,PD,35082741,https://pubmed.ncbi.nlm.nih.gov/35082741/,Holocue: A Wearable Holographic Cueing Application for Alleviating Freezing of Gait in Parkinson's Disease.,Geerse Daphne J; Coolen Bert; van Hilten Jacobus J; Roerdink Melvyn,"External visual cueing is a well-known means to target freezing of gait (FOG) in Parkinson's disease patients. Holocue is a wearable visual cueing application that allows the HoloLens 1 mixed-reality headset to present on-demand patient-tailored action-relevant 2D and 3D holographic visual cues in free-living environments. The aim of this study involving 24 Parkinson's disease patients with dopaminergic ""ON state"" FOG was two-fold. First, to explore unfamiliarity and habituation effects associated with wearing the HoloLens on FOG. Second, to evaluate the potential immediate effect of Holocue on alleviating FOG in the home environment. Three sessions were conducted to examine (1) the effect of wearing the unfamiliar HoloLens on FOG by comparing walking with and without the HoloLens, (2) habituation effects to wearing the HoloLens by comparing FOG while walking with HoloLens over sessions, and (3) the potential immediate effect of Holocue on FOG by comparing walking with HoloLens with and without Holocue. Wearing the HoloLens (without Holocue) did significantly increase the number and duration of FOG episodes, but this unfamiliarity effect disappeared with habituation over sessions. This not only emphasizes the need for sufficient habituation to unfamiliar devices, but also testifies to the need for research designs with appropriate control conditions when examining effects of unfamiliar wearable cueing devices. Holocue had overall no immediate effect on FOG, although objective and subjective benefits were observed for some individuals, most notably those with long and/or many FOG episodes. Our participants raised valuable opportunities to improve Holocue and confirmed our assumptions about current and anticipated future design choices, which supports ongoing Holocue development for and with end users.",freezing of gait; habituation; holographic visual cues; HoloLens; immediate effect; Parkinson's disease; unfamiliarity effect,Journal Article,2022,Frontiers in neurology,eligible,eligible,final,complete,primary_focus,include,core,Consenso A+B,pilot-v1.1,no_pubmed_integrity_signal,2026-08-22 01:52:33.208402-03,This article is included in the NDRO core analytical corpus.,Estudo empírico original com abstract utilizável,,2026-08-22 01:52:33.208402-03
ndro-mvp-v0.1.2-20260823,2026-08-23,PD-R-056,PD,31946640,https://pubmed.ncbi.nlm.nih.gov/31946640/,A 3D Deep Residual Convolutional Neural Network for Differential Diagnosis of Parkinsonian Syndromes on 18F-FDG PET Images.,Zhao Yu; Cumming Paul; Rominger Axel; Zuo Chuantao; Shi Kuangyu; Wu Ping; Wang Jian; Li Hongwei; Navab Nassir; Yakushev Igor; Weber Wolfgang; Schwaiger Markus; Huang Sung-Cheng,"Idiopathic Parkinsons disease and atypical parkinsonian syndromes have similar symptoms at early disease stages, which makes the early differential diagnosis difficult. Positron emission tomography with 18F-FDG shows the ability to assess early neuronal dysfunction of neurodegenerative diseases and is well established for clinical use. In the past decades, machine learning methods have been widely used for the differential diagnosis of parkinsonism based on metabolic patterns. Unlike these conventional machine learning methods relying on hand-crafted features, the deep convolutional neural networks, which have achieved significant success in medical applications recently, have the advantage of learning salient feature representations automatically and effectively. This advantage may offer more appropriate invisible features extracted from data for the enhancement of the diagnosis accuracy. Therefore, this paper develops a 3D deep convolutional neural network on 18F-FDG PET images for the automated early diagnosis. Furthermore, we depicted in saliency maps the decision mechanism of the deep learning method to assist the physiological interpretation of deep learning performance. The proposed method was evaluated on a dataset with 920 patients. In addition to improving the accuracy in the differential diagnosis of parkinsonism compared to state-of-the-art approaches, the deep learning methods also discovered saliency features in a number of critical regions (e.g., midbrain), which are widely accepted as characteristic pathological regions for movement disorders but were ignored in the conventional analysis of FDG PET images.",,Journal Article,2019,Annual International Conference of the IEEE Engineering in Medicine and Biology Society. IEEE Engineering in Medicine and Biology Society. Annual International Conference,eligible,eligible,final,complete,primary_focus,include,core,Adjudicação humana,pilot-v1.1,no_pubmed_integrity_signal,2026-08-22 01:52:33.208402-03,This article is included in the NDRO core analytical corpus.,Elegibilidade confirmada durante adjudicação humana,,2026-08-22 01:52:33.208402-03
ndro-mvp-v0.1.2-20260823,2026-08-23,PD-R-057,PD,31624651,https://pubmed.ncbi.nlm.nih.gov/31624651/,Distribution of Aquaporins 1 and 4 in the Central Nervous System.,Rosu G C; Pirici I; Grigorie A A; Istrate-Ofiteru A M; Iovan L; Tudorica V; Pirici D,"The aquaporins (AQP), a protein family, were first discovered in the early 1990s. The primary role of aquaporins is to facilitate water transport across multiple cell types. In the spinal cord and brain responsible for most of the water diffusion are AQP4 and AQP1. In this paper, we describe the structure, localization and role of this water channel family, especially AQP4 and AQP1. AQP4 is involved in various pathologies such as: stroke, brain tumors, Neuromyelitis optica (NMO), Alzheimer's Disease (AD), traumatic brain injury, Parkinson's Disease, hydrocephalus, schizophrenia, epilepsy, major depressive disorder, autism. Brain edema is the most important acute complication of the hypoxic-ischemic and it has no pathogenic treatment. Imaging and histopathology studies have shown that inhibition of AQP4 reduces brain edema.",Aquaporin; brain edema; ischemic stroke,Case Reports; Journal Article,2019,Current health sciences journal,eligible,excluded,final,not_applicable,,exclude,excluded_eligibility,Regra de elegibilidade,pilot-v1.1,no_pubmed_integrity_signal,2026-08-22 01:52:33.208402-03,This article is excluded because it does not meet NDRO eligibility requirements.,Relato ou série de casos,,2026-08-22 01:52:33.208402-03
ndro-mvp-v0.1.2-20260823,2026-08-23,PD-R-058,PD,28810286,https://pubmed.ncbi.nlm.nih.gov/28810286/,[Driving ability in Parkinson's disease].,Buhmann Carsten; Vesper Jan; Oelsner Henriette,,,Journal Article; Review,2017,Fortschritte der Neurologie-Psychiatrie,excluded,excluded,final,not_applicable,,exclude,excluded_eligibility,Regra de elegibilidade,pilot-v1.1,no_pubmed_integrity_signal,2026-08-22 01:52:33.208402-03,This article is excluded because it does not meet NDRO eligibility requirements.,Revisão ou meta-análise,English abstract not confirmed from public PubMed fields.,2026-08-22 01:52:33.208402-03
ndro-mvp-v0.1.2-20260823,2026-08-23,PD-R-059,PD,32072427,https://pubmed.ncbi.nlm.nih.gov/32072427/,The impact of proteostasis dysfunction secondary to environmental and genetic causes on neurodegenerative diseases progression and potential therapeutic intervention.,Elmatboly Abdelmagid M; Sherif Ahmed M; Deeb Dalia A; Benmelouka Amira; Bin-Jumah May N; Aleya Lotfi; Abdel-Daim Mohamed M,"Aggregation of particular proteins in the form of inclusion bodies or plaques followed by neuronal death is a hallmark of neurodegenerative proteopathies such as primary Parkinsonism, Alzheimer's disease, Lou Gehrig's disease, and Huntington's chorea. Complex polygenic and environmental factors implicated in these proteopathies. Accumulation of proteins in these disorders indicates a substantial disruption in protein homeostasis (proteostasis). Proteostasis or cellular proteome homeostasis is attained by the synchronization of a group of cellular mechanisms called the proteostasis network (PN), which is responsible for the stability of the proteome and achieves the equilibrium between synthesis, folding, and degradation of proteins. In this review, we will discuss the different types of PN and the impact of PN component dysfunction on the four major neurodegenerative diseases mentioned earlier. Graphical abstract.",Autophagy; Heat-shock proteins; Neurodegeneration; Proteostasis; Proteotoxicity; Ubiquitin-proteasome system,Journal Article; Review,2020,Environmental science and pollution research international,eligible,excluded,final,not_applicable,,exclude,excluded_eligibility,Regra de elegibilidade,pilot-v1.1,no_pubmed_integrity_signal,2026-08-22 01:52:33.208402-03,This article is excluded because it does not meet NDRO eligibility requirements.,Revisão ou meta-análise,,2026-08-22 01:52:33.208402-03
ndro-mvp-v0.1.2-20260823,2026-08-23,PD-R-060,PD,33223690,https://pubmed.ncbi.nlm.nih.gov/33223690/,Neuropsychiatric Symptoms and Caregiver Burden in Parkinson's Disease: Mitigating the Lack of Awareness!,Nene Devavrat; Yadav Ravi,,,Journal Article,2020,Annals of Indian Academy of Neurology,excluded,excluded,final,not_applicable,,exclude,excluded_eligibility,Regra de elegibilidade,pilot-v1.1,no_pubmed_integrity_signal,2026-08-22 01:52:33.208402-03,This article is excluded because it does not meet NDRO eligibility requirements.,Abstract ausente,Abstract missing from the public PubMed record.,2026-08-22 01:52:33.208402-03
ndro-mvp-v0.1.2-20260823,2026-08-23,PD-R-061,PD,37532621,https://pubmed.ncbi.nlm.nih.gov/37532621/,A review of movement disorders in persons living with HIV.,Amod Ferzana; Holla Vikram V; Ojha Rajeev; Pandey Sanjay; Yadav Ravi; Pal Pramod Kumar,"BACKGROUND: The human immunodeficiency virus (HIV) causes movement disorders in persons living with HIV (PLH).
OBJECTIVES AND METHODS: We conducted a systematic review on the spectrum of movement disorders in PLH using standard terms for each of the phenomenologies and HIV.
RESULTS: Movement disorders in PLH were commonly attributed to opportunistic infections (OI), dopamine receptor blockade reactions, HIV-associated dementia (HAD), presented during seroconversion, developed due to drug reactions or antiretroviral therapy (ART) itself and lastly, movement disorders occurred as a consequence of the HIV-virus. Parkinsonism in ART naïve PLH was associated with shorter survival, however when Parkinsonism presented in PLH on ART, the syndrome was indistinguishable from Idiopathic Parkinson's disease and responded to therapy. Tremor was often postural due to HAD, drugs or OI. Generalized chorea was most frequent in HIV encephalopathy and toxoplasmosis gondii caused most cases of hemichorea. Ataxia was strongly associated with JCV infection, ART efavirenz toxicity or due to HIV itself. Dystonia was reported in HAD, secondary to drugs and atypical facial dystonias. Both cortical/subcortical and segmental/spinal origin myoclonus were noted mainly associated with HAD. In patients with HIV related opsoclonus-myoclonus-ataxia-syndrome, seroconversion illness was the commonest cause of followed by IRIS and CSF HIV viral escape phenomenon.
CONCLUSIONS: Aetiology of movement disorders in PLH depend on the treatment state. Untreated, PLH are prone to develop OI and HAD and movement disorders. However, as the number of PLH on ART increase and survive longer, the frequency of ART and non-AIDS related complications are likely to increase.",AIDS; Antiretroviral therapy; HIV; Movement disorders,Journal Article; Systematic Review,2023,Parkinsonism & related disorders,eligible,excluded,final,not_applicable,,exclude,excluded_eligibility,Regra de elegibilidade,pilot-v1.1,no_pubmed_integrity_signal,2026-08-22 01:52:33.208402-03,This article is excluded because it does not meet NDRO eligibility requirements.,Revisão ou meta-análise,,2026-08-22 01:52:33.208402-03
ndro-mvp-v0.1.2-20260823,2026-08-23,PD-R-062,PD,38815233,https://pubmed.ncbi.nlm.nih.gov/38815233/,Differential Vulnerability of Hippocampal Subfields to Amyloid and Tau Deposition in the Lewy Body Diseases.,Ye Rong; Goodheart Anna E; Locascio Joseph J; Peterec Erin; Properzi Michael; Thibault Emma G; Chuba Erin; Johnson Keith A; Brickhouse Michael J; Touroutoglou Alexandra; Growdon John H; Dickerson Bradford C; Gomperts Stephen N,"BACKGROUND AND OBJECTIVES: Alzheimer disease (AD) copathologies of β-amyloid and tau are common in the Lewy body diseases (LBD), dementia with Lewy bodies (DLB) and Parkinson disease (PD), and target distinct hippocampal subfields compared with Lewy pathology, including subiculum and CA1. We investigated the hypothesis that AD copathologies impact the pattern of hippocampal subregion volume loss and cognitive function in LBD.
METHODS: This was a cross-sectional and longitudinal, single-center, observational cohort study. Participants underwent neuropsychological testing and 3T-MRI with hippocampal segmentation using FreeSurferV7. PiB-PET and flortaucipir-PET imaging of comorbid β-amyloid (A) and tau (T) were acquired. The association of functional cognition, β-amyloid, and tau loads with hippocampal subregion volume was assessed. The contribution of subregion volumes to the relationship of AD-related deposits on functional cognition was examined with mediation analysis. The effects of AD-related deposits on the rate of subregion atrophy were evaluated with mixed-effects models.
RESULTS: Of 103 participants (mean age: 70.3 years; 37.3% female), 52 had LBD with impaired cognition (LBD-I), 26 had normal cognition (LBD-N), and 25 were A- healthy controls (HCs). Volumes of hippocampal subregions prone to AD copathologies, including subiculum (F = 6.9, p = 0.002), presubiculum (F = 7.3, p = 0.001), and parasubiculum (F = 5.9, p = 0.004), were reduced in LBD-I compared with LBD-N and HC. Volume was preserved in CA2/3, Lewy pathology susceptible subregions. In LBD-I, reduced CA1, subiculum, and presubiculum volumes were associated with greater functional cognitive impairment (all p < 0.05). Compared with HC, subiculum volume was reduced in A+T+ but not A-T- participants (F = 2.62, p = 0.043). Reduced subiculum volume mediated the effect of amyloid on functional cognition (0.12, 95% CI: 0.005 to 0.26, p = 0.040). In 26 longitudinally-evaluated participants, baseline tau deposition was associated with faster CA1 (p = 0.021) and subiculum (p = 0.002) atrophy.
DISCUSSION: In LBD, volume loss in hippocampal output subregions-particularly the subiculum-is associated with functional cognition and AD-related deposits. Tau deposition appears to accelerate subiculum and CA1 atrophy, whereas Aβ does not. Subiculum volume may have value as a biomarker of AD copathology-mediated neurodegeneration and disease progression.",,"Journal Article; Observational Study; Research Support, N.I.H., Extramural",2024,Neurology,eligible,eligible,final,complete,co_primary_focus,include,core,Consenso A+B,pilot-v1.1,no_pubmed_integrity_signal,2026-08-22 01:52:33.208402-03,This article is included in the NDRO core analytical corpus.,Estudo empírico original com abstract utilizável,,2026-08-22 01:52:33.208402-03
ndro-mvp-v0.1.2-20260823,2026-08-23,PD-R-063,PD,37983933,https://pubmed.ncbi.nlm.nih.gov/37983933/,"Comparison of the effectiveness, safety, and costs of anti-Parkinson drugs: A multiple-center retrospective study.",Li Wenting; Zhang Hua; Zhang Yuan; Wang Ke; Hui Jiaojiao; Yi Zhanmiao,"AIMS: This study aimed to systematically compare the effectiveness, safety, and costs of different anti-Parkinson drugs (APDs).
METHODS: This is a multi-center study that retrospectively analyzed the data of 8420 outpatients with PD from 2014 to 2019 across 30 tertiary hospitals in China. The effectiveness was evaluated by changes in total dosages of APDs, normalized by levodopa equivalent dose (LED) and presented as ΔLEDs; levodopa equivalent dose cost (LEDc) represented the daily cost of APDs; and newly added diagnostics were represented as APDs-related adverse events.
RESULTS: A total of 384 patients with eligible medical records for three consecutive years were enrolled. Patients treated with carbidopa/levodopa or levodopa/benserazide had significantly lower mean ΔLEDs than other groups (p < 0.01), followed by pramipexole and selegiline. The piribedil group had the highest ΔLEDs, with mean differences of 112.56-355.04 mg compared to other groups (p < 0.01). Meanwhile, LEDc in the levodopa/benserazide, carbidopa/levodopa, and piribedil groups were significantly lower than those in pramipexole or selegiline groups ($0.088-0.135/day for levodopa/benserazide; $0.070-0.126/day for carbidopa/levodopa; $0.112-0.138/day for piribedil; $0.290-0.332/day for pramipexole; $0.229-0.544/day for selegiline; p < 0.01). Patients with piribedil had more adverse events, with an incidence rate of 35.7%, followed by levodopa/benserazide (25.6%), selegiline (23.5%), carbidopa/levodopa (23.3%), and pramipexole (16.4%). Pramipexole showed a lower incidence rate of adverse events than piribedil, including neuropsychiatric symptoms (p = 0.006), headache/dizziness (p = 0.016), and gastrointestinal symptoms (p = 0.031).
CONCLUSIONS: Carbidopa/levodopa or levodopa/benserazide might exhibit better clinical improvement with less medical cost, while piribedil presented less clinical improvement but a higher risk of headache/dizziness, gastrointestinal, and neuropsychiatric symptoms.",anti‐Parkinson drugs; economics; efficacy; levodopa equivalent dose; safety,"Journal Article; Multicenter Study; Research Support, Non-U.S. Gov't",2023,CNS neuroscience & therapeutics,eligible,eligible,final,complete,primary_focus,include,core,Consenso A+B,pilot-v1.1,no_pubmed_integrity_signal,2026-08-22 01:52:33.208402-03,This article is included in the NDRO core analytical corpus.,Estudo empírico original com abstract utilizável,,2026-08-22 01:52:33.208402-03
ndro-mvp-v0.1.2-20260823,2026-08-23,PD-R-064,PD,40280955,https://pubmed.ncbi.nlm.nih.gov/40280955/,Identifying brain degeneration patterns in early-stage Parkinson's disease: a multimodal MRI study.,Zhu Zihao; Wen Jiaqi; Duanmu Xiaojie; Yuan Weijin; Zheng Qianshi; Guo Tao; Wu Chenqing; Wu Haoting; Zhou Cheng; Zeng Qingze; Qin Jianmei; Wu Jingjing; Chen Jingwen; Fang Yuelin; Zhu Bingting; Yan Yaping; Tian Jun; Zhang Baorong; Zhang Minming; Guan Xiaojun; Xu Xiaojun,"Parkinson's disease (PD) is a highly heterogeneous neurodegenerative disorder. This study aimed to identify different patterns of early brain degeneration in PD patients and investigate their clinical relevance. 179 early-stage PD patients and 115 healthy controls were included. We assessed cortical morphology, white matter microstructure, and subcortical iron metabolism using multimodal magnetic resonance imaging and employed clustering techniques to identify subtypes. Two subtypes were identified: the early-deterioration subtype, characterized by fronto-temporal atrophy, parietal thickening, widespread reductions in fractional anisotropy (FA) values, and increased subcortical iron content, which exhibited more severe baseline symptoms and a trend of faster memory decline; and the early-compensatory subtype, characterized by rostral middle frontal atrophy, parietal-occipital thickening, increased FA values, and normal iron content, which exhibited milder symptoms initially but experienced faster progression of both motor and non-motor symptoms. These discoveries provided new insights into disease heterogeneity and facilitated the exploration of early neurodegenerative mechanisms.",,Journal Article,2025,NPJ Parkinson's disease,eligible,eligible,final,complete,primary_focus,include,core,Consenso A+B,pilot-v1.1,no_pubmed_integrity_signal,2026-08-22 01:52:33.208402-03,This article is included in the NDRO core analytical corpus.,Estudo empírico original com abstract utilizável,,2026-08-22 01:52:33.208402-03
ndro-mvp-v0.1.2-20260823,2026-08-23,PD-R-065,PD,39226711,https://pubmed.ncbi.nlm.nih.gov/39226711/,Letter to the Editor: Increasing incidence of Parkinson's disease in patients with epilepsy: A Nationwide Cohort Study.,Zaidi Syeda Fatima A; Amin Shafin Bin; Shahid Maham,"We have read with a great deal of interest the article by Hwang et al. (1) and appreciate the authors'' commendable efforts. The article was intelligently written and provides a significant insight into the study carried out by the authors. We greatly acknowledge the brief concepts the authors have shared regarding Parkinson's disease and epilepsy, which are without doubt an asset to the field of neurology. The study has laid a good foundation for future related studies. The article mentions epilepsy as an uncommon comorbidity of Parkinson's disease and the transition of a non-epilepsy brain to an epilepsy brain. It is also mentioned that PD is a progressive neurodegenerative disorder of dopaminergic neurons in the substantia nigra, and the incidence of the two diseases. However, as we assess the article in depth, we have found some shortcomings that would have enhanced the sense and purpose of the study.",,Letter,2024,Journal of the neurological sciences,eligible,excluded,final,not_applicable,,exclude,excluded_eligibility,Regra de elegibilidade,pilot-v1.1,no_pubmed_integrity_signal,2026-08-22 01:52:33.208402-03,This article is excluded because it does not meet NDRO eligibility requirements.,"Editorial, comentário ou carta",,2026-08-22 01:52:33.208402-03
ndro-mvp-v0.1.2-20260823,2026-08-23,PD-R-066,PD,36149525,https://pubmed.ncbi.nlm.nih.gov/36149525/,Noradrenergic Pathway to the Cerebellum: the Study Must Go On.,Hirano Shigeki; Sugiyama Atsuhiko; Arai Kimihito,"In 1967, Andén, Fuxe, and Ungerstedt demonstrated the presence of monoamine-containing fibers in the rat cerebellum. Over the past 50 years, this finding has provided clinical relevance of the noradrenergic system to the cerebellum. Cerebellar dysfunction and noradrenergic system may relate to tremor in Parkinson disease and essential tremor, motor learning, and the vestibulo-ocular reflex in spinocerebellar ataxias. Cognition and emotion may also be linked to the cerebellar noradrenergic system, in relation to the symptoms of Alzheimer disease, dementia with Lewy bodies, and attention-deficit/hyperactivity disorder. Despite recent technological advances in neuroimaging for evaluating the noradrenergic system, we need more evidence to understand the precise pathophysiological relationship between the cerebellum and the noradrenergic system and its clinical implications.",Cerebellum; Locus coeruleus; Noradrenaline,Journal Article,2022,"Cerebellum (London, England)",eligible,excluded,final,not_applicable,,exclude,excluded_eligibility,Regra de elegibilidade,pilot-v1.1,no_pubmed_integrity_signal,2026-08-22 01:52:33.208402-03,This article is excluded because it does not meet NDRO eligibility requirements.,Texto narrativo sem dados empíricos originais,,2026-08-22 01:52:33.208402-03
ndro-mvp-v0.1.2-20260823,2026-08-23,PD-R-067,PD,41177132,https://pubmed.ncbi.nlm.nih.gov/41177132/,Postural instability in Parkinson's disease assessed by instrumented pull-test: Clinical-pharmacological implications.,Mostile Giovanni; Contrafatto Federico; Cultraro Marco; Caruso Dario; Manenti Mattia; Andò Bruno; Zappia Mario,"INTRODUCTION: Postural Instability (PI) in Parkinson's Disease (PD) and its responsiveness to Levodopa (LD) have been poorly investigated quantitatively. Primary outcomes of the study were to quantify postural instability in a cohort of LD-treated PD patients in order to reliably discriminate stable from unstable PD subjects and to detect acute response to LD on PI.
METHODS: We enrolled N = 28 patients diagnosed with ""clinically definite"" PD. Two groups were identified according to the score of the ""postural instability"" MDS-UPDRS item: 15 PD with Postural Stability (PD-PS) and 13 PD with PI. Each patient performed an ""instrumented pull-test"" five times both in OFF and in ON state, wearing a passive marker on the sternum. Marker positions were recorded by an optokinetic system. ""Total Time"" (TT) was estimated for all patients, indicating time from the onset of postural change until recovery. Healthy Controls (HC) data were used as reference.
RESULTS: TT values were significantly different when comparing HC to PD and PD-PS to PD-PI. Significant differences were also found when comparing TT values among ""stable"" vs ""unstable"" trials, as well as when comparing TT values before and after LD administration. TT threshold equal to 3.64s discriminated between stable and unstable trials with an accuracy of 83.2 %.
CONCLUSIONS: TT may represent a reliable biomarker of PI in PD, resulting modified by LD. Study results highlight dopaminergic mechanisms underlying PI in PD.",Levodopa; Optoelectronic system; Parkinson's disease; Postural instability; Pull-test,Journal Article,2025,Parkinsonism & related disorders,eligible,eligible,final,complete,primary_focus,include,core,Consenso A+B,pilot-v1.1,no_pubmed_integrity_signal,2026-08-22 01:52:33.208402-03,This article is included in the NDRO core analytical corpus.,Estudo empírico original com abstract utilizável,,2026-08-22 01:52:33.208402-03
ndro-mvp-v0.1.2-20260823,2026-08-23,PD-R-068,PD,37839283,https://pubmed.ncbi.nlm.nih.gov/37839283/,Non-steroidal anti-inflammatory drug use and markers of Parkinson's disease progression: A retrospective cohort study.,Kuhlman Greg; Auinger Peggy; Duff-Canning Sarah; Lang Anthony; Tanner Caroline; Marras Connie,"BACKGROUND: Previous studies demonstrated reduced incidence of Parkinson's disease (PD) with regular non-steroidal anti-inflammatory drug (NSAID) exposure, particularly ibuprofen. No studies have investigated the impact of NSAID exposure on markers of disease progression for established PD.
METHODS: This is a retrospective observational study using two cohorts. The Deprenyl and Tocopheral Anti-Oxidative Therapy of Parkinsonism (DATATOP) study enrolled 800 drug naïve people with PD with a median follow-up duration of 6.5 years. The DATATOP primary outcome measures were mortality at last study visit. The Parkinson's Progression Markers Initiative (PPMI) cohort was limited to drug naïve PD participants (423 at time of analysis). The PPMI primary outcome measure was annual rate of change in ipsilateral putamen 123I-ioflupane binding ratio at four years study duration. Regular NSAID exposure was defined as any scheduled NSAID use (as needed use was excluded). Analysis was performed separately for recent exposure and cumulative exposure time (CET).
RESULTS: Total CET median and interquartile range (years) for ibuprofen, non-aspirin NSAID, and aspirin were respectively 0.9 (0.3-2.9), 1.1 (0.3-2.6), and 1.5 (0.4-2.8) for DATATOP and 0.4 (0.01-2.2), 1.4 (0.3-4.4), and 5.5 (2.6-7.1) for PPMI. Exposure was usually discontinuous. Exposure to ibuprofen was low in both cohorts. There was no significant association between NSAID recent exposure or CET and primary outcome measures in either cohort.
CONCLUSIONS: NSAID exposure in established PD does not appear to provide protective effect although exposure may not have occurred continuously enough in these two cohorts to provide benefit. Statistical power for ibuprofen exposure analyses was limited.",Datscan; Dopamine transporter scan; Ioflupane binding; Non-steroidal anti-inflammatory drugs; NSAID; Parkinson's disease; PD; Progression,"Journal Article; Observational Study; Research Support, Non-U.S. Gov't",2023,Journal of the neurological sciences,eligible,eligible,final,complete,primary_focus,include,core,Consenso A+B,pilot-v1.1,no_pubmed_integrity_signal,2026-08-22 01:52:33.208402-03,This article is included in the NDRO core analytical corpus.,Estudo empírico original com abstract utilizável,,2026-08-22 01:52:33.208402-03
ndro-mvp-v0.1.2-20260823,2026-08-23,PD-R-069,PD,39229982,https://pubmed.ncbi.nlm.nih.gov/39229982/,Plumbagin's Healing Effect on Motor Impairment in Rotenone-toxified Rodents.,Verma Aanchal; Goyal Ahsas,"BACKGROUND: Parkinson's disease is an illness marked by a gradual mitigation of dopamine neurons within the substantia nigra, which eventually leads to a deficiency of dopamine that further gives rise to mobility as well as cognitive impairments. Through long-established traditions, a wide array of Traditional Chinese Medicines (TCM) have undergone testing and are employed to avoid neurodegenerative disorders. Plumbagin is the primary active component of a medication called Baihua Dan or Plumbago zeylanica L., which is clinically used in China.
OBJECTIVES: This study investigated plumbagin-induced alterations in a Parkinson's disease rat model instigated by subcutaneous rotenone injection.
METHODS: Male rats were administered subcutaneous injections of rotenone at a dosage of 1.5 mg/kg, followed by the treatment with varying doses of plumbagin (10, 20, and 40 mg/kg) through the oral route. The rats underwent various motor ability tests, including the actophotometer, rotarod, open field, beam walk, gait evaluation, ability to grip, and catalepsy bar tests. Furthermore, the brain dopamine level was then estimated for the extracted tissues. Also, through molecular docking, the binding effectiveness of plumbagin was assessed for human MAO-B. After that, plumbagin was put through 100 ns of molecular dynamic simulations to examine the stability of its conformational binding to the target protein. Furthermore, ADMET tests were used to verify Plumbagin's druggability.
RESULTS: Plumbagin was found to alleviate rotenone-induced motor abnormalities and restore brain dopamine levels. Furthermore, plumbagin showed excellent interactions with MAO-B (monoamine oxidase-B) when compared with selegiline (a standard drug for Parkinson's disease).
CONCLUSION: These findings underscore the potential therapeutic efficacy of plumbagin in mitigating behavioural deficits in rotenone-induced rodents. Considering this, plumbagin might be a feasible pharmacological strategy for the control of rotenone-triggered behavioural impairment in rats (in vivo), and it might display interesting interactions with MAO-B (in silico).",dopamine; MAO-B; neuroprotective; Parkinson's disease; plumbagin; rotenone-toxified rodents.,Journal Article,2025,Current neurovascular research,eligible,eligible,final,complete,primary_focus,include,core,Consenso A+B,pilot-v1.1,no_pubmed_integrity_signal,2026-08-22 01:52:33.208402-03,This article is included in the NDRO core analytical corpus.,Estudo empírico original com abstract utilizável,,2026-08-22 01:52:33.208402-03
ndro-mvp-v0.1.2-20260823,2026-08-23,PD-R-070,PD,35163709,https://pubmed.ncbi.nlm.nih.gov/35163709/,Amniotic LPS-Induced Apoptosis in the Fetal Brain Is Suppressed by Vaginal LPS Preconditioning but Is Promoted by Continuous Ischemic Reperfusion.,Dong Yupeng; Kimura Yoshitaka; Yaegashi Nobuo,"Chorioamnionitis (CAM) is an increasingly common disease affecting pregnant women which derives from bacterial vaginosis. In different clinical cases, it has been shown that CAM can cause multiple risk factors for fetal brain damage, such as infection, and intra-uterine asphyxia. However, the molecular mechanism remains unknown. In this study, we established a novel CAM mouse model by exposing pregnant mice to a combination of three risk factors: vaginal lipopolysaccharides (LPS), amniotic LPS, and ischemic reperfusion. We found amniotic LPS caused Parkinson's disease-like fetal brain damage, in a dose and time-dependent manner. Moreover, the mechanism of this fetal brain damage is apoptosis induced by amniotic LPS but it was inhibited by being pretreated with a vaginal LPS challenge before amniotic LPS injection. In contrast, amniotic LPS with continuous ischemic reperfusion caused a higher level of apoptotic cell death than amniotic LPS alone. In particular, a potential neuroprotective biomarker phosphorylation (p)-CREB (ser133) appeared in only vaginal LPS preconditioned before amniotic LPS, whereas ischemic reperfusion triggered IKK phosphorylation after amniotic LPS. Despite the need for many future investigations, this study also discussed a developed understanding of the molecular mechanism of how these phenotypes occurred.",bacterial vaginosis; chorioamnionitis; fetal brain damage; mouse model; vaginal lipopolysaccharide,Journal Article,2022,International journal of molecular sciences,eligible,eligible,final,not_applicable,background_mention,exclude,excluded_relevance,Adjudicação humana,pilot-v1.1,no_pubmed_integrity_signal,2026-08-22 01:52:33.208402-03,This article is excluded because it does not meet NDRO scientific relevance criteria.,Elegibilidade confirmada durante adjudicação humana,,2026-08-22 01:52:33.208402-03
ndro-mvp-v0.1.2-20260823,2026-08-23,PD-R-071,PD,35628808,https://pubmed.ncbi.nlm.nih.gov/35628808/,Additional Benefit of Intraoperative Electroacupuncture in Improving Tolerance of Deep Brain Stimulation Surgical Procedure in Parkinsonian Patients.,Raoul Sylvie; Brissot Régine; Lefaucheur Jean-Pascal; Nguyen Jean-Michel; Rouaud Tiphaine; Meas Yunsan; Huchet Alain; Razafimahefa Ndrianaina; Damier Philippe; Nizard Julien; Nguyen Jean-Paul,"BACKGROUND: Deep brain stimulation (DBS) is an effective technique to treat patients with advanced Parkinson's disease. The surgical procedure of DBS implantation is generally performed under local anesthesia due to the need for intraoperative clinical testing. However, this procedure is long (5-7 h on average) and, therefore, the objective that the patient remains co-operative and tolerates the intervention well is a real challenge.
OBJECTIVE: To evaluate the additional benefit of electroacupuncture (EA) performed intraoperatively to improve the comfort of parkinsonian patients during surgical DBS implantation.
METHODS: This single-center randomized study compared two groups of patients. In the first group, DBS implantation was performed under local anesthesia alone, while the second group received EA in addition. The patients were evaluated preoperatively, during the different stages of the surgery, and 2 days after surgery, using the 9-item Edmonton Symptom Assessment System (ESAS), including a total sum score and physical and emotional subscores.
RESULTS: The data of nine patients were analyzed in each group. Although pain and tiredness increased in both groups after placement of the stereotactic frame, the ESAS item ""lack of appetite"", as well as the ESAS total score and physical subscore increased after completion of the first burr hole until the end of the surgical procedure in the control group only. ESAS total score and physical subscore were significantly higher at the end of the intervention in the control group compared to the EA group. After the surgical intervention (D2), anxiety and ESAS emotional subscore were improved in both groups, but the feeling of wellbeing improved in the EA group only. Finally, one patient developed delirium during the intervention and none in the EA group.
DISCUSSION: This study shows that intraoperative electroacupuncture significantly improves the tolerance of DBS surgery in parkinsonian patients. This easy-to-perform procedure could be fruitfully added in clinical practice.",acupuncture; comfort; deep brain stimulation; delirium; electroacupuncture; sickness behavior,Journal Article,2022,Journal of clinical medicine,eligible,eligible,final,complete,primary_focus,include,core,Consenso A+B,pilot-v1.1,no_pubmed_integrity_signal,2026-08-22 01:52:33.208402-03,This article is included in the NDRO core analytical corpus.,Estudo empírico original com abstract utilizável,,2026-08-22 01:52:33.208402-03
ndro-mvp-v0.1.2-20260823,2026-08-23,PD-R-072,PD,41128996,https://pubmed.ncbi.nlm.nih.gov/41128996/,Bilateral acute limb ischemia complicating incessant supraventricular arrhythmias in wolff-parkinson-white syndrome: evaluating thromboprophylaxis across multiple cardioversions.,Zenjaya Kellyn Trycia; Rosyadi Ragil Nur; Mulyadi Angelina; Iswara I Dewa Gede Nalendra Djarya,"BACKGROUND: Acute limb ischemia (ALI) is a severe complication in patients with structural heart disease and recurrent arrhythmias that often leads to significant morbidity and potential lifelong disability. The combination of arrhythmia, recurrent electrical shocks in patients with incessant supraventricular tachycardia (SVT), and structural heart abnormalities may increase the risk of thrombus formation and migration, raising questions about the role of thromboprophylaxis in such high-risk scenarios.
CASE PRESENTATION: We present a 54-year-old female with Wolff-Parkinson-White (WPW) Syndrome and structural heart disease who was admitted with incessant SVT, complicated by several episodes of ventricular tachycardia (VT) and ventricular fibrillation (VF). Despite multiple unsynchronized cardioversions, the patient remained hemodynamically unstable. Echocardiography revealed a dilated left ventricle with reduced systolic function and an intracardiac thrombus. During hospitalization, she underwent over ten direct current (DC) shocks, exacerbating her thromboembolic risk. On day three of hospitalization, she developed severe pain in her right leg, progressing to signs of ALI. Doppler ultrasound and CT angiography confirmed thrombi in the abdominal aorta and lower extremities, supporting the diagnose of ALI Rutherford III dextra and ALI Rutherford IIA sinistra. Surgical thrombectomy and anticoagulation were initiated, but ALI progressed, necessitating above-knee amputation in her right leg.
DISCUSSION: Thromboprophylaxis in patients with structural heart disease and incessant arrhythmia must be carefully assessed. Incessant SVT alone does not justify early anticoagulation, but coexisting cardiomyopathy and repeated cardioversions increase thromboembolic risk. Identifying the underlying cause of structural abnormalities is essential to guide treatment and prevent severe complications. Delayed anticoagulation in the presence of undetected thrombus may result in irreversible events such as limb loss due to ALI.",Acute limb ischemia; Arrhythmia; Case report; Thromboprophylaxis; Wolff Parkinson white syndrome,Journal Article,2025,The Egyptian heart journal : (EHJ) : official bulletin of the Egyptian Society of Cardiology,eligible,eligible,final,not_applicable,not_relevant,exclude,excluded_relevance,Consenso A+B,pilot-v1.1,no_pubmed_integrity_signal,2026-08-22 01:52:33.208402-03,This article is excluded because it does not meet NDRO scientific relevance criteria.,Estudo empírico original com abstract utilizável,,2026-08-22 01:52:33.208402-03
ndro-mvp-v0.1.2-20260823,2026-08-23,PD-R-073,PD,41051687,https://pubmed.ncbi.nlm.nih.gov/41051687/,Machine learning-based non-invasive Parkinson's disease diagnostic model using clinical blood biomarkers.,Han Jiaqi; Sun Mengge; Yang Ji; An Yu,"BACKGROUND: Parkinson's Disease (PD) diagnosis lacks effective non-invasive markers, complicating early detection and timely intervention. Machine learning (ML) combined with clinical blood biomarkers may provide a feasible approach for early diagnosis and monitoring.
AIM: This study aims to construct and validate a non-invasive diagnostic model for PD using machine learning and routine clinical blood biomarkers, and identify key biomarkers linked to disease severity.
METHODS: A total of 920 participants (428 PD and 492 non-PD) from two medical centers were included as training and validation sets. Biomarker selection was performed via least absolute shrinkage and selection operator (LASSO) and stepwise regression. Five machine learning models-logistic regression (LR), support vector machine (SVM), decision tree (DT), Naive Bayes (NB) and K-Nearest Neighbor (KNN)-were constructed and compared. The optimal model was interpreted using Shapley values (SHAP), and correlation with PD severity (Hoehn-Yahr stage) was assessed.
RESULTS: The SVM model demonstrated the best external validation performance (AUC = 0.916, recall = 0.949, F1-score = 0.843). SHAP analysis revealed superoxide dismutase (SOD) contributed the most to the model prediction, followed by gender and uric acid (UA). Furthermore, albumin (ALB) and SOD showed significant negative correlations with PD severity.
CONCLUSION: The SVM-based diagnostic model effectively differentiates PD from controls using readily obtainable clinical biomarkers, offering promising clinical utility for PD screening, diagnosis, and progression monitoring.",Blood biomarkers; Diagnostic model; Machine learning; Oxidative stress; Parkinson's disease,Journal Article,2025,Neurological sciences : official journal of the Italian Neurological Society and of the Italian Society of Clinical Neurophysiology,eligible,eligible,final,complete,primary_focus,include,core,Consenso A+B,pilot-v1.1,no_pubmed_integrity_signal,2026-08-22 01:52:33.208402-03,This article is included in the NDRO core analytical corpus.,Estudo empírico original com abstract utilizável,,2026-08-22 01:52:33.208402-03
ndro-mvp-v0.1.2-20260823,2026-08-23,PD-R-074,PD,36637746,https://pubmed.ncbi.nlm.nih.gov/36637746/,Interaction Between the Glymphatic System and α-Synuclein in Parkinson's Disease.,Zhang Yu; Zhang Cui; He Xu-Zhong; Li Zhen-Hua; Meng Jing-Cai; Mao Rui-Ting; Li Xin; Xue Rong; Gui Qian; Zhang Guo-Xing; Wang Lin-Hui,"The glymphatic system contributes to the clearance of amyloid-β from the brain and is disrupted in Alzheimer's disease. However, whether the system is involved in the removal of α-synuclein (α-syn) and whether it is suppressed in Parkinson's disease (PD) remain largely unknown. In mice receiving the intranigral injection of recombinant human α-syn, we found that the glymphatic suppression via aquaporin-4 (AQP4) gene deletion or acetazolamide treatment reduced the clearance of injected α-syn from the brain. In mice overexpressing the human A53T-α-syn, we revealed that AQP4 deficiency accelerated the accumulation of α-syn, facilitated the loss of dopaminergic neurons, and accelerated PD-like symptoms. We also found that the overexpression of A53T-α-syn reduced the expression/polarization of AQP4 and suppressed the glymphatic activity of mice. The study demonstrates a close interaction between the AQP4-mediated glymphatic system and parenchymal α-syn, indicating that restoring the glymphatic activity is a potential therapeutic target to delay PD progression.",Aquaporin-4; Cerebrospinal fluid; Glymphatic system; Parkinson’s disease; α-Synuclein,Journal Article,2023,Molecular neurobiology,eligible,eligible,final,complete,primary_focus,include,core,Consenso A+B,pilot-v1.1,no_pubmed_integrity_signal,2026-08-22 01:52:33.208402-03,This article is included in the NDRO core analytical corpus.,Estudo empírico original com abstract utilizável,,2026-08-22 01:52:33.208402-03
ndro-mvp-v0.1.2-20260823,2026-08-23,PD-R-075,PD,40456474,https://pubmed.ncbi.nlm.nih.gov/40456474/,Proteomics based discovery of Salvia miltiorrhiza Bunge treating Parkinson's disease through the PINK1/Parkin pathway.,Xu Dongchen; ShenTu Chenyu; Zong Chuhong; Fu Weiliang; Ling Jiawei; Shao Ping; Liu Xuesong; Chen Yong; Xu Tengfei,"ETHNOPHARMACOLOGICAL RELEVANCE: Salvia miltiorrhiza Bunge, a traditional Chinese medicine, has been utilized in the treatment of Parkinson's disease (PD) for thousands of years, as evidenced by its inclusion in ancient formulas such as YangXue XingNao Tang and XingGan ZhenFeng Tang. However, the underlying mechanisms of its therapeutic effects on PD remain unclear.
AIM OF THE STUDY: This study aims to evaluate the therapeutic effects of Salvia miltiorrhiza Bunge on a rotenone-induced PD rat model and elucidate its mechanism of action.
METHODS: To explore the efficacy of Salvia miltiorrhiza Bunge extract (SME) in PD, we employed both in vitro and in vivo models using rotenone-induced PC12 cells and rats. Therapeutic effects were assessed through cell viability assays, behavioral tests, and immunohistochemistry. Proteomic analysis and molecular docking experiments were conducted to identify the pathways involved in SME's effects. Immunofluorescence and Western blotting were used to validate the role of mitophagy, while transmission electron microscopy (TEM) provided direct evidence of mitophagy induction by SME.
RESULTS: Salvia miltiorrhiza Bunge significantly improved motor dysfunction and mitigated dopaminergic neuron degeneration in the substantia nigra of rotenone-exposed rats. Proteomic analysis revealed significant activation of the PINK1/Parkin pathway following SME treatment. Furthermore, molecular experiments confirmed that SME induces mitophagy, which protects PC12 cells from rotenone-induced damage.
CONCLUSION: This study demonstrates the therapeutic efficacy of Salvia miltiorrhiza Bunge in mitigating PD-related pathologies. Through proteomic and molecular analyses, we identified SME's ability to activate the PINK1/Parkin pathway and promote mitophagy, offering new insights into its mechanism of action in PD.",Mitochondrion; Mitophagy; Parkinson's disease; Proteomics; Salvia miltiorrhiza Bunge,Journal Article,2025,Journal of ethnopharmacology,eligible,eligible,final,complete,primary_focus,include,core,Consenso A+B,pilot-v1.1,no_pubmed_integrity_signal,2026-08-22 01:52:33.208402-03,This article is included in the NDRO core analytical corpus.,Estudo empírico original com abstract utilizável,,2026-08-22 01:52:33.208402-03
ndro-mvp-v0.1.2-20260823,2026-08-23,PD-R-076,PD,40657290,https://pubmed.ncbi.nlm.nih.gov/40657290/,Editorial: Advances in Parkinson's Disease Research: Exploring Biomarkers and Therapeutic Strategies for Halting Disease Progression.,Bougea Anastasia; Degirmenci Yildiz,,bibliometric analysis; biomarkers; Parkinson's disease (PD); risk factors; treatments,Editorial,2025,Frontiers in aging neuroscience,excluded,excluded,final,not_applicable,,exclude,excluded_eligibility,Regra de elegibilidade,pilot-v1.1,no_pubmed_integrity_signal,2026-08-22 01:52:33.208402-03,This article is excluded because it does not meet NDRO eligibility requirements.,Abstract ausente,Abstract missing from the public PubMed record.,2026-08-22 01:52:33.208402-03
ndro-mvp-v0.1.2-20260823,2026-08-23,PD-R-077,PD,36939184,https://pubmed.ncbi.nlm.nih.gov/36939184/,SERS-based detection of 5-S-cysteinyl-dopamine as a novel biomarker of Parkinson's disease in artificial biofluids.,Badillo-Ramírez Isidro; Landeros-Rivera Bruno; Saniger José M; Popp Jürgen; Cialla-May Dana,"The early detection of Parkinson's disease (PD) can significantly improve treatment and quality of life in patients. 5-S-Cysteinyl-dopamine (CDA) is a key metabolite of high relevance for the early detection of PD. Therefore, its sensitive detection with fast and robust methods can improve its use as a biomarker. In this work we show the potentialities of label-free SERS spectroscopy in detecting CDA in aqueous solutions and artificial biofluids, with a simple, fast and sensitive approach. We present a detailed experimental SERS band assignment of CDA employing silver nanoparticle (AgNP) substrates in aqueous media, which was supported by theoretical calculations and simulated Raman and SERS spectra. The tentative orientation of CDA over the AgNP was also studied, indicating that catechol and carboxylic acid play a key role in the metallic surface adsorption. Moreover, we showed that SERS can allow us to identify CDA in aqueous media at low concentration, leading to the identification of some of its characteristic bands in pure water and in synthetic cerebrospinal fluid (SCSF) below 1 × 10-8 M, while its band identification in simulated urine (SUR) can be reached at 1 × 10-7 M. In conclusion, we show that CDA can be suitably detected by means of label-free SERS spectroscopy, which can significantly improve its sensitive detection for further analytical studies as a novel biomarker and further clinical diagnosis in PD patients.",,Journal Article,2023,The Analyst,eligible,eligible,final,complete,primary_focus,include,core,Consenso A+B,pilot-v1.1,no_pubmed_integrity_signal,2026-08-22 01:52:33.208402-03,This article is included in the NDRO core analytical corpus.,Estudo empírico original com abstract utilizável,,2026-08-22 01:52:33.208402-03
ndro-mvp-v0.1.2-20260823,2026-08-23,PD-R-078,PD,42092444,https://pubmed.ncbi.nlm.nih.gov/42092444/,Deep brain stimulation: A narrative review of its applicability for major depressive disorder.,Meirelles Sandra S; Pedro Lucas C; Zocatelli Karla F; Mondo Gabriel S; Rigo Flávia K; Réus Gislaine Z,"OBJECTIVES: This article reviews the existing literature on DBS in the context of MDD, with particular attention to treatment-resistant depression (TRD), and provides a comprehensive, up-to-date overview of its mechanisms, efficacy, and potential challenges.
BACKGROUND: Deep brain stimulation (DBS) has established itself as an effective intervention for movement disorders, such as Parkinson's disease, in which stimulation of structures including the subthalamic nucleus and the internal globus pallidus provides significant symptom relief. In recent years, its application has been increasingly explored in psychiatric disorders, particularly major depressive disorder (MDD). However, a substantial proportion of patients do not respond adequately to conventional treatments and are classified as having treatment-resistant depression (TRD). DBS has recently been approved by the Food and Drug Administration (FDA) for treatment-resistant obsessive-compulsive disorder (OCD), while its potential role in MDD-especially in TRD-remains under investigation.
METHODS: Through a qualitative, exploratory analysis based on bibliographic searches, this study aims to inform and update academics and healthcare professionals on recent discoveries and applications of DBS in the treatment of MDD and TRD, thereby advancing science and improving public health and social well-being.
RESULTS: Existing studies have investigated several neural targets involved in mood regulation, including the subgenual cingulate cortex, subthalamic nucleus, globus pallidus, and, in exploratory models, the amygdala. Available evidence suggests that modulation of these circuits may contribute to improvements in depressive symptoms in treatment-resistant cases, although variability in study design, patient selection, and stimulation parameters remains significant.
CONCLUSIONS: DBS represents a promising but still evolving therapeutic strategy for treatment-resistant depression. Further research is needed to refine targeting strategies, optimize stimulation protocols, and better establish long-term efficacy and safety.",Deep brain stimulation; Major depressive disorder; Treatment-resistant depression,Journal Article; Review,2026,Progress in neuro-psychopharmacology & biological psychiatry,eligible,excluded,final,not_applicable,,exclude,excluded_eligibility,Regra de elegibilidade,pilot-v1.1,no_pubmed_integrity_signal,2026-08-22 01:52:33.208402-03,This article is excluded because it does not meet NDRO eligibility requirements.,Revisão ou meta-análise,,2026-08-22 01:52:33.208402-03
ndro-mvp-v0.1.2-20260823,2026-08-23,PD-R-079,PD,35306994,https://pubmed.ncbi.nlm.nih.gov/35306994/,A Review on the Arylpiperazine Derivatives as Potential Therapeutics for the Treatment of Various Neurological Disorders.,Kumar Bhupinder; Kumar Naveen; Thakur Amandeep; Kumar Vijay; Kumar Rakesh; Kumar Vinod,"Neurological disorders are disease conditions related to the neurons and central nervous system (CNS). Any structural, electrical, biochemical, and functional abnormalities in neurons can lead to various types of disorders, like Alzheimer's disease (AD), depression, Parkinson's disease (PD), epilepsy, stroke, etc. Currently available medicines are symptomatic and do not treat the disease state. Thus, novel CNS active agents with the potential to completely treat an illness are highly desired. A range of small organic molecules is being explored as potential drug candidates to cure different neurological disorders. In this context, arylpiperazinehas been found to be a versatile scaffold and indispensable pharmacophore in many CNS active agents. Several molecules with arylpiperazine nucleus have been developed as potent leads for the treatment of AD, PD, depression, and other disorders. The arylpiperazine nucleus can be optionally substituted at different chemical structures and offer flexibility for the synthesis of a large number of derivatives. In the current review article, we have explored the role of various arylpiperazine containing scaffolds against different neurological disorders, including AD, PD, and depression. The structure-activity relationship studies were conducted for recognizing potent lead compounds. This review article may provide important insights into the structural requirements for designing and synthesizing effective molecules as curative agents for different neurological disorders.",Alzheimer’s disease; arylpiperazines; curative agents; depression; Neurological disorders; Parkinson’s disease,"Journal Article; Research Support, Non-U.S. Gov't; Review",2022,Current drug targets,eligible,excluded,final,not_applicable,,exclude,excluded_eligibility,Regra de elegibilidade,pilot-v1.1,no_pubmed_integrity_signal,2026-08-22 01:52:33.208402-03,This article is excluded because it does not meet NDRO eligibility requirements.,Revisão ou meta-análise,,2026-08-22 01:52:33.208402-03
ndro-mvp-v0.1.2-20260823,2026-08-23,PD-R-080,PD,36718788,https://pubmed.ncbi.nlm.nih.gov/36718788/,Christmas-Related Reduction in Beta Activity in Parkinson's Disease.,Feldmann Lucia K; Lofredi Roxanne; Al-Fatly Bassam; Busch Johannes L; Mathiopoulou Varvara; Roediger Jan; Krause Patricia; Schneider Gerd-Helge; Faust Katharina; Horn Andreas; Kühn Andrea A; Neumann Wolf-Julian,"BACKGROUND: Subthalamic nucleus (STN) beta (13 - 35 Hz) activity is a biomarker reflecting motor state in Parkinson's disease (PD). Adaptive deep brain stimulation (DBS) aims to use beta activity for therapeutic adjustments, but many aspects of beta activity in real-life situations are unknown.
OBJECTIVE: The aim was to investigate Christmas-related influences on beta activity in PD.
METHODS: Differences in Christmas Day to nonfestive daily averages in chronic biomarker recordings in 4 PD patients with a sensing-enabled STN DBS implant were retrospectively analyzed. Sweet-spot and whole-brain network connectomic analyses were performed.
RESULTS: Beta activity was significantly reduced on Christmas Eve in all patients (4.00-9.00 p.m.: -12.30 ± 10.78%, P = 0.015). A sweet spot in the dorsolateral STN connected recording sites to motor, premotor, and supplementary motor cortices.
CONCLUSIONS: We demonstrate that festive events can reduce beta biomarker activity. We conclude that circadian and holiday-related changes should be considered when tailoring adaptive DBS algorithms to patient demands. © 2023 The Authors. Movement Disorders published by Wiley Periodicals LLC on behalf of International Parkinson and Movement Disorder Society.",adaptive deep brain stimulation; basal ganglia; movement disorders; neurophysiology; Parkinson's disease,"Journal Article; Research Support, Non-U.S. Gov't",2023,Movement disorders : official journal of the Movement Disorder Society,eligible,eligible,final,complete,primary_focus,include,core,Consenso A+B,pilot-v1.1,no_pubmed_integrity_signal,2026-08-22 01:52:33.208402-03,This article is included in the NDRO core analytical corpus.,Estudo empírico original com abstract utilizável,,2026-08-22 01:52:33.208402-03
ndro-mvp-v0.1.2-20260823,2026-08-23,PD-R-42542636,PD,42542636,https://pubmed.ncbi.nlm.nih.gov/42542636/,Reduced DJ-1/Nrf2/HO-1 antioxidant signalling is associated with type 2 diabetes-related aggravation of neurodegeneration in a mouse model of Parkinson's disease.,Xu Honghao; Li Mengjia; Li Yujia; Zou Zhuochi; Wang Zichen; Bashir Haroona; Zhu Shu; Yang Qian; Zou Xianwei,"BACKGROUND: Parkinson's disease (PD) and type 2 diabetes mellitus (T2DM) are increasingly recognized as comorbid conditions. Epidemiological evidence suggests that T2DM is associated with faster PD progression, but the biological processes that may connect these disorders remain incompletely understood. Oxidative stress is a shared pathological feature of both diseases, and the DJ-1/Nrf2/HO-1 pathway is an important antioxidant defence system.
OBJECTIVE: To determine whether T2DM is associated with more severe PD-like neurodegeneration and whether these changes are accompanied by reduced DJ-1/Nrf2/HO-1 antioxidant signalling in a mouse model of PD-T2DM comorbidity.
METHODS: Male C57BL/6 mice were assigned to control, T2DM, PD, or PD + T2DM groups. T2DM was induced by high-fat diet feeding combined with streptozotocin injection; PD was induced by unilateral intrastriatal 6-hydroxydopamine injection. Behavioural performance was assessed using rotarod and apomorphine-induced rotation tests. Nigrostriatal pathology was examined by haematoxylin-eosin, Nissl, and tyrosine hydroxylase immunohistochemistry. Oxidative stress markers (SOD, MDA, GSH) and DJ-1/Nrf2/HO-1 protein expression were measured in substantia nigra-striatum and serum. Final analyses included 10 control, 9 T2DM, 9 PD, and 9 PD + T2DM mice, with assay-specific sample sizes indicated in the Methods and figure legends.
RESULTS: Compared with PD mice, PD + T2DM mice exhibited shorter rotarod latency, greater dopaminergic neuron loss, and stronger nigrostriatal oxidative stress (P < 0.05). DJ-1, Nrf2, and HO-1 expression was reduced in the substantia nigra-striatum of disease groups relative to controls, with Nrf2 and HO-1 significantly lower in PD + T2DM than in PD mice. Protein expression correlated positively with rotarod latency and antioxidant indices, and negatively with MDA content and fasting glucose. Serum oxidative stress markers showed similar directional trends, but most between-group differences were not statistically significant.
CONCLUSION: In this combined toxin- and metabolism-based mouse model, T2DM was associated with more severe PD-like motor impairment and dopaminergic neuron loss, accompanied by reduced DJ-1/Nrf2/HO-1 antioxidant signalling and increased nigrostriatal oxidative stress. These findings are consistent with the possibility that impaired antioxidant defence contributes to PD-T2DM comorbidity, while causal pathway involvement requires confirmation by future gain- or loss-of-function studies.",Comorbidity; DJ-1; HO-1; Neurodegeneration; Nrf2; Oxidative stress; Parkinson’s disease; Type 2 diabetes mellitus,Journal Article,2026,IBRO neuroscience reports,eligible,eligible,semantic_pending,pending,,,,,eligibility-v1.1-update-20260822,no_pubmed_integrity_signal,2026-08-22 12:22:52.019764-03,This record has not yet received a final NDRO classification.,eligible_original_research_with_adequate_english_scientific_abstract,,2026-08-22 12:39:55.173011-03
ndro-mvp-v0.1.2-20260823,2026-08-23,PD-R-42542687,PD,42542687,https://pubmed.ncbi.nlm.nih.gov/42542687/,Correction to: Optimized cortical EEG modeling for Parkinson disease diagnosis with snow Shepherd Stride tuning mechanism.,Kolla Morarjee; Madapuri Rudra Kumar; Kandukuri Prabhakar; Salvadi Shobarani; Tadepalli Satya Kiranmai; Gajula Ramesh,[This corrects the article DOI: 10.1007/s11571-025-10406-y.].,,Published Erratum,2026,Cognitive neurodynamics,eligible,eligible,semantic_pending,pending,,,,,eligibility-v1.1-update-20260822,corrected,2026-08-22 12:22:52.019764-03,This record has not yet received a final NDRO classification.,eligible_original_research_with_adequate_english_scientific_abstract,,2026-08-22 12:39:55.173011-03
ndro-mvp-v0.1.2-20260823,2026-08-23,PD-R-42597691,PD,42597691,https://pubmed.ncbi.nlm.nih.gov/42597691/,A task-aligned multimodal machine learning framework for studying working memory dysfunction in Parkinson's disease.,Terry Mercedes; Birkholz Samuel A; Johnson Jeffery S; Lou Jau-Shin; Heuther Asenath X; Keller Jessica; Vazquez Enrique Alvarez,"UNLABELLED: Cognitive impairment is one of the most functionally debilitating non-motor symptoms in Parkinson's disease (PD). Yet, current diagnostic and clinical practices rely heavily on subjective assessments and burdensome behavioral testing, which lack the temporal resolution to detect subtle deficits. While EEG and pupillometry offer promising non-invasive insights into cognitive processing, more scalable and objective methods are needed to detect subtle and often elusive dysfunction in early PD. Machine learning (ML) leverages patterns in neurophysiological signals recorded during cognitive tasks to identify subtle impairments that may not be evident in standard evaluations. We recorded EEG and pupillometry data from 68 participants (35 PD, 33 healthy controls (HC)) during a visual Change Detection working memory task. Using our custom, standardized feature-extraction toolbox, we extracted 108 features and incorporated the resulting feature matrices into an ML pipeline. We applied SMOTE to balance the classes, then used principal component analysis (PCA) to reduce dimensionality. An automated elbow method identified optimal cutoffs for principal components (PCs) and original features, which guided subsequent recursive elimination (RE) for computational efficiency. We trained a support vector machine with a radial basis function kernel (SVM-RBF) to classify PD and evaluated the final model's performance on a hold-out dataset. The automated elbow method identified optimal cutoffs at 20 PCs and 22 original features. The RE revealed that a model using 14 PCs and the top 7 PCA-weighted features achieved the highest performance, with 71% accuracy and an F1 score of 0.701. The classifier's performance declined slightly when tested on held-out data, with an accuracy of 63% and an F1 score of 0.626. This study demonstrates the potential of a task-aligned ML pipeline for uncovering early cognitive markers of PD. The framework supports post-hoc feature contribution mapping, linking retained physiological features and task stages back to classification-relevant patterns, supporting mechanistic investigation of cognitive dysfunction in PD.
SUPPLEMENTARY INFORMATION: The online version contains supplementary material available at 10.1007/s11571-026-10526-z.",Electroencephalography; Feature engineering; Machine learning; Parkinson’s disease; Principal component analysis; Working memory,Journal Article,2026,Cognitive neurodynamics,eligible,eligible,semantic_pending,pending,,,,,eligibility-v1.1-update-20260822,no_pubmed_integrity_signal,2026-08-22 12:22:52.019764-03,This record has not yet received a final NDRO classification.,eligible_original_research_with_adequate_english_scientific_abstract,,2026-08-22 12:39:55.173011-03
ndro-mvp-v0.1.2-20260823,2026-08-23,PD-R-42609118,PD,42609118,https://pubmed.ncbi.nlm.nih.gov/42609118/,Clinical insights into catathrenia: A real-world analysis from a tertiary sleep center.,Lopes Laura; Marques Rodrigues Denny; Costa Teresa,"INTRODUCTION: Catathrenia is a rare sleep-related breathing disorder marked by groaning during prolonged expiration, often underrecognized or misdiagnosed as obstructive or central sleep apnoea (OSA or CSA) or parasomnia. Understanding its clinical and polysomnographic features is essential for accurate diagnosis and management.
MATERIALS AND METHODS: We performed a retrospective observational study of adult patients diagnosed with catathrenia at Serviço de Medicina do Sono de Coimbra. Diagnosis was established by attended overnight polysomnography (PSG) with synchronised audio-video recording. Demographic data, symptoms, comorbidities, PSG variables, treatment modalities, and outcomes were reviewed. Catathrenia events were defined as deep inhalation followed by prolonged exhalation with monotonous groaning.
RESULTS: Ten patients were included. Median age was 46 years (range 27-78), mostly female (70%). Common comorbidities included obesity (n = 4), depression (n = 2), Parkinson's disease (n = 1), and restless legs syndrome (n = 1). Six patients (60%) had concomitant obstructive sleep apnoea (OSA). Seven patients had excessive daytime sleepiness (Epworth Sleepiness Scale > 10). All catathrenia episodes occurred exclusively during REM sleep. Continuous positive airway pressure (CPAP) therapy was the most frequently used treatment and was associated with objective or subjective improvement in most patients. Two patients experienced spontaneous remission.
CONCLUSION: Catathrenia remains underdiagnosed and can mimic other sleep disorders. Recognition of its REM-sleep predominance and PSG pattern is essential. Individualised treatment, often involving PAP therapy, may improve symptoms and patient outcomes.",Catathrenia; CPAP; obstructive sleep apnoea; polysomnography; sleep groaning,Journal Article; Observational Study,2026,Pulmonology,eligible,eligible,semantic_pending,pending,,,,,eligibility-v1.1-update-20260822,no_pubmed_integrity_signal,2026-08-22 12:22:52.019764-03,This record has not yet received a final NDRO classification.,eligible_original_research_with_adequate_english_scientific_abstract,,2026-08-22 12:39:55.173011-03
ndro-mvp-v0.1.2-20260823,2026-08-23,PD-R-42615806,PD,42615806,https://pubmed.ncbi.nlm.nih.gov/42615806/,Meta-analysis and pharmacoeconomic study of rasagiline versus selegiline in the treatment of Parkinson's disease.,Zhou Hanzong; Li Dandan; Yu Junxian; Gu Zheng; Wei Hongtao,"OBJECTIVE: Given the persistent absence of direct head-to-head trials, this study aimed to evaluate the comparative efficacy, safety, and cost-effectiveness of rasagiline versus selegiline as early-stage monotherapy for Parkinson's disease (PD), informing clinical selection and healthcare policies in China.
METHODS: A systematic search of PubMed, Embase, and the Cochrane Library identified randomized controlled trials (RCTs) up to April 2026. Focusing on short-term outcomes (10-16 weeks), an adjusted indirect treatment comparison (ITC) using placebo as a common anchor evaluated symptom improvement (UPDRS total scores) and adverse event (AE) incidence. For economic evaluation, a 2-year Markov model was constructed from a Chinese healthcare-system perspective. The incremental cost-effectiveness ratio (ICER) was calculated alongside robust sensitivity analyses.
RESULTS: Ten RCTs (rasagiline: 6; selegiline: 4) were included. The ITC revealed no statistically significant differences between rasagiline and selegiline in short-term symptomatic relief (Mean Difference = -0.82, 95% CI [-2.08, 0.44], p = 0.203) or AE risk (Odds Ratio = 0.83, 95% CI [0.50, 1.38], p = 0.475). The overall evidence certainty was rated as moderate. Economically, the base-case simulation indicated rasagiline yielded a marginal benefit of 0.0088 QALYs over selegiline but incurred an additional 17,111.10 Yuan. This resulted in an ICER of 1,951,505.55 Yuan/QALY, substantially exceeding the conventional willingness-to-pay threshold.
CONCLUSION: Supported by moderate-certainty evidence, rasagiline and selegiline provide comparable short-term efficacy and safety for early-stage PD monotherapy. However, at its current pricing, rasagiline is not cost-effective. Significant price reductions or definitive proof of long-term superiority are required to justify its economic value.",efficacy; Parkinson’s disease; pharmacoeconomics; rasagiline; selegiline,Comparative Study; Journal Article; Meta-Analysis; Systematic Review,2026,Annals of medicine,eligible,excluded,final,not_applicable,,exclude,excluded_eligibility,Deterministic eligibility rule,eligibility-v1.1-update-20260822,no_pubmed_integrity_signal,2026-08-22 12:22:52.019764-03,This article is excluded because it does not meet NDRO eligibility requirements.,not_original_empirical_research,,2026-08-22 12:22:52.019764-03
