snapshot_version,cutoff_date,association_id,disease_code,pmid,subject_type,subject_id,source_field,evidence_text,evidence_start,evidence_end,confidence
ndro-mvp-v0.1.2-20260823,2026-08-23,AD-R-001,AD,21514441,entity,AD-R-001-E01,title,Observations in APP bitransgenic mice suggest that diffuse and compact plaques form via independent processes in Alzheimer's disease.,0,133,high
ndro-mvp-v0.1.2-20260823,2026-08-23,AD-R-001,AD,21514441,entity,AD-R-001-E02,abstract,Studies of familial Alzheimer's disease suggest that misfolding and aggregation of amyloid-β (Aβ) peptides initiate the pathogenesis.,0,133,high
ndro-mvp-v0.1.2-20260823,2026-08-23,AD-R-001,AD,21514441,geography,AD-R-001-G01,affiliation,"Department of Public Health and Caring Sciences/Molecular Geriatrics, Uppsala University, Uppsala, Sweden.",0,106,high
ndro-mvp-v0.1.2-20260823,2026-08-23,AD-R-001,AD,21514441,method_model,AD-R-001-M01,abstract,"However, APP processing, when compared with tg-Swe, remains unchanged in young bitransgenic mice, whereas wild-type Aβ42 aggregation is accelerated and fibril architecture is altered in vitro and in vivo when a low level of Arctic Aβ42 is introduced.",614,864,high
ndro-mvp-v0.1.2-20260823,2026-08-23,AD-R-001,AD,21514441,outcome,AD-R-001-O01,abstract,"The Arctic mutation of Aβ precursor protein (APP) results in AD, and Arctic Aβ is more prone to form Aβ protofibrils and extracellular deposits.",134,278,medium
ndro-mvp-v0.1.2-20260823,2026-08-23,AD-R-001,AD,21514441,outcome,AD-R-001-O02,abstract,Herein is demonstrated that the burden of diffuse Aβ deposits but not compact plaques is increased when tg-Swe mice are crossed with tg-ArcSwe mice synthesizing low levels of Arctic Aβ.,279,464,medium
ndro-mvp-v0.1.2-20260823,2026-08-23,AD-R-001,AD,21514441,outcome,AD-R-001-O03,abstract,"Thus, the increased number of diffuse deposits is likely due to physical interactions between Arctic Aβ and wild-type Aβ42.",865,988,medium
ndro-mvp-v0.1.2-20260823,2026-08-23,AD-R-001,AD,21514441,outcome,AD-R-001-O04,abstract,The selective increase of a single type of parenchymal Aβ deposit suggests that different pathways lead to formation of diffuse and compact plaques.,989,1137,medium
ndro-mvp-v0.1.2-20260823,2026-08-23,AD-R-001,AD,21514441,population,AD-R-001-P01,abstract,These findings could have general implications for Alzheimer's disease pathogenesis and particular relevance to patients heterozygous for the Arctic APP mutation.,1138,1300,medium
ndro-mvp-v0.1.2-20260823,2026-08-23,AD-R-002,AD,21996001,geography,AD-R-002-G01,affiliation,"Department of Neurology and Psychiatry, Sapienza University of Rome, Rome, Italy.",0,81,high
ndro-mvp-v0.1.2-20260823,2026-08-23,AD-R-002,AD,21996001,intervention,AD-R-002-I01,title,Chronic treatment with rivastigmine in patients with Alzheimer's disease: a study on primary motor cortex excitability tested by 5 Hz-repetitive transcranial magnetic stimulation.,0,179,high
ndro-mvp-v0.1.2-20260823,2026-08-23,AD-R-002,AD,21996001,method_model,AD-R-002-M01,title,Chronic treatment with rivastigmine in patients with Alzheimer's disease: a study on primary motor cortex excitability tested by 5 Hz-repetitive transcranial magnetic stimulation.,0,179,high
ndro-mvp-v0.1.2-20260823,2026-08-23,AD-R-002,AD,21996001,method_model,AD-R-002-M02,abstract,All patients underwent neuropsychological tests before and after receiving rivastigmine. rTMS data in patients were compared with those from age-matched healthy controls.,511,681,high
ndro-mvp-v0.1.2-20260823,2026-08-23,AD-R-002,AD,21996001,outcome,AD-R-002-O01,abstract,"RESULTS: At baseline, RMT was significantly lower in patients than in controls whereas CSP duration and single MEP amplitude were similar in both groups.",682,835,high
ndro-mvp-v0.1.2-20260823,2026-08-23,AD-R-002,AD,21996001,outcome,AD-R-002-O02,abstract,"In patients, rTMS failed to induce the normal MEP facilitation during the trains.",836,917,medium
ndro-mvp-v0.1.2-20260823,2026-08-23,AD-R-002,AD,21996001,outcome,AD-R-002-O03,abstract,"Chronic rivastigmine intake significantly increased MEP amplitude after a single stimulus, whereas it left the other neurophysiological variables studied unchanged.",918,1082,high
ndro-mvp-v0.1.2-20260823,2026-08-23,AD-R-002,AD,21996001,outcome,AD-R-002-O04,abstract,No significant correlation was found between patients' neuropsychological test scores and TMS measures.,1083,1186,high
ndro-mvp-v0.1.2-20260823,2026-08-23,AD-R-002,AD,21996001,population,AD-R-002-P01,abstract,OBJECTIVE: To investigate changes in cortical excitability and short-term synaptic plasticity we delivered 5 Hz repetitive transcranial magnetic stimulation (rTMS) over the primary motor cortex in 11 patients with mild-to-moderate Alzheimer's disease (AD) before and after chronic therapy with rivastigmine.,0,307,high
ndro-mvp-v0.1.2-20260823,2026-08-23,AD-R-005,AD,24300799,method_model,AD-R-005-M01,title,[Neuropsychological features of mixed Alzheimer's and vascular dementia].,0,73,high
ndro-mvp-v0.1.2-20260823,2026-08-23,AD-R-005,AD,24300799,outcome,AD-R-005-O01,abstract,The comparison of results of the quantitative assessment of neuropsychological functions (total parameters of three blocks of the brain according to A.R.,359,512,medium
ndro-mvp-v0.1.2-20260823,2026-08-23,AD-R-005,AD,24300799,outcome,AD-R-005-O02,abstract,Luria) in mixed dementia and AD revealed significant between-group differences at the stage of mild dementia.,513,622,high
ndro-mvp-v0.1.2-20260823,2026-08-23,AD-R-005,AD,24300799,outcome,AD-R-005-O03,abstract,No differences was found between AD and moderate dementia.,623,681,medium
ndro-mvp-v0.1.2-20260823,2026-08-23,AD-R-005,AD,24300799,population,AD-R-005-P01,abstract,"Neuropsychological syndrome was defined in 94 patients with mixed Alzheimer's/vascular dementia, 75 patients with vascular dementia and 114 patients with Alzheimer's disease (AD) without clinical signs of cerebrovascular disease.",0,229,high
ndro-mvp-v0.1.2-20260823,2026-08-23,AD-R-005,AD,24300799,population,AD-R-005-P02,abstract,"Neuropsychological syndrome was defined in 94 patients with mixed Alzheimer's/vascular dementia, 75 patients with vascular dementia and 114 patients with Alzheimer's disease (AD) without clinical signs of cerebrovascular disease.",0,229,high
ndro-mvp-v0.1.2-20260823,2026-08-23,AD-R-005,AD,24300799,population,AD-R-005-P03,abstract,"Neuropsychological syndrome was defined in 94 patients with mixed Alzheimer's/vascular dementia, 75 patients with vascular dementia and 114 patients with Alzheimer's disease (AD) without clinical signs of cerebrovascular disease.",0,229,high
ndro-mvp-v0.1.2-20260823,2026-08-23,AD-R-006,AD,26049091,entity,AD-R-006-E01,abstract,reduced right insular volume,1011,1039,high
ndro-mvp-v0.1.2-20260823,2026-08-23,AD-R-006,AD,26049091,geography,AD-R-006-G01,affiliation,"Columbia University Medical Center, New York, NY, United States",70,133,high
ndro-mvp-v0.1.2-20260823,2026-08-23,AD-R-006,AD,26049091,method_model,AD-R-006-M01,abstract,using a Feeling of Knowing (FOK) task,642,679,high
ndro-mvp-v0.1.2-20260823,2026-08-23,AD-R-006,AD,26049091,method_model,AD-R-006-M02,abstract,structural integrity of 14 bilateral neuroanatomic regions,862,920,high
ndro-mvp-v0.1.2-20260823,2026-08-23,AD-R-006,AD,26049091,outcome,AD-R-006-O01,abstract,"Less accurate metamemory was associated only with reduced right insular volume (r=.41, p=.019).",961,1056,high
ndro-mvp-v0.1.2-20260823,2026-08-23,AD-R-006,AD,26049091,population,AD-R-006-P01,abstract,including 14 with mild AD,728,753,high
ndro-mvp-v0.1.2-20260823,2026-08-23,AD-R-006,AD,26049091,population,AD-R-006-P02,abstract,20 cognitively healthy older adults,758,793,high
ndro-mvp-v0.1.2-20260823,2026-08-23,AD-R-007,AD,26890786,entity,AD-R-007-E01,title,Intranasal TAT-haFGF Improves Cognition and Amyloid-β Pathology in an AβPP/PS1 Mouse Model of Alzheimer's Disease.,0,114,high
ndro-mvp-v0.1.2-20260823,2026-08-23,AD-R-007,AD,26890786,geography,AD-R-007-G01,affiliation,"Institute of Biomedicine & Department of Cell Biology, Jinan University, Guangzhou, China.",0,90,high
ndro-mvp-v0.1.2-20260823,2026-08-23,AD-R-007,AD,26890786,intervention,AD-R-007-I01,title,Intranasal TAT-haFGF Improves Cognition and Amyloid-β Pathology in an AβPP/PS1 Mouse Model of Alzheimer's Disease.,0,114,high
ndro-mvp-v0.1.2-20260823,2026-08-23,AD-R-007,AD,26890786,method_model,AD-R-007-M01,title,Intranasal TAT-haFGF Improves Cognition and Amyloid-β Pathology in an AβPP/PS1 Mouse Model of Alzheimer's Disease.,0,114,high
ndro-mvp-v0.1.2-20260823,2026-08-23,AD-R-007,AD,26890786,outcome,AD-R-007-O01,title,Intranasal TAT-haFGF Improves Cognition and Amyloid-β Pathology in an AβPP/PS1 Mouse Model of Alzheimer's Disease.,0,114,medium
ndro-mvp-v0.1.2-20260823,2026-08-23,AD-R-007,AD,26890786,outcome,AD-R-007-O02,abstract,"Our results showed that IN administration of TAT-haFGF improved cognition and reduced Aβ plaques more significantly in AβPP/PS1 mice, when compared with IV injection.",400,566,high
ndro-mvp-v0.1.2-20260823,2026-08-23,AD-R-007,AD,26890786,population,AD-R-007-P01,abstract,"Our results showed that IN administration of TAT-haFGF improved cognition and reduced Aβ plaques more significantly in AβPP/PS1 mice, when compared with IV injection.",400,566,high
ndro-mvp-v0.1.2-20260823,2026-08-23,AD-R-009,AD,28503138,geography,AD-R-009-G01,affiliation,"Central Clinical Laboratory, Shimane University HospitalIzumo, Japan.",0,69,high
ndro-mvp-v0.1.2-20260823,2026-08-23,AD-R-009,AD,28503138,method_model,AD-R-009-M01,abstract,"Feedback-related negativity (FRN) is an electrophysiological measure reflecting the activity of this monitoring system via feedback signals, and is generated from the anterior cingulate cortex.",167,360,high
ndro-mvp-v0.1.2-20260823,2026-08-23,AD-R-009,AD,28503138,outcome,AD-R-009-O01,abstract,"Alzheimer's disease (AD), the most common cause of dementia in the elderly, results in the impairment of executive function, including that of performance monitoring.",0,166,medium
ndro-mvp-v0.1.2-20260823,2026-08-23,AD-R-009,AD,28503138,outcome,AD-R-009-O02,abstract,"Based on prior aging studies, we hypothesized that FRN would decrease in AD patients.",411,496,medium
ndro-mvp-v0.1.2-20260823,2026-08-23,AD-R-009,AD,28503138,outcome,AD-R-009-O03,abstract,"Contrary to our hypothesis, FRN amplitude increased in AD patients, compared with the healthy elderly.",651,753,medium
ndro-mvp-v0.1.2-20260823,2026-08-23,AD-R-009,AD,28503138,outcome,AD-R-009-O04,abstract,"Also, there was a significant association between FRN amplitude and depression scores in AD, and the FRN amplitude tended to increase insomuch as the Self-rating Depression Scale (SDS) was higher.",874,1070,high
ndro-mvp-v0.1.2-20260823,2026-08-23,AD-R-009,AD,28503138,population,AD-R-009-P01,abstract,"Based on prior aging studies, we hypothesized that FRN would decrease in AD patients.",411,496,medium
ndro-mvp-v0.1.2-20260823,2026-08-23,AD-R-012,AD,31378059,entity,AD-R-012-E01,abstract,"We found that TPPU effectively prevents neuronal death by mitigating amyloid neurotoxicity, tau hyperphosphorylation, and mitochondrial dysfunction, promoting neurite outgrowth and suppressing activation and nuclear translocation of NF-κB for inflammatory responses in human nerve cells.",1210,1497,high
ndro-mvp-v0.1.2-20260823,2026-08-23,AD-R-012,AD,31378059,entity,AD-R-012-E02,title,"1-Trifluoromethoxyphenyl-3-(1-propionylpiperidin-4-yl) Urea, a Selective and Potent Dual Inhibitor of Soluble Epoxide Hydrolase and p38 Kinase Intervenes in Alzheimer's Signaling in Human Nerve Cells.",0,200,high
ndro-mvp-v0.1.2-20260823,2026-08-23,AD-R-012,AD,31378059,entity,AD-R-012-E03,abstract,"We found that TPPU effectively prevents neuronal death by mitigating amyloid neurotoxicity, tau hyperphosphorylation, and mitochondrial dysfunction, promoting neurite outgrowth and suppressing activation and nuclear translocation of NF-κB for inflammatory responses in human nerve cells.",1210,1497,high
ndro-mvp-v0.1.2-20260823,2026-08-23,AD-R-012,AD,31378059,entity,AD-R-012-E04,abstract,Neuroinflammation is a prevalent pathogenic stress leading to neuronal death in AD.,72,155,high
ndro-mvp-v0.1.2-20260823,2026-08-23,AD-R-012,AD,31378059,geography,AD-R-012-G01,affiliation,"Department of Molecular Biosciences and Bioengineering , University of Hawaii at Manoa , Honolulu , Hawaii 96822 , United States.",0,129,high
ndro-mvp-v0.1.2-20260823,2026-08-23,AD-R-012,AD,31378059,intervention,AD-R-012-I01,title,"1-Trifluoromethoxyphenyl-3-(1-propionylpiperidin-4-yl) Urea, a Selective and Potent Dual Inhibitor of Soluble Epoxide Hydrolase and p38 Kinase Intervenes in Alzheimer's Signaling in Human Nerve Cells.",0,200,high
ndro-mvp-v0.1.2-20260823,2026-08-23,AD-R-012,AD,31378059,method_model,AD-R-012-M01,abstract,"With an aim to develop multitarget therapeutics for neurodegenerative diseases, we screened TPPU against sEH from different mammalian species and a broad panel of human kinases in vitro for potential new targets relevant to neuroinflammation in AD.",626,874,high
ndro-mvp-v0.1.2-20260823,2026-08-23,AD-R-012,AD,31378059,method_model,AD-R-012-M02,abstract,"To further elucidate the molecular mechanisms, differentiated SH-SY5Y human neuroblastoma cells were used as an AD cell model, and we investigated the neuroprotection of TPPU against amyloid oligomers.",1008,1209,high
ndro-mvp-v0.1.2-20260823,2026-08-23,AD-R-012,AD,31378059,outcome,AD-R-012-O01,abstract,"To further elucidate the molecular mechanisms, differentiated SH-SY5Y human neuroblastoma cells were used as an AD cell model, and we investigated the neuroprotection of TPPU against amyloid oligomers.",1008,1209,medium
ndro-mvp-v0.1.2-20260823,2026-08-23,AD-R-012,AD,31378059,outcome,AD-R-012-O02,abstract,"We found that TPPU effectively prevents neuronal death by mitigating amyloid neurotoxicity, tau hyperphosphorylation, and mitochondrial dysfunction, promoting neurite outgrowth and suppressing activation and nuclear translocation of NF-κB for inflammatory responses in human nerve cells.",1210,1497,medium
ndro-mvp-v0.1.2-20260823,2026-08-23,AD-R-012,AD,31378059,outcome,AD-R-012-O03,abstract,"The results indicate that TPPU is a potent and selective dual inhibitor of sEH and p38β kinase, showing a synergistic action in multiple AD signaling pathways.",1498,1657,medium
ndro-mvp-v0.1.2-20260823,2026-08-23,AD-R-015,AD,34118592,geography,AD-R-015-G01,affiliation,"Department of Radiology and Nuclear Medicine, Erasmus MC, Rotterdam, The Netherlands. Electronic address: [email redacted from public snapshot].",0,126,high
ndro-mvp-v0.1.2-20260823,2026-08-23,AD-R-015,AD,34118592,method_model,AD-R-015-M01,title,Cross-cohort generalizability of deep and conventional machine learning for MRI-based diagnosis and prediction of Alzheimer's disease.,0,134,high
ndro-mvp-v0.1.2-20260823,2026-08-23,AD-R-015,AD,34118592,method_model,AD-R-015-M02,title,Cross-cohort generalizability of deep and conventional machine learning for MRI-based diagnosis and prediction of Alzheimer's disease.,0,134,high
ndro-mvp-v0.1.2-20260823,2026-08-23,AD-R-015,AD,34118592,outcome,AD-R-015-O01,title,Cross-cohort generalizability of deep and conventional machine learning for MRI-based diagnosis and prediction of Alzheimer's disease.,0,134,medium
ndro-mvp-v0.1.2-20260823,2026-08-23,AD-R-015,AD,34118592,outcome,AD-R-015-O02,abstract,This work validates the generalizability of MRI-based classification of Alzheimer's disease (AD) patients and controls (CN) to an external data set and to the task of prediction of conversion to AD in individuals with mild cognitive impairment (MCI).,0,250,medium
ndro-mvp-v0.1.2-20260823,2026-08-23,AD-R-015,AD,34118592,outcome,AD-R-015-O03,abstract,"Trained classifiers were subsequently applied to predict conversion to AD in ADNI MCI patients (231 converters, 628 non-converters) and in the independent Health-RI Parelsnoer Neurodegenerative Diseases Biobank data set.",643,863,medium
ndro-mvp-v0.1.2-20260823,2026-08-23,AD-R-015,AD,34118592,outcome,AD-R-015-O04,abstract,AD-CN classification based on modulated GM maps resulted in a similar area-under-the-curve (AUC) for SVM (0.940; 95%CI: 0.924-0.955) and CNN (0.933; 95%CI: 0.918-0.948).,1117,1286,high
ndro-mvp-v0.1.2-20260823,2026-08-23,AD-R-015,AD,34118592,population,AD-R-015-P01,abstract,"From this multi-center study representing a tertiary memory clinic population, we included 199 AD patients, 139 participants with subjective cognitive decline, 48 MCI patients converting to dementia, and 91 MCI patients who did not convert to dementia.",864,1116,high
ndro-mvp-v0.1.2-20260823,2026-08-23,AD-R-017,AD,35344200,geography,AD-R-017-G01,affiliation,"School of Biomedical Engineering, Guangdong Medical University, Zhanjiang, 524023, China.",0,89,high
ndro-mvp-v0.1.2-20260823,2026-08-23,AD-R-017,AD,35344200,method_model,AD-R-017-M01,abstract,"Thus, a reliable prediction of the conversion from MCI to AD based on three-dimensional (3D) texture features of MRI images could help doctors in developing effective treatment protocols.",110,297,high
ndro-mvp-v0.1.2-20260823,2026-08-23,AD-R-017,AD,35344200,outcome,AD-R-017-O01,abstract,"Thus, a reliable prediction of the conversion from MCI to AD based on three-dimensional (3D) texture features of MRI images could help doctors in developing effective treatment protocols.",110,297,medium
ndro-mvp-v0.1.2-20260823,2026-08-23,AD-R-017,AD,35344200,outcome,AD-R-017-O02,abstract,"RESULTS: The accuracy and the selected features are the focus of clinical diagnosis reports, indicating that the feature selection algorithm is effective.",830,984,medium
ndro-mvp-v0.1.2-20260823,2026-08-23,AD-R-017,AD,35344200,population,AD-R-017-P01,abstract,BACKGROUND: Patients with mild cognitive impairment (MCI) are a high-risk group for Alzheimer's disease (AD).,0,109,medium
ndro-mvp-v0.1.2-20260823,2026-08-23,AD-R-018,AD,38306048,entity,AD-R-018-E01,abstract,"BACKGROUND: Previous reports have demonstrated post-operative dementia and Alzheimer's disease (AD), and increased amyloid-β levels and tau hyperphosphorylation have been observed in animal models post-anesthesia.",0,213,high
ndro-mvp-v0.1.2-20260823,2026-08-23,AD-R-018,AD,38306048,entity,AD-R-018-E02,title,Codon Pattern and Context Analysis in Genes Triggering Alzheimer's Disease and Latent Tau Protein Aggregation Post-Anesthesia Exhibited Unique Molecular Patterns Associated with Functional Aspects.,0,197,high
ndro-mvp-v0.1.2-20260823,2026-08-23,AD-R-018,AD,38306048,entity,AD-R-018-E03,abstract,"The sequences were leucine-rich, and multiple leucine repeats were present, exhibiting the functional role of neuroprotection from neuroinflammation post-anesthesia.",1261,1426,high
ndro-mvp-v0.1.2-20260823,2026-08-23,AD-R-018,AD,38306048,geography,AD-R-018-G01,affiliation,"Department of Anesthesiology, First Hospital of Shanxi Medical University, Taiyuan, China.",0,90,high
ndro-mvp-v0.1.2-20260823,2026-08-23,AD-R-018,AD,38306048,outcome,AD-R-018-O01,title,Codon Pattern and Context Analysis in Genes Triggering Alzheimer's Disease and Latent Tau Protein Aggregation Post-Anesthesia Exhibited Unique Molecular Patterns Associated with Functional Aspects.,0,197,medium
ndro-mvp-v0.1.2-20260823,2026-08-23,AD-R-018,AD,38306048,outcome,AD-R-018-O02,abstract,"RESULTS: The sequences' composition was G/C rich, influencing dinucleotide preference, codon preference, codon usage, and codon context.",776,912,medium
ndro-mvp-v0.1.2-20260823,2026-08-23,AD-R-018,AD,38306048,outcome,AD-R-018-O03,abstract,"Contrarily, it correlated with the sequence lengths.",1208,1260,medium
ndro-mvp-v0.1.2-20260823,2026-08-23,AD-R-018,AD,38306048,outcome,AD-R-018-O04,abstract,"The sequences were leucine-rich, and multiple leucine repeats were present, exhibiting the functional role of neuroprotection from neuroinflammation post-anesthesia.",1261,1426,medium
ndro-mvp-v0.1.2-20260823,2026-08-23,AD-R-019,AD,40084666,entity,AD-R-019-E01,title,Association of Alzheimer's disease genetic risk with age-dependent changes in plasma amyloid-β42:40 in Veterans.,0,112,high
ndro-mvp-v0.1.2-20260823,2026-08-23,AD-R-019,AD,40084666,geography,AD-R-019-G01,affiliation,"National Center for PTSD, Behavioral Sciences Division, VA Boston Healthcare System, Boston, MA, USA.",0,101,high
ndro-mvp-v0.1.2-20260823,2026-08-23,AD-R-019,AD,40084666,outcome,AD-R-019-O01,abstract,"Hierarchical regression models investigated linear and nonlinear relationships between age, genetic risk, and Aβ42:40.ResultsWe observed a curvilinear relationship between age and Aβ42:40 in individuals with higher genetic risk, characterized by an increase in the Aβ42:40 during midlife followed by a decrease in older age.ConclusionsThese findings highlight distinct patterns in Aβ metabolism among genetically predisposed individuals, suggesting that early metabolic shifts may play a role in the progression of AD.",478,996,medium
ndro-mvp-v0.1.2-20260823,2026-08-23,AD-R-019,AD,40084666,population,AD-R-019-P01,abstract,"BackgroundIdentifying biomarkers of Alzheimer's disease (AD) is critical for early diagnosis and AD risk assessment.ObjectiveWe examined the hypothesis that the plasma amyloid-β 42 and 40 (Aβ42:40) ratio has a curvilinear relationship with age among individuals who are at higher genetic risk for AD.MethodsThis study investigated the relationship between plasma amyloid-β 42 and 40 (Aβ42:40) ratio and age in 315 men and women Veterans, including those at genetic risk for AD.",0,477,medium
ndro-mvp-v0.1.2-20260823,2026-08-23,AD-R-041,AD,20888846,geography,AD-R-041-G01,affiliation,Université Lille Nord de la France,0,34,high
ndro-mvp-v0.1.2-20260823,2026-08-23,AD-R-041,AD,20888846,method_model,AD-R-041-M01,abstract,We used the Lille Communication Test,414,450,high
ndro-mvp-v0.1.2-20260823,2026-08-23,AD-R-041,AD,20888846,method_model,AD-R-041-M02,abstract,analyse VC and NVC in patients,162,192,high
ndro-mvp-v0.1.2-20260823,2026-08-23,AD-R-041,AD,20888846,outcome,AD-R-041-O01,abstract,"AD patients were partially impaired (p≤0.01) in PC (greeting), and more definitely in VC",841,929,high
ndro-mvp-v0.1.2-20260823,2026-08-23,AD-R-041,AD,20888846,outcome,AD-R-041-O02,abstract,while NVC was mostly preserved.,1105,1136,high
ndro-mvp-v0.1.2-20260823,2026-08-23,AD-R-041,AD,20888846,outcome,AD-R-041-O03,abstract,the profile of communication difficulties was quite different between groups.,1524,1601,high
ndro-mvp-v0.1.2-20260823,2026-08-23,AD-R-041,AD,20888846,population,AD-R-041-P01,abstract,Alzheimer's disease (AD; 29 cases),280,314,high
ndro-mvp-v0.1.2-20260823,2026-08-23,AD-R-041,AD,20888846,population,AD-R-041-P02,abstract,behavioural variant of frontotemporal dementia (FTD; 16),316,372,high
ndro-mvp-v0.1.2-20260823,2026-08-23,AD-R-041,AD,20888846,population,AD-R-041-P03,abstract,dementia with Lewy bodies (DLB; 13),377,412,high
ndro-mvp-v0.1.2-20260823,2026-08-23,AD-R-041,AD,20888846,population,AD-R-041-P04,abstract,Patients were compared with 47 matching control subjects.,783,840,high
ndro-mvp-v0.1.2-20260823,2026-08-23,AD-R-043,AD,22551949,entity,AD-R-043-E01,abstract,Accumulated amyloid-β (Aβ) is a well-known cause of neuronal apoptosis in Alzheimer's disease and exerts its action partly by inducing mitochondrial dysfunction.,0,161,high
ndro-mvp-v0.1.2-20260823,2026-08-23,AD-R-043,AD,22551949,entity,AD-R-043-E02,abstract,Accumulated amyloid-β (Aβ) is a well-known cause of neuronal apoptosis in Alzheimer's disease and exerts its action partly by inducing mitochondrial dysfunction.,0,161,high
ndro-mvp-v0.1.2-20260823,2026-08-23,AD-R-043,AD,22551949,entity,AD-R-043-E03,title,Protective effects of diazoxide against Aβ₂₅₋₃₅-induced PC12 cell apoptosis due to prevention of endoplasmic reticulum stress.,0,126,high
ndro-mvp-v0.1.2-20260823,2026-08-23,AD-R-043,AD,22551949,geography,AD-R-043-G01,affiliation,"Department of Neurology, Yantaishan Hospital, Yantai City bDepartment of Neurology, Yuhuangding Hospital Affiliated to Qingdao Medical University, Yantai City, Shandong 264000, People's Republic of China.",0,204,high
ndro-mvp-v0.1.2-20260823,2026-08-23,AD-R-043,AD,22551949,intervention,AD-R-043-I01,title,Protective effects of diazoxide against Aβ₂₅₋₃₅-induced PC12 cell apoptosis due to prevention of endoplasmic reticulum stress.,0,126,high
ndro-mvp-v0.1.2-20260823,2026-08-23,AD-R-043,AD,22551949,intervention,AD-R-043-I02,abstract,"Here we showed that in response to the treatment with Aβ₂₅₋₃₅ (10 μM) for 24 h the mRNA and protein expression levels of caspase-12 were significantly upregulated; however, this change could be partly reversed by pretreatment with diazoxide (1 mM) for 1 h.",699,955,medium
ndro-mvp-v0.1.2-20260823,2026-08-23,AD-R-043,AD,22551949,method_model,AD-R-043-M01,title,Protective effects of diazoxide against Aβ₂₅₋₃₅-induced PC12 cell apoptosis due to prevention of endoplasmic reticulum stress.,0,126,high
ndro-mvp-v0.1.2-20260823,2026-08-23,AD-R-043,AD,22551949,outcome,AD-R-043-O01,title,Protective effects of diazoxide against Aβ₂₅₋₃₅-induced PC12 cell apoptosis due to prevention of endoplasmic reticulum stress.,0,126,medium
ndro-mvp-v0.1.2-20260823,2026-08-23,AD-R-043,AD,22551949,outcome,AD-R-043-O02,abstract,"Previous studies have suggested a neuroprotective role for mitochondrial ATP-sensitive potassium (KATP) channel openers against Aβ damages, but the molecular details were unclear.",162,341,medium
ndro-mvp-v0.1.2-20260823,2026-08-23,AD-R-043,AD,22551949,outcome,AD-R-043-O03,abstract,It remains to be determined whether KATP channel openers mediate their potential neuroprotective role by inhibiting ER stress pathways.,470,605,medium
ndro-mvp-v0.1.2-20260823,2026-08-23,AD-R-043,AD,22551949,outcome,AD-R-043-O04,abstract,"Here we showed that in response to the treatment with Aβ₂₅₋₃₅ (10 μM) for 24 h the mRNA and protein expression levels of caspase-12 were significantly upregulated; however, this change could be partly reversed by pretreatment with diazoxide (1 mM) for 1 h.",699,955,high
ndro-mvp-v0.1.2-20260823,2026-08-23,AD-R-052,AD,30832390,geography,AD-R-052-G01,affiliation,"College of Nursing, University of Tennessee, Knoxville, TN 37996, USA. [email redacted from public snapshot].",0,88,high
ndro-mvp-v0.1.2-20260823,2026-08-23,AD-R-052,AD,30832390,geography,AD-R-052-G02,affiliation,"University of Exeter Medical School, College of Medicine and Health, University of Exeter, Exeter EX1 1TX, UK. [email redacted from public snapshot].",185,318,high
ndro-mvp-v0.1.2-20260823,2026-08-23,AD-R-052,AD,30832390,outcome,AD-R-052-O01,abstract,"More recently, caregiving has been associated with high rates of suicidal and homicidal ideation, but the research on these phenomena is limited.",230,375,medium
ndro-mvp-v0.1.2-20260823,2026-08-23,AD-R-052,AD,30832390,outcome,AD-R-052-O02,abstract,RESULTS: Five themes related to thoughts of suicide and homicide by caregivers and people with ADRD were derived from the analysis: (1) end-of-life care; (2) thoughts of death and euthanasia by the person with ADRD; (3) surrogate decision making; (4) thoughts of suicide by the caregiver; and (5) thoughts of homicide and euthanasia by the caregiver.,738,1088,medium
ndro-mvp-v0.1.2-20260823,2026-08-23,AD-R-052,AD,30832390,outcome,AD-R-052-O03,abstract,"CONCLUSIONS: The results capture the reality of suicidal and homicidal thoughts among family caregivers of people with ADRD, supporting calls for more research on these complex topics and highlighting the need for changes to clinical practice to prevent thoughts from becoming behaviors or actions.",1089,1387,medium
ndro-mvp-v0.1.2-20260823,2026-08-23,AD-R-052,AD,30832390,population,AD-R-052-P01,title,"""Like Death is Near"": Expressions of Suicidal and Homicidal Ideation in the Blog Posts of Family Caregivers of People with Dementia.",0,132,medium
ndro-mvp-v0.1.2-20260823,2026-08-23,AD-R-053,AD,33163613,entity,AD-R-053-E01,abstract,amyloid beta (Aβ) accumulation in DS,390,426,high
ndro-mvp-v0.1.2-20260823,2026-08-23,AD-R-053,AD,33163613,entity,AD-R-053-E02,abstract,presence of brain tau,487,508,high
ndro-mvp-v0.1.2-20260823,2026-08-23,AD-R-053,AD,33163613,entity,AD-R-053-E03,abstract,[18F]AV-1451 standard uptake value ratio,1258,1298,high
ndro-mvp-v0.1.2-20260823,2026-08-23,AD-R-053,AD,33163613,entity,AD-R-053-E04,abstract,global [11C]PiB SUVR,1362,1382,high
ndro-mvp-v0.1.2-20260823,2026-08-23,AD-R-053,AD,33163613,geography,AD-R-053-G01,affiliation,Department of Psychiatry University of Pittsburgh Pittsburgh Pennsylvania USA,0,77,high
ndro-mvp-v0.1.2-20260823,2026-08-23,AD-R-053,AD,33163613,geography,AD-R-053-G02,affiliation,Department of Psychiatry University of Cambridge Cambridge UK,319,380,high
ndro-mvp-v0.1.2-20260823,2026-08-23,AD-R-053,AD,33163613,method_model,AD-R-053-M01,abstract,assess the presence of brain tau using [18F]AV-1451 positron emission tomography,476,556,high
ndro-mvp-v0.1.2-20260823,2026-08-23,AD-R-053,AD,33163613,method_model,AD-R-053-M02,abstract,assess the relationship of brain tau pathology to Aβ using Pittsburgh Compound B (PiB)-PET,576,666,high
ndro-mvp-v0.1.2-20260823,2026-08-23,AD-R-053,AD,33163613,method_model,AD-R-053-M03,abstract,Multiple linear regression models,1114,1147,high
ndro-mvp-v0.1.2-20260823,2026-08-23,AD-R-053,AD,33163613,outcome,AD-R-053-O01,abstract,significant relationship between in vivo Aβ and tau pathology in DS,1538,1605,high
ndro-mvp-v0.1.2-20260823,2026-08-23,AD-R-053,AD,33163613,outcome,AD-R-053-O02,abstract,[18F]AV-1451 retention was higher in each Braak region in PiB(+) participants.,1634,1712,high
ndro-mvp-v0.1.2-20260823,2026-08-23,AD-R-053,AD,33163613,population,AD-R-053-P01,abstract,A cohort of 156 participants,1441,1469,high
ndro-mvp-v0.1.2-20260823,2026-08-23,AD-R-057,AD,37645746,entity,AD-R-057-E01,abstract,"After meta-analysis of three genome-wide association studies, comprising 44,288 participants, cis-Mendelian randomization showed that genes responsible for higher plasma SAP values are significantly associated with AD, Lewy body dementia and plasma tau concentration.",258,525,high
ndro-mvp-v0.1.2-20260823,2026-08-23,AD-R-057,AD,37645746,geography,AD-R-057-G01,affiliation,"Institute of Cardiovascular Science, Faculty of Population Health, University College London, London, United Kingdom.",0,117,high
ndro-mvp-v0.1.2-20260823,2026-08-23,AD-R-057,AD,37645746,geography,AD-R-057-G02,affiliation,"Department of Cardiology, Amsterdam Cardiovascular Sciences, Amsterdam University Medical Centres, University of Amsterdam, Amsterdam, the Netherlands.",197,348,high
ndro-mvp-v0.1.2-20260823,2026-08-23,AD-R-057,AD,37645746,method_model,AD-R-057-M01,abstract,"After meta-analysis of three genome-wide association studies, comprising 44,288 participants, cis-Mendelian randomization showed that genes responsible for higher plasma SAP values are significantly associated with AD, Lewy body dementia and plasma tau concentration.",258,525,high
ndro-mvp-v0.1.2-20260823,2026-08-23,AD-R-057,AD,37645746,outcome,AD-R-057-O01,abstract,"After meta-analysis of three genome-wide association studies, comprising 44,288 participants, cis-Mendelian randomization showed that genes responsible for higher plasma SAP values are significantly associated with AD, Lewy body dementia and plasma tau concentration.",258,525,high
ndro-mvp-v0.1.2-20260823,2026-08-23,AD-R-057,AD,37645746,population,AD-R-057-P01,abstract,"After meta-analysis of three genome-wide association studies, comprising 44,288 participants, cis-Mendelian randomization showed that genes responsible for higher plasma SAP values are significantly associated with AD, Lewy body dementia and plasma tau concentration.",258,525,high
ndro-mvp-v0.1.2-20260823,2026-08-23,AD-R-061,AD,20624932,entity,AD-R-061-E01,abstract,GCPII also degrades soluble oligomers and fibrils and can reduce the endogenous plaque size in brain sections obtained from amyloid precursor protein (APP) Swedish/presinilin (PS)-1ΔE9 transgenic mice.,653,854,high
ndro-mvp-v0.1.2-20260823,2026-08-23,AD-R-061,AD,20624932,entity,AD-R-061-E02,abstract,Proteolytic processing of amyloid peptides (Aβs) is one important mechanism that controls the brain Aβ level.,0,109,high
ndro-mvp-v0.1.2-20260823,2026-08-23,AD-R-061,AD,20624932,geography,AD-R-061-G01,affiliation,"Division of Brain Diseases, Center for Biomedical Sciences, National Institute of Health, Korea Center for Disease Control and Prevention, Seoul, Korea.",0,152,high
ndro-mvp-v0.1.2-20260823,2026-08-23,AD-R-061,AD,20624932,method_model,AD-R-061-M01,abstract,"Maldi-Tof/MS analysis showed that recombinant human GCPII cleaved the Aβ1-40 and Aβ1-42 monomers at their C-termini, producing smaller fragments, and Aβ1-14 that lacked aggregation property and cellular toxicity.",440,652,high
ndro-mvp-v0.1.2-20260823,2026-08-23,AD-R-061,AD,20624932,method_model,AD-R-061-M02,abstract,"Overexpression of GCPII in either HEK293-APP Swedish cells or primary neurons and glial cells reduced the levels of secreted or exogenously supplemented Aβs and reduced Aβ-induced neurotoxicity, suggesting the biological significance of GCPII-mediated Aβ cleavage.",855,1119,high
ndro-mvp-v0.1.2-20260823,2026-08-23,AD-R-061,AD,20624932,outcome,AD-R-061-O01,abstract,GCPII also degrades soluble oligomers and fibrils and can reduce the endogenous plaque size in brain sections obtained from amyloid precursor protein (APP) Swedish/presinilin (PS)-1ΔE9 transgenic mice.,653,854,medium
ndro-mvp-v0.1.2-20260823,2026-08-23,AD-R-061,AD,20624932,outcome,AD-R-061-O02,abstract,"Overexpression of GCPII in either HEK293-APP Swedish cells or primary neurons and glial cells reduced the levels of secreted or exogenously supplemented Aβs and reduced Aβ-induced neurotoxicity, suggesting the biological significance of GCPII-mediated Aβ cleavage.",855,1119,medium
ndro-mvp-v0.1.2-20260823,2026-08-23,AD-R-061,AD,20624932,outcome,AD-R-061-O03,abstract,"Moreover, treatment of 8-mo-old transgenic mice for 1 mo with 2-(phosphonomethyl)-pentanedioic acid (10 mg/kg, intraperitoneally), a specific GCPII inhibitor, increased cerebral Aβ content.",1120,1309,medium
ndro-mvp-v0.1.2-20260823,2026-08-23,AD-R-061,AD,20624932,outcome,AD-R-061-O04,abstract,These results suggest an important physiological role for GCPII in Aβ clearance in brain and provide the evidence that dysregulation of GCPII is involved in Alzheimer's disease pathology.,1310,1497,medium
ndro-mvp-v0.1.2-20260823,2026-08-23,AD-R-063,AD,22112898,entity,AD-R-063-E01,title,Mitosis-specific phosphorylation of amyloid precursor protein at threonine 668 leads to its altered processing and association with centrosomes.,0,144,high
ndro-mvp-v0.1.2-20260823,2026-08-23,AD-R-063,AD,22112898,entity,AD-R-063-E02,abstract,We examined transgenic mice expressing human amyloid precursor protein (APP) and presenilin 1 (PS1) for changes in cell cycle regulatory proteins to determine whether there is a correlation between cell cycle activation and pathology development in AD.,208,460,high
ndro-mvp-v0.1.2-20260823,2026-08-23,AD-R-063,AD,22112898,geography,AD-R-063-G01,affiliation,"Department of Molecular Medicine, University of South Florida, 12901 Bruce B, Downs Blvd,, Tampa, FL 33612, USA.",0,112,high
ndro-mvp-v0.1.2-20260823,2026-08-23,AD-R-063,AD,22112898,outcome,AD-R-063-O01,abstract,"RESULTS: Our studies in the AD transgenic mice show significantly higher levels of cyclin E, cyclin D1, E2F1, and P-cdc2 in the cells in the vicinity of the plaques where maximum levels of Threonine 668 (Thr668)-phosphorylated APP accumulation was observed.",461,718,high
ndro-mvp-v0.1.2-20260823,2026-08-23,AD-R-063,AD,22112898,outcome,AD-R-063-O02,abstract,"Also, Thr668 phosphorylation in mitosis correlates with increased processing of APP to generate Aβ and the C-terminal fragment of APP, which is prevented by pharmacological inhibitors of the G1/S transition.",1068,1275,medium
ndro-mvp-v0.1.2-20260823,2026-08-23,AD-R-063,AD,22112898,outcome,AD-R-063-O03,abstract,CONCLUSIONS: The data presented here suggests that cell cycle-dependent phosphorylation of APP may affect its normal cellular function.,1276,1411,medium
ndro-mvp-v0.1.2-20260823,2026-08-23,AD-R-065,AD,23474058,entity,AD-R-065-E01,abstract,"The neuropathologic diagnoses were Lewy body disease (LBD)(n=77, including 1 case with a duplication in the gene encoding α-synuclein), combined LBD and AD (n=59), MSA (n=19), AD (n=6), progressive supranulear palsy (PSP) (n=2), other mixed neurodegenerative pathologies (n=6), NBIA-1/LBD/tauopathy (n=1), and hypothalamic structural lesions (n=2).",1641,1989,high
ndro-mvp-v0.1.2-20260823,2026-08-23,AD-R-065,AD,23474058,geography,AD-R-065-G01,affiliation,"Department of Neurology, Mayo Clinic, Rochester, MN 55905, USA. [email redacted from public snapshot]",0,79,high
ndro-mvp-v0.1.2-20260823,2026-08-23,AD-R-065,AD,23474058,method_model,AD-R-065-M01,abstract,"Eighty-two (48%) had RBD confirmed by PSG, 64 (37%) had a classic history of recurrent dream enactment behavior, and 26 (15%) screened positive for RBD by questionnaire.",924,1093,high
ndro-mvp-v0.1.2-20260823,2026-08-23,AD-R-065,AD,23474058,outcome,AD-R-065-O01,abstract,"RESULTS: 172 cases were identified, of whom 143 (83%) were men.",567,630,high
ndro-mvp-v0.1.2-20260823,2026-08-23,AD-R-065,AD,23474058,outcome,AD-R-065-O02,abstract,"Among the neurodegenerative disorders associated with RBD (n=170), 160 (94%) were synucleinopathies.",1990,2090,high
ndro-mvp-v0.1.2-20260823,2026-08-23,AD-R-065,AD,23474058,outcome,AD-R-065-O03,abstract,"CONCLUSIONS: In this large series of PSG-confirmed and probable RBD cases that underwent autopsy, the strong association of RBD with the synucleinopathies was further substantiated and a wider spectrum of disorders which can underlie RBD now are more apparent.",2223,2483,medium
ndro-mvp-v0.1.2-20260823,2026-08-23,AD-R-065,AD,23474058,population,AD-R-065-P01,title,Clinicopathologic correlations in 172 cases of rapid eye movement sleep behavior disorder with or without a coexisting neurologic disorder.,0,139,high
ndro-mvp-v0.1.2-20260823,2026-08-23,AD-R-065,AD,23474058,population,AD-R-065-P02,abstract,"The neuropathologic diagnoses were Lewy body disease (LBD)(n=77, including 1 case with a duplication in the gene encoding α-synuclein), combined LBD and AD (n=59), MSA (n=19), AD (n=6), progressive supranulear palsy (PSP) (n=2), other mixed neurodegenerative pathologies (n=6), NBIA-1/LBD/tauopathy (n=1), and hypothalamic structural lesions (n=2).",1641,1989,high
ndro-mvp-v0.1.2-20260823,2026-08-23,AD-R-068,AD,27760426,entity,AD-R-068-E01,title,Cl-NQTrp Alleviates Tauopathy Symptoms in a Model Organism through the Inhibition of Tau Aggregation-Engendered Toxicity.,0,121,high
ndro-mvp-v0.1.2-20260823,2026-08-23,AD-R-068,AD,27760426,geography,AD-R-068-G01,affiliation,"Department of Molecular Microbiology and Biotechnology, Interdisciplinary Sagol School of Neurosciences, George S. Wise Faculty of Life Sciences, Tel Aviv University, Tel Aviv, Israel.",0,184,high
ndro-mvp-v0.1.2-20260823,2026-08-23,AD-R-068,AD,27760426,intervention,AD-R-068-I01,title,Cl-NQTrp Alleviates Tauopathy Symptoms in a Model Organism through the Inhibition of Tau Aggregation-Engendered Toxicity.,0,121,high
ndro-mvp-v0.1.2-20260823,2026-08-23,AD-R-068,AD,27760426,method_model,AD-R-068-M01,abstract,"Along these lines, we have previously demonstrated that a small naphthoquinone-tryptophan hybrid, termed NQTrp, is an effective modulator of tauopathy in vitro and in vivo.",416,588,high
ndro-mvp-v0.1.2-20260823,2026-08-23,AD-R-068,AD,27760426,method_model,AD-R-068-M02,abstract,"We demonstrate that Cl-NQTrp inhibits the in vitro assembly of PHF6, the aggregation-prone fragment of tau, and alleviates tauopathy symptoms in a transgenic Drosophila model through the inhibition of tau aggregation-engendered toxicity.",977,1214,high
ndro-mvp-v0.1.2-20260823,2026-08-23,AD-R-068,AD,27760426,outcome,AD-R-068-O01,title,Cl-NQTrp Alleviates Tauopathy Symptoms in a Model Organism through the Inhibition of Tau Aggregation-Engendered Toxicity.,0,121,medium
ndro-mvp-v0.1.2-20260823,2026-08-23,AD-R-068,AD,27760426,outcome,AD-R-068-O02,abstract,"Alzheimer's disease (AD) is the most abundant tauopathy and is characterized by Aβ-derived plaques and tau-derived tangles, resulting from the unfolding of the corresponding monomeric subunits into ordered β-sheet oligomers and fibrils.",0,236,medium
ndro-mvp-v0.1.2-20260823,2026-08-23,AD-R-068,AD,27760426,outcome,AD-R-068-O03,abstract,"We demonstrate that Cl-NQTrp inhibits the in vitro assembly of PHF6, the aggregation-prone fragment of tau, and alleviates tauopathy symptoms in a transgenic Drosophila model through the inhibition of tau aggregation-engendered toxicity.",977,1214,medium
ndro-mvp-v0.1.2-20260823,2026-08-23,AD-R-068,AD,27760426,outcome,AD-R-068-O04,abstract,These results suggest that Cl-NQTrp could be a unique potential therapeutic for AD since it targets aggregation of both Aβ and tau.,1215,1346,medium
ndro-mvp-v0.1.2-20260823,2026-08-23,AD-R-069,AD,28355558,entity,AD-R-069-E01,abstract,"Moreover, the brains of these mice show increased signs of DNA damage, cell death, and hyperphosphorylated Tau-a critical mark in several neurodegenerative diseases.",374,539,high
ndro-mvp-v0.1.2-20260823,2026-08-23,AD-R-069,AD,28355558,entity,AD-R-069-E02,abstract,"Mechanistically, SIRT6 regulates Tau protein stability and phosphorylation through increased activation of the kinase GSK3α/β.",540,666,high
ndro-mvp-v0.1.2-20260823,2026-08-23,AD-R-069,AD,28355558,geography,AD-R-069-G01,affiliation,"Department of Life Sciences, Ben-Gurion University of the Negev, Beer-Sheva 84105, Israel.",0,90,high
ndro-mvp-v0.1.2-20260823,2026-08-23,AD-R-069,AD,28355558,geography,AD-R-069-G02,affiliation,"The Massachusetts General Hospital Cancer Center and The MGH Center for Regenerative Medicine, Harvard Medical School, Boston, MA 02114, USA; The Broad Institute of Harvard and MIT, Cambridge, MA 02142, USA.",93,300,high
ndro-mvp-v0.1.2-20260823,2026-08-23,AD-R-069,AD,28355558,geography,AD-R-069-G03,affiliation,"Paul Flechsig Institute for Brain Research, University of Leipzig, Liebigstrasse 19, 04103 Leipzig, Germany.",303,411,high
ndro-mvp-v0.1.2-20260823,2026-08-23,AD-R-069,AD,28355558,outcome,AD-R-069-O01,title,Neuroprotective Functions for the Histone Deacetylase SIRT6.,0,60,medium
ndro-mvp-v0.1.2-20260823,2026-08-23,AD-R-069,AD,28355558,outcome,AD-R-069-O02,abstract,"Moreover, the brains of these mice show increased signs of DNA damage, cell death, and hyperphosphorylated Tau-a critical mark in several neurodegenerative diseases.",374,539,medium
ndro-mvp-v0.1.2-20260823,2026-08-23,AD-R-069,AD,28355558,outcome,AD-R-069-O03,abstract,"Mechanistically, SIRT6 regulates Tau protein stability and phosphorylation through increased activation of the kinase GSK3α/β.",540,666,medium
ndro-mvp-v0.1.2-20260823,2026-08-23,AD-R-069,AD,28355558,outcome,AD-R-069-O04,abstract,"Finally, SIRT6 mRNA and protein levels are reduced in patients with Alzheimer's disease.",667,755,medium
ndro-mvp-v0.1.2-20260823,2026-08-23,AD-R-069,AD,28355558,population,AD-R-069-P01,abstract,"Finally, SIRT6 mRNA and protein levels are reduced in patients with Alzheimer's disease.",667,755,medium
ndro-mvp-v0.1.2-20260823,2026-08-23,AD-R-071,AD,29953668,entity,AD-R-071-E01,abstract,CSF Aβ1-42 levels,895,912,high
ndro-mvp-v0.1.2-20260823,2026-08-23,AD-R-071,AD,29953668,entity,AD-R-071-E02,abstract,CSF t-tau,992,1001,high
ndro-mvp-v0.1.2-20260823,2026-08-23,AD-R-071,AD,29953668,entity,AD-R-071-E03,abstract,p-tau levels,1017,1029,high
ndro-mvp-v0.1.2-20260823,2026-08-23,AD-R-071,AD,29953668,entity,AD-R-071-E04,abstract,APOE genotype,767,780,high
ndro-mvp-v0.1.2-20260823,2026-08-23,AD-R-071,AD,29953668,geography,AD-R-071-G01,affiliation,"University of Texas Health Science Center at San Antonio, San Antonio, TX, USA",25,103,high
ndro-mvp-v0.1.2-20260823,2026-08-23,AD-R-071,AD,29953668,geography,AD-R-071-G02,affiliation,"University of Gothenburg, Gothenburg, Sweden",490,534,high
ndro-mvp-v0.1.2-20260823,2026-08-23,AD-R-071,AD,29953668,method_model,AD-R-071-M01,abstract,"CSF amyloid beta (Aβ1-42 ), total tau (t-tau), and phosphorylated tau (p-tau) data",378,460,high
ndro-mvp-v0.1.2-20260823,2026-08-23,AD-R-071,AD,29953668,method_model,AD-R-071-M02,abstract,identified individuals with chronic endorsement,493,540,high
ndro-mvp-v0.1.2-20260823,2026-08-23,AD-R-071,AD,29953668,method_model,AD-R-071-M03,abstract,"linear regression models adjusting for age, education, gender, APOE genotype",704,780,high
ndro-mvp-v0.1.2-20260823,2026-08-23,AD-R-071,AD,29953668,outcome,AD-R-071-O01,abstract,displayed lower CSF Aβ1-42 levels,879,912,high
ndro-mvp-v0.1.2-20260823,2026-08-23,AD-R-071,AD,29953668,outcome,AD-R-071-O02,abstract,No group differences were observed for CSF t-tau,953,1001,high
ndro-mvp-v0.1.2-20260823,2026-08-23,AD-R-071,AD,29953668,outcome,AD-R-071-O03,abstract,CSF biomarkers and SSD independently accounted for variance in cognitive performance,1752,1836,high
ndro-mvp-v0.1.2-20260823,2026-08-23,AD-R-071,AD,29953668,population,AD-R-071-P01,abstract,SSD group,542,551,high
ndro-mvp-v0.1.2-20260823,2026-08-23,AD-R-071,AD,29953668,population,AD-R-071-P02,abstract,non-SSD group,579,592,high
ndro-mvp-v0.1.2-20260823,2026-08-23,AD-R-072,AD,30703628,geography,AD-R-072-G01,affiliation,"NeuroImaging and Surgical Tools Laboratory, Montreal Neurological Institute, McGill University, Montreal, Quebec, Canada; McConnell Brain Imaging Centre, Montreal Neurological Institute, McGill University, Montreal, Quebec, Canada. Electronic address: [email redacted from public snapshot].",0,274,high
ndro-mvp-v0.1.2-20260823,2026-08-23,AD-R-072,AD,30703628,geography,AD-R-072-G02,affiliation,"McConnell Brain Imaging Centre, Montreal Neurological Institute, McGill University, Montreal, Quebec, Canada; Department of Psychiatry, McGill University Health Centre, McGill University, Montreal, Quebec, Canada.",484,697,high
ndro-mvp-v0.1.2-20260823,2026-08-23,AD-R-072,AD,30703628,outcome,AD-R-072-O01,abstract,Patients with MCI with high WMH volumes are known to have an increased chance of conversion to Alzheimer's disease compared with those without WMHs.,125,273,medium
ndro-mvp-v0.1.2-20260823,2026-08-23,AD-R-072,AD,30703628,outcome,AD-R-072-O02,abstract,Our results show a significantly greater increase of all regional WMH volumes in the MCI population that converts to dementia (p < 0.001).,730,868,high
ndro-mvp-v0.1.2-20260823,2026-08-23,AD-R-072,AD,30703628,outcome,AD-R-072-O03,abstract,T1w hypointensity for the juxtacortical WMHs was significantly lower in the converter group (p < 0.0001) and was not affected by age.,869,1002,high
ndro-mvp-v0.1.2-20260823,2026-08-23,AD-R-072,AD,30703628,outcome,AD-R-072-O04,abstract,"Conversely, T1w hypointensity in other regions showed a significant decrease with age (p < 0.0001).",1003,1102,high
ndro-mvp-v0.1.2-20260823,2026-08-23,AD-R-072,AD,30703628,population,AD-R-072-P01,abstract,White matter hyperintensities (WMHs) are common in individuals with mild cognitive impairment (MCI) and Alzheimer's disease.,0,124,medium
ndro-mvp-v0.1.2-20260823,2026-08-23,AD-R-074,AD,31846093,entity,AD-R-074-E01,title,"Effect of atorvastatin on Aβ1-42 -induced alteration of SESN2, SIRT1, LC3II and TPP1 protein expressions in neuronal cell cultures.",0,131,high
ndro-mvp-v0.1.2-20260823,2026-08-23,AD-R-074,AD,31846093,entity,AD-R-074-E02,abstract,"Co-administration of atorvastatin with Aβ1-42 compensates SESN2 increase and recovers SIRT1 decline by reducing oxidative stress, decreasing SESN2 expression and increasing SIRT1 expression by its neuroprotective action.",821,1041,high
ndro-mvp-v0.1.2-20260823,2026-08-23,AD-R-074,AD,31846093,entity,AD-R-074-E03,abstract,OBJECTIVES: Sestrins (SESNs) and sirtuins (SIRTs) are antioxidant and antiapoptotic genes and crucial mediators for lysosomal autophagy regulation that play a pivotal role in the Alzheimer's disease (AD).,0,204,high
ndro-mvp-v0.1.2-20260823,2026-08-23,AD-R-074,AD,31846093,geography,AD-R-074-G01,affiliation,"Faculty of Pharmacy, Department of Pharmacology, Hacettepe University, Ankara, Turkey.",0,86,high
ndro-mvp-v0.1.2-20260823,2026-08-23,AD-R-074,AD,31846093,geography,AD-R-074-G02,affiliation,"Stark Neurosciences Research Institute, Indiana University, Indianapolis, IN, USA.",150,232,high
ndro-mvp-v0.1.2-20260823,2026-08-23,AD-R-074,AD,31846093,method_model,AD-R-074-M01,abstract,"METHODS: This study was undertaken whether Aβ-induced changes of SESN2 and SIRT1 protein expression, autophagy marker LC3II and lysosomal enzyme TPP1 affected by atorvastatin (Western blot) and its possible role in Aβ neurotoxicity (ELISA).",390,630,high
ndro-mvp-v0.1.2-20260823,2026-08-23,AD-R-074,AD,31846093,method_model,AD-R-074-M02,abstract,"METHODS: This study was undertaken whether Aβ-induced changes of SESN2 and SIRT1 protein expression, autophagy marker LC3II and lysosomal enzyme TPP1 affected by atorvastatin (Western blot) and its possible role in Aβ neurotoxicity (ELISA).",390,630,high
ndro-mvp-v0.1.2-20260823,2026-08-23,AD-R-074,AD,31846093,method_model,AD-R-074-M03,title,"Effect of atorvastatin on Aβ1-42 -induced alteration of SESN2, SIRT1, LC3II and TPP1 protein expressions in neuronal cell cultures.",0,131,high
ndro-mvp-v0.1.2-20260823,2026-08-23,AD-R-074,AD,31846093,method_model,AD-R-074-M04,abstract,"KEY FINDINGS/RESULTS: We showed that SESN2 and LC3II expressions were elevated, whereas SIRT1 and TPP1 expressions were decreased in the Aβ1-42 -exposed human neuroblastoma cells (SH-SY5Y).",631,820,high
ndro-mvp-v0.1.2-20260823,2026-08-23,AD-R-074,AD,31846093,outcome,AD-R-074-O01,abstract,"Recently, statins have been linked to the reduced prevalence of AD in statin-prescribed populations yet molecular basis for the neuroprotective action of statins is still under debate.",205,389,medium
ndro-mvp-v0.1.2-20260823,2026-08-23,AD-R-074,AD,31846093,outcome,AD-R-074-O02,abstract,"KEY FINDINGS/RESULTS: We showed that SESN2 and LC3II expressions were elevated, whereas SIRT1 and TPP1 expressions were decreased in the Aβ1-42 -exposed human neuroblastoma cells (SH-SY5Y).",631,820,medium
ndro-mvp-v0.1.2-20260823,2026-08-23,AD-R-074,AD,31846093,outcome,AD-R-074-O03,abstract,"Co-administration of atorvastatin with Aβ1-42 compensates SESN2 increase and recovers SIRT1 decline by reducing oxidative stress, decreasing SESN2 expression and increasing SIRT1 expression by its neuroprotective action.",821,1041,medium
ndro-mvp-v0.1.2-20260823,2026-08-23,AD-R-074,AD,31846093,outcome,AD-R-074-O04,abstract,"DISCUSSION AND CONCLUSION: Together, these results indicate that atorvastatin induced SESN2, SIRT1 and LC3II levels play a protective role against Aβ1-42 neurotoxicity.",1257,1425,medium
ndro-mvp-v0.1.2-20260823,2026-08-23,AD-R-076,AD,39026372,entity,AD-R-076-E01,title,Tau protein profiling in tauopathies: a human brain study.,0,58,high
ndro-mvp-v0.1.2-20260823,2026-08-23,AD-R-076,AD,39026372,geography,AD-R-076-G01,affiliation,"Department of Psychiatry & Neurochemistry, Institute of Neuroscience and Physiology, The Sahlgrenska Academy at the University of Gothenburg, Mölndal, Sweden.",0,158,high
ndro-mvp-v0.1.2-20260823,2026-08-23,AD-R-076,AD,39026372,geography,AD-R-076-G02,affiliation,"AstraZeneca Neuroscience Innovative Medicines, MedImmune Ltd, Cambridge, CB21 6GH, UK.",452,538,high
ndro-mvp-v0.1.2-20260823,2026-08-23,AD-R-076,AD,39026372,geography,AD-R-076-G03,affiliation,"Centre for Age-Related Medicine, Stavanger University Hospital, Stavanger, Norway.",541,623,high
ndro-mvp-v0.1.2-20260823,2026-08-23,AD-R-076,AD,39026372,geography,AD-R-076-G04,affiliation,"Hong Kong Center for Neurodegenerative Diseases, Hong Kong, China.",1091,1157,high
ndro-mvp-v0.1.2-20260823,2026-08-23,AD-R-076,AD,39026372,geography,AD-R-076-G05,affiliation,"Wisconsin Alzheimer's Disease Research Center, University of Wisconsin School of Medicine and Public Health, University of Wisconsin-Madison, Madison, WI, USA.",1160,1319,high
ndro-mvp-v0.1.2-20260823,2026-08-23,AD-R-076,AD,39026372,method_model,AD-R-076-M01,abstract,"To better understand commonalities and differences between tauopathies, we report a multiplex assay combining immunoprecipitation and high-resolution mass spectrometry capable of detecting and quantifying peptides from different tau protein isoforms as well as non-phosphorylated and phosphorylated peptides, including those carrying multiple phosphorylations.",610,970,high
ndro-mvp-v0.1.2-20260823,2026-08-23,AD-R-076,AD,39026372,outcome,AD-R-076-O01,abstract,"Our results demonstrate that non-phosphorylated tau profiles differ across tauopathies, generally showing high abundance of microtubule-binding region (MTBR)-containing peptides in insoluble protein fractions compared with controls; the AD group showed 12-72 times higher levels of MTBR-containing aggregates.",1209,1518,medium
ndro-mvp-v0.1.2-20260823,2026-08-23,AD-R-076,AD,39026372,outcome,AD-R-076-O02,abstract,All phosphorylated peptides were significantly increased in AD insoluble fraction.,1814,1896,high
ndro-mvp-v0.1.2-20260823,2026-08-23,AD-R-076,AD,39026372,outcome,AD-R-076-O03,abstract,"However, doubly and triply phosphorylated peptides were significantly increased in AD even in the soluble fraction.",1897,2012,high
ndro-mvp-v0.1.2-20260823,2026-08-23,AD-R-076,AD,39026372,outcome,AD-R-076-O04,abstract,"Results were replicated using a validation cohort comprising AD (n = 10), CBD (n = 10), and controls (n = 10).",2013,2123,medium
ndro-mvp-v0.1.2-20260823,2026-08-23,AD-R-076,AD,39026372,population,AD-R-076-P01,abstract,"We investigated the tau proteoforms in soluble and insoluble fractions of brain tissue from subjects with autopsy-confirmed tauopathies, including sporadic AD (n = 10), PSP (n = 11), PiD (n = 10), and CBD (n = 10), and controls (n = 10).",971,1208,medium
ndro-mvp-v0.1.2-20260823,2026-08-23,AD-R-077,AD,39160609,geography,AD-R-077-G01,affiliation,"Department of Neurology, Qingdao Municipal Hospital, Qingdao University, No.5 Donghai Middle Road, Qingdao, China.",0,114,high
ndro-mvp-v0.1.2-20260823,2026-08-23,AD-R-077,AD,39160609,method_model,AD-R-077-M01,abstract,Mixed effects and COX regression models were applied to assess 37 potential risk factors.,634,723,high
ndro-mvp-v0.1.2-20260823,2026-08-23,AD-R-077,AD,39160609,outcome,AD-R-077-O01,abstract,"Notably, not all the people with amyloid-beta (Aβ) pathology will have significant cognitive declines and eventually develop AD.",235,363,high
ndro-mvp-v0.1.2-20260823,2026-08-23,AD-R-077,AD,39160609,outcome,AD-R-077-O02,abstract,"Additionally, we used the Cochran-Armitage trend test to examine whether the incidence of cognitive decline increased with the number concurrent of risk factors.",1049,1210,medium
ndro-mvp-v0.1.2-20260823,2026-08-23,AD-R-077,AD,39160609,outcome,AD-R-077-O03,abstract,"RESULTS: Six factors (low diastolic pressure, low body mass index, retired status, a history of drug abuse, Parkinsonism, and depression) were the identified risk factors and four factors (a history of urinary disease, musculoskeletal diseases, no major surgical history, and no prior dermatologic-connective tissue diseases) were found to be suggestive risk factors.",1211,1578,medium
ndro-mvp-v0.1.2-20260823,2026-08-23,AD-R-077,AD,39160609,outcome,AD-R-077-O04,abstract,The incidence of cognitive decline in the Aβ-positive participants gradually increased as the number of concurrent risk factors increased (p for trend = 0.0005).,1579,1740,medium
ndro-mvp-v0.1.2-20260823,2026-08-23,AD-R-077,AD,39160609,population,AD-R-077-P01,abstract,"Therefore, the aim of this study was to explore the risk factors for cognitive decline in Aβ-positive participants.",364,479,medium
ndro-mvp-v0.1.2-20260823,2026-08-23,AD-R-078,AD,39637799,entity,AD-R-078-E01,abstract,"Furthermore, circ_0061183 was positively related to mini-mental state examination scores and amyloid-β42 peptide expression in elderly individuals.",1337,1484,high
ndro-mvp-v0.1.2-20260823,2026-08-23,AD-R-078,AD,39637799,entity,AD-R-078-E02,abstract,"Overall, the current work offers epigenetic insights into the regulatory mechanisms of circRNAs on microglial activation caused by environmental pollutants.",1485,1641,high
ndro-mvp-v0.1.2-20260823,2026-08-23,AD-R-078,AD,39637799,geography,AD-R-078-G01,affiliation,"Joint International Research Laboratory of Environment and Health, Ministry of Education, Guangdong Provincial Engineering Technology Research Center of Environmental Pollution and Health Risk Assessment, Department of Occupational and Environmental Health, School of Public Health, Sun Yat-sen University, Guangzhou 510080, China.",0,331,high
ndro-mvp-v0.1.2-20260823,2026-08-23,AD-R-078,AD,39637799,geography,AD-R-078-G02,affiliation,"Department of Public Health and Clinical Medicine, Umeå University, Umeå, Sweden.",334,415,high
ndro-mvp-v0.1.2-20260823,2026-08-23,AD-R-078,AD,39637799,geography,AD-R-078-G03,affiliation,"A.I.Virtanen Institute for Molecular Sciences, University of Eastern Finland, Kuopio, Finland.",418,512,high
ndro-mvp-v0.1.2-20260823,2026-08-23,AD-R-078,AD,39637799,intervention,AD-R-078-I01,abstract,"Therefore, we explore cytotoxicity, microglia activation, and AD-associated circRNA expression in human microglial HMC3 cells treated with PM0.1, and further examined circRNA expression in mice and cognitively impaired individuals.",312,543,medium
ndro-mvp-v0.1.2-20260823,2026-08-23,AD-R-078,AD,39637799,method_model,AD-R-078-M01,abstract,"The results revealed that PM0.1 exposure decreased cell viability, increased lactate dehydrogenase activity, caused microglia activation, elevated microglial M1 maker expression, downregulated microglial M2 maker expression, and reduced AD-related circ_0061183 expression in vitro.",544,825,high
ndro-mvp-v0.1.2-20260823,2026-08-23,AD-R-078,AD,39637799,method_model,AD-R-078-M02,abstract,"Furthermore, circ_0061183 was positively related to mini-mental state examination scores and amyloid-β42 peptide expression in elderly individuals.",1337,1484,high
ndro-mvp-v0.1.2-20260823,2026-08-23,AD-R-078,AD,39637799,outcome,AD-R-078-O01,abstract,"Therefore, we explore cytotoxicity, microglia activation, and AD-associated circRNA expression in human microglial HMC3 cells treated with PM0.1, and further examined circRNA expression in mice and cognitively impaired individuals.",312,543,medium
ndro-mvp-v0.1.2-20260823,2026-08-23,AD-R-078,AD,39637799,outcome,AD-R-078-O02,abstract,"The results revealed that PM0.1 exposure decreased cell viability, increased lactate dehydrogenase activity, caused microglia activation, elevated microglial M1 maker expression, downregulated microglial M2 maker expression, and reduced AD-related circ_0061183 expression in vitro.",544,825,medium
ndro-mvp-v0.1.2-20260823,2026-08-23,AD-R-078,AD,39637799,population,AD-R-078-P01,abstract,"Therefore, we explore cytotoxicity, microglia activation, and AD-associated circRNA expression in human microglial HMC3 cells treated with PM0.1, and further examined circRNA expression in mice and cognitively impaired individuals.",312,543,medium
ndro-mvp-v0.1.2-20260823,2026-08-23,AD-R-079,AD,40779804,entity,AD-R-079-E01,abstract,Inhibition of butyrylcholinesterase (BChE),134,176,high
ndro-mvp-v0.1.2-20260823,2026-08-23,AD-R-079,AD,40779804,entity,AD-R-079-E02,abstract,p38α mitogen-activated protein kinase,181,218,high
ndro-mvp-v0.1.2-20260823,2026-08-23,AD-R-079,AD,40779804,entity,AD-R-079-E03,abstract,cholinergic deficit and neuroinflammation,324,365,high
ndro-mvp-v0.1.2-20260823,2026-08-23,AD-R-079,AD,40779804,geography,AD-R-079-G01,affiliation,"University of Ljubljana, 1000 Ljubljana, Slovenia",61,110,high
ndro-mvp-v0.1.2-20260823,2026-08-23,AD-R-079,AD,40779804,geography,AD-R-079-G02,affiliation,"Hradec Kralove, Czech Republic",291,321,high
ndro-mvp-v0.1.2-20260823,2026-08-23,AD-R-079,AD,40779804,geography,AD-R-079-G03,affiliation,"91220 Paris, France",536,555,high
ndro-mvp-v0.1.2-20260823,2026-08-23,AD-R-079,AD,40779804,geography,AD-R-079-G04,affiliation,Jagiellonian University Medical College,639,678,high
ndro-mvp-v0.1.2-20260823,2026-08-23,AD-R-079,AD,40779804,intervention,AD-R-079-I01,abstract,selective dual BChE/p38α MAPK inhibitors,475,515,high
ndro-mvp-v0.1.2-20260823,2026-08-23,AD-R-079,AD,40779804,method_model,AD-R-079-M01,abstract,Using structure-based drug design,367,400,high
ndro-mvp-v0.1.2-20260823,2026-08-23,AD-R-079,AD,40779804,method_model,AD-R-079-M02,abstract,X-ray crystal structures of the two most promising molecules,565,625,high
ndro-mvp-v0.1.2-20260823,2026-08-23,AD-R-079,AD,40779804,method_model,AD-R-079-M03,abstract,in vitro and ex vivo in phytohemagglutinin/lipopolysaccharide neuroinflammation models,737,823,high
ndro-mvp-v0.1.2-20260823,2026-08-23,AD-R-079,AD,40779804,method_model,AD-R-079-M04,abstract,scopolamine- and lipopolysaccharide-induced models of cognitive dysfunction in mice,894,977,high
ndro-mvp-v0.1.2-20260823,2026-08-23,AD-R-079,AD,40779804,outcome,AD-R-079-O01,abstract,ligands effectively reduced the production of proinflammatory markers,667,736,high
ndro-mvp-v0.1.2-20260823,2026-08-23,AD-R-079,AD,40779804,outcome,AD-R-079-O02,abstract,significantly improved cognition in scopolamine- and lipopolysaccharide-induced models,858,944,high
ndro-mvp-v0.1.2-20260823,2026-08-23,AD-R-080,AD,41224995,entity,AD-R-080-E01,abstract,The application of iPEX to depict spatial proteomic maps in brains of mice with 5xFAD Alzheimer's disease revealed an early-onset mitochondrial aberrancy.,937,1091,high
ndro-mvp-v0.1.2-20260823,2026-08-23,AD-R-080,AD,41224995,geography,AD-R-080-G01,affiliation,"Westlake Four-Dimensional Dynamic Metabolomics (Meta4D) Laboratory, Westlake Laboratory of Life Sciences and Biomedicine, Hangzhou, China.",0,138,high
ndro-mvp-v0.1.2-20260823,2026-08-23,AD-R-080,AD,41224995,method_model,AD-R-080-M01,abstract,"Using the retina as a model, iPEX enabled the construction of spatial proteomic maps with high precision, the visualization of single-cell layers and extrasomatic structures and the identification of colocalized proteins. iPEX was readily applied to diverse tissues, including brain, intestine, liver and organoids, detecting 600-1,500 proteins at 1-5-µm effective pixel size.",560,936,high
ndro-mvp-v0.1.2-20260823,2026-08-23,AD-R-080,AD,41224995,method_model,AD-R-080-M02,title,iPEX enables micrometre-resolution deep spatial proteomics via tissue expansion.,0,80,high
ndro-mvp-v0.1.2-20260823,2026-08-23,AD-R-080,AD,41224995,outcome,AD-R-080-O01,abstract,The number of spatial omics technologies being developed is increasing1.,0,72,medium
ndro-mvp-v0.1.2-20260823,2026-08-23,AD-R-080,AD,41224995,outcome,AD-R-080-O02,abstract,"Here we present in situ imaging proteomics via expansion (iPEX), which integrates isotropic tissue magnification2 with matrix-assisted laser desorption/ionization (MALDI) mass spectrometry imaging. iPEX provides scalable spatial resolution down to the micrometre scale and substantially increases the sensitivity of protein identification by 10-100-fold.",205,559,medium
ndro-mvp-v0.1.2-20260823,2026-08-23,AD-R-080,AD,41224995,outcome,AD-R-080-O03,abstract,"Together, these results demonstrate that iPEX facilitates untargeted spatial proteomics at micrometre resolution for diverse applications.",1632,1770,medium
ndro-mvp-v0.1.2-20260823,2026-08-23,ALS-R-007,ALS,22117694,entity,ALS-R-007-E01,abstract,"D-serine is increased two-fold in spinal cords of G93A Cu,Zn-superoxide dismutase (SOD1) mice--the standard model of amyotrophic lateral sclerosis (ALS).",581,734,high
ndro-mvp-v0.1.2-20260823,2026-08-23,ALS-R-007,ALS,22117694,geography,ALS-R-007-G01,affiliation,"Department of Pharmacology and Toxicology, University of Arkansas for Medical Sciences, Little Rock, AR 72205, USA.",0,115,high
ndro-mvp-v0.1.2-20260823,2026-08-23,ALS-R-007,ALS,22117694,method_model,ALS-R-007-M01,title,Paradoxical roles of serine racemase and D-serine in the G93A mSOD1 mouse model of amyotrophic lateral sclerosis.,0,113,high
ndro-mvp-v0.1.2-20260823,2026-08-23,ALS-R-007,ALS,22117694,outcome,ALS-R-007-O01,abstract,"D-serine is an endogenous neurotransmitter that binds to the NMDA receptor, thereby increasing the affinity for glutamate, and the potential for excitotoxicity.",0,160,medium
ndro-mvp-v0.1.2-20260823,2026-08-23,ALS-R-007,ALS,22117694,outcome,ALS-R-007-O02,abstract,"D-serine is increased two-fold in spinal cords of G93A Cu,Zn-superoxide dismutase (SOD1) mice--the standard model of amyotrophic lateral sclerosis (ALS).",581,734,medium
ndro-mvp-v0.1.2-20260823,2026-08-23,ALS-R-007,ALS,22117694,outcome,ALS-R-007-O03,abstract,D-serine treatment also increases cord levels of the alanine-serine-cysteine transporter 1 (Asc-1).,1041,1140,medium
ndro-mvp-v0.1.2-20260823,2026-08-23,ALS-R-007,ALS,22117694,outcome,ALS-R-007-O04,abstract,"Although the mechanism by which SOD1 mutations increases D-serine is not known, these results strongly suggest that SR and D-serine are fundamentally involved in both the pre-symptomatic and progression phases of disease, and offer a direct link between mutant SOD1 and a glial-derived toxic mediator.",1141,1442,medium
ndro-mvp-v0.1.2-20260823,2026-08-23,ALS-R-009,ALS,20188146,entity,ALS-R-009-E01,abstract,VAPBP56S,458,466,high
ndro-mvp-v0.1.2-20260823,2026-08-23,ALS-R-009,ALS,20188146,entity,ALS-R-009-E02,abstract,TDP-43 mislocalization,1020,1042,high
ndro-mvp-v0.1.2-20260823,2026-08-23,ALS-R-009,ALS,20188146,geography,ALS-R-009-G01,affiliation,"King's College London, London, UK",68,101,high
ndro-mvp-v0.1.2-20260823,2026-08-23,ALS-R-009,ALS,20188146,intervention,ALS-R-009-I01,abstract,transgenic mice that express either wild-type VAPB (VAPBwt) or VAPBP56S,597,668,high
ndro-mvp-v0.1.2-20260823,2026-08-23,ALS-R-009,ALS,20188146,method_model,ALS-R-009-M01,abstract,created transgenic mice that express either wild-type VAPB (VAPBwt) or VAPBP56S,589,668,high
ndro-mvp-v0.1.2-20260823,2026-08-23,ALS-R-009,ALS,20188146,method_model,ALS-R-009-M02,abstract,no overt motor phenotype nor alterations in survival,731,783,high
ndro-mvp-v0.1.2-20260823,2026-08-23,ALS-R-009,ALS,20188146,method_model,ALS-R-009-M03,abstract,cytoplasmic TDP-43 accumulations within spinal cord motor neurons,842,907,high
ndro-mvp-v0.1.2-20260823,2026-08-23,ALS-R-009,ALS,20188146,outcome,ALS-R-009-O01,abstract,revealed no overt motor phenotype,722,755,high
ndro-mvp-v0.1.2-20260823,2026-08-23,ALS-R-009,ALS,20188146,outcome,ALS-R-009-O02,abstract,nor alterations in survival,756,783,high
ndro-mvp-v0.1.2-20260823,2026-08-23,ALS-R-009,ALS,20188146,outcome,ALS-R-009-O03,abstract,VAPBP56S but not VAPBwt transgenic mice develop cytoplasmic TDP-43 accumulations,794,874,high
ndro-mvp-v0.1.2-20260823,2026-08-23,ALS-R-010,ALS,21111718,entity,ALS-R-010-E01,abstract,"In order to study the possible molecular pathways that the oxidative toxicity induced MN death in ALS, a MN-like cell NSC34, a primary neuronal cell (PNC) of mouse prontal cortex, and a G93A-SOD1 transgenic mouse model were used.",425,654,high
ndro-mvp-v0.1.2-20260823,2026-08-23,ALS-R-010,ALS,21111718,geography,ALS-R-010-G01,affiliation,"Department of Neurology, Nanchang University, Nanchang, Jiangxi 330006, China. [email redacted from public snapshot]",0,97,high
ndro-mvp-v0.1.2-20260823,2026-08-23,ALS-R-010,ALS,21111718,method_model,ALS-R-010-M01,abstract,"Exposure of NSC34 and PNC to cobalt chloride or chronic sustained hypoxic conditions showed a dramatic increase of cellular Hif-1α (hypoxia inducing factor-1α), HO-1 (heme oxygenases-1), and UCP4 (uncoupling protein 4) expression by Western blot analysis, accompanied with increasing cellular apoptosis by histone protein release assay.",655,991,high
ndro-mvp-v0.1.2-20260823,2026-08-23,ALS-R-010,ALS,21111718,method_model,ALS-R-010-M02,abstract,"In an ALS mouse model, the caspase 3 activation, Aif (apoptosis inducing factor), cytochrome c redistribution in MN of spinal cord significantly increased at 70days of disease progression, and Hif-1α expression significantly increased at whole disease stages by an immunohistochemical positive cell counting and Western blot analysis, respectively.",992,1340,high
ndro-mvp-v0.1.2-20260823,2026-08-23,ALS-R-010,ALS,21111718,method_model,ALS-R-010-M03,abstract,"The data on this in vitro and in vivo study suggested that oxidative toxicity promoted multiple molecular pathways associated with MN death in ALS and at least were partially associated with the changes of Hif-1α, HO-1, UCP4 expressive increment, caspase 3 activation and Aif, cytochrome c redistribution.",1341,1646,high
ndro-mvp-v0.1.2-20260823,2026-08-23,ALS-R-010,ALS,21111718,outcome,ALS-R-010-O01,abstract,"Exposure of NSC34 and PNC to cobalt chloride or chronic sustained hypoxic conditions showed a dramatic increase of cellular Hif-1α (hypoxia inducing factor-1α), HO-1 (heme oxygenases-1), and UCP4 (uncoupling protein 4) expression by Western blot analysis, accompanied with increasing cellular apoptosis by histone protein release assay.",655,991,medium
ndro-mvp-v0.1.2-20260823,2026-08-23,ALS-R-010,ALS,21111718,outcome,ALS-R-010-O02,abstract,"In an ALS mouse model, the caspase 3 activation, Aif (apoptosis inducing factor), cytochrome c redistribution in MN of spinal cord significantly increased at 70days of disease progression, and Hif-1α expression significantly increased at whole disease stages by an immunohistochemical positive cell counting and Western blot analysis, respectively.",992,1340,high
ndro-mvp-v0.1.2-20260823,2026-08-23,ALS-R-010,ALS,21111718,outcome,ALS-R-010-O03,abstract,"The data on this in vitro and in vivo study suggested that oxidative toxicity promoted multiple molecular pathways associated with MN death in ALS and at least were partially associated with the changes of Hif-1α, HO-1, UCP4 expressive increment, caspase 3 activation and Aif, cytochrome c redistribution.",1341,1646,medium
ndro-mvp-v0.1.2-20260823,2026-08-23,ALS-R-011,ALS,22792076,entity,ALS-R-011-E01,abstract,TDP-43 is a multifunctional nucleic acid binding protein,0,56,high
ndro-mvp-v0.1.2-20260823,2026-08-23,ALS-R-011,ALS,22792076,entity,ALS-R-011-E02,abstract,tdp-1 mutants,526,539,high
ndro-mvp-v0.1.2-20260823,2026-08-23,ALS-R-011,ALS,22792076,entity,ALS-R-011-E03,abstract,related RNA binding protein FUS,678,709,high
ndro-mvp-v0.1.2-20260823,2026-08-23,ALS-R-011,ALS,22792076,entity,ALS-R-011-E04,abstract,TDP-1 functions in the Insulin/IGF pathway,344,386,high
ndro-mvp-v0.1.2-20260823,2026-08-23,ALS-R-011,ALS,22792076,entity,ALS-R-011-E05,abstract,forkhead transcription factor DAF-16/FOXO3a,463,506,high
ndro-mvp-v0.1.2-20260823,2026-08-23,ALS-R-011,ALS,22792076,geography,ALS-R-011-G01,affiliation,"Université de Montréal, Montréal, Québec, Canada",8,56,high
ndro-mvp-v0.1.2-20260823,2026-08-23,ALS-R-011,ALS,22792076,intervention,ALS-R-011-I01,abstract,chronic upregulation of tdp-1 expression is toxic,562,611,high
ndro-mvp-v0.1.2-20260823,2026-08-23,ALS-R-011,ALS,22792076,intervention,ALS-R-011-I02,abstract,deletion of endogenous tdp-1 rescues,915,951,high
ndro-mvp-v0.1.2-20260823,2026-08-23,ALS-R-011,ALS,22792076,method_model,ALS-R-011-M01,abstract,we turned to Caenorhabditis elegans and its orthologue TDP-1,267,327,high
ndro-mvp-v0.1.2-20260823,2026-08-23,ALS-R-011,ALS,22792076,method_model,ALS-R-011-M02,abstract,regulate longevity and the oxidative stress response,390,442,high
ndro-mvp-v0.1.2-20260823,2026-08-23,ALS-R-011,ALS,22792076,method_model,ALS-R-011-M03,abstract,deletion of endogenous tdp-1 rescues mutant TDP-43 and FUS proteotoxicity,915,988,high
ndro-mvp-v0.1.2-20260823,2026-08-23,ALS-R-011,ALS,22792076,outcome,ALS-R-011-O01,abstract,chronic upregulation of tdp-1 expression is toxic and decreases lifespan,562,634,high
ndro-mvp-v0.1.2-20260823,2026-08-23,ALS-R-011,ALS,22792076,outcome,ALS-R-011-O02,abstract,deletion of endogenous tdp-1 rescues mutant TDP-43 and FUS proteotoxicity,915,988,high
ndro-mvp-v0.1.2-20260823,2026-08-23,ALS-R-013,ALS,21554033,geography,ALS-R-013-G01,affiliation,"Department of Neurology, Peking University Third Hospital ,  Haidian District, Beijing ,  China.",0,96,high
ndro-mvp-v0.1.2-20260823,2026-08-23,ALS-R-013,ALS,21554033,method_model,ALS-R-013-M01,title,Upper trapezius electromyography aids in the early diagnosis of bulbar involvement in amyotrophic lateral sclerosis.,0,116,high
ndro-mvp-v0.1.2-20260823,2026-08-23,ALS-R-013,ALS,21554033,outcome,ALS-R-013-O01,abstract,Significant differences in motor unit action potential parameters were also noted between ALS and CSM or NC.,847,955,high
ndro-mvp-v0.1.2-20260823,2026-08-23,ALS-R-013,ALS,21554033,outcome,ALS-R-013-O02,abstract,"Furthermore, no differences in neurogenic EMG measurements were observed in ALS between the trapezius and sternocleidomastoid muscles (p = 0.22).",1028,1173,high
ndro-mvp-v0.1.2-20260823,2026-08-23,ALS-R-013,ALS,21554033,outcome,ALS-R-013-O03,abstract,"In conclusion, upper trapezius EMG recordings may provide valuable information for assessing the clinical and subclinical involvement of bulbar lower motor neurons in ALS patients, particularly at early disease stages.",1174,1392,medium
ndro-mvp-v0.1.2-20260823,2026-08-23,ALS-R-013,ALS,21554033,population,ALS-R-013-P01,abstract,Forty-three CSM patients were examined pre-operatively and three months post-operatively.,544,633,medium
ndro-mvp-v0.1.2-20260823,2026-08-23,ALS-R-014,ALS,20407306,geography,ALS-R-014-G01,affiliation,"Respiratory Care Unit, Respiratory Medicine Department, Hospital Clínico Universitario, Valencia, Spain.",0,104,high
ndro-mvp-v0.1.2-20260823,2026-08-23,ALS-R-014,ALS,20407306,outcome,ALS-R-014-O01,abstract,Cuffless tubes were replaced by cuffed ones when hypoventilation developed despite increasing uTIPPV volumes.,857,966,medium
ndro-mvp-v0.1.2-20260823,2026-08-23,ALS-R-014,ALS,20407306,outcome,ALS-R-014-O02,abstract,"RESULTS: The survival of 22 patients was prolonged by continuous noninvasive ventilatory support dependence for 7.8 +/- 8.1 mos (range, 1-36 mos; median, 5 mos) after 13.9 +/- 11.2 mos (range, 2-36 mos) of part-time noninvasive ventilatory support.",967,1215,medium
ndro-mvp-v0.1.2-20260823,2026-08-23,ALS-R-014,ALS,20407306,outcome,ALS-R-014-O03,abstract,Pretracheotomy FVC was significantly lower in the ten patients who eventually required cuffed tubes (0.70 +/- 0.44 vs.,1561,1679,high
ndro-mvp-v0.1.2-20260823,2026-08-23,ALS-R-014,ALS,20407306,outcome,ALS-R-014-O04,abstract,"The bulbar-innervated muscle was significantly lower when the uTIPPV users required cuffed TIPPV than when beginning uTIPPV (Norris scale bulbar-innervated muscle subscore, 3.20 +/- 1.30 vs.",1708,1898,high
ndro-mvp-v0.1.2-20260823,2026-08-23,ALS-R-014,ALS,20407306,population,ALS-R-014-P01,abstract,"RESULTS: The survival of 22 patients was prolonged by continuous noninvasive ventilatory support dependence for 7.8 +/- 8.1 mos (range, 1-36 mos; median, 5 mos) after 13.9 +/- 11.2 mos (range, 2-36 mos) of part-time noninvasive ventilatory support.",967,1215,high
ndro-mvp-v0.1.2-20260823,2026-08-23,ALS-R-015,ALS,20206953,geography,ALS-R-015-G01,affiliation,"Service de neurologie, hôpital d'instruction des armées Desgenettes, boulevard Pinel, Lyon cedex 03, France. [email redacted from public snapshot]",0,129,high
ndro-mvp-v0.1.2-20260823,2026-08-23,ALS-R-015,ALS,20206953,outcome,ALS-R-015-O01,abstract,"INTRODUCTION: An apparent increased risk for developing Amyotrophic Lateral Sclerosis (ALS), a multifactorial neurodegenerative disease, is considered to exist in the military population.",0,187,medium
ndro-mvp-v0.1.2-20260823,2026-08-23,ALS-R-015,ALS,20206953,outcome,ALS-R-015-O02,abstract,"RESULTS: We report a series of 73 patients, 69 male and four female, average age of 52.5 years (range 27 to 72 years) with a peak of patients in the 50-59 year age class.",500,670,medium
ndro-mvp-v0.1.2-20260823,2026-08-23,ALS-R-015,ALS,20206953,outcome,ALS-R-015-O03,abstract,CONCLUSION: The retrospective nature of the data and the incomplete population with loss of retired military personnel without CNMSS affiliation are limitations of our study.,1102,1276,medium
ndro-mvp-v0.1.2-20260823,2026-08-23,ALS-R-015,ALS,20206953,population,ALS-R-015-P01,abstract,"RESULTS: We report a series of 73 patients, 69 male and four female, average age of 52.5 years (range 27 to 72 years) with a peak of patients in the 50-59 year age class.",500,670,high
ndro-mvp-v0.1.2-20260823,2026-08-23,ALS-R-015,ALS,20206953,population,ALS-R-015-P02,abstract,"The branch of military service was Army (n=26 patients), Air force (n=14), Navy (n=10) and State Police Force (n=22).",671,788,high
ndro-mvp-v0.1.2-20260823,2026-08-23,ALS-R-017,ALS,20554027,entity,ALS-R-017-E01,abstract,"Almost all IFN-gamma-R-positive (IFN-gamma-R(+)) cells corresponded to GFAP-positive (GFAP(+)) astrocytes, while none of IFN-gamma-R(+) cells corresponded to IBA1-positive (IBA1(+)) microglia or MBP-positive (MBP(+)) oligodendrocytes in these neurological cases.",538,800,high
ndro-mvp-v0.1.2-20260823,2026-08-23,ALS-R-017,ALS,20554027,geography,ALS-R-017-G01,affiliation,"Department of Psychiatry, The University of British Columbia, Vancouver, BC, Canada.",0,84,high
ndro-mvp-v0.1.2-20260823,2026-08-23,ALS-R-017,ALS,20554027,method_model,ALS-R-017-M01,abstract,"Also, we quantitatively analyzed the IFN-gamma-R expression by cultured human glial cells using immunocytochemistry and reverse transcription polymerase chain reaction (RT-PCR).",890,1067,high
ndro-mvp-v0.1.2-20260823,2026-08-23,ALS-R-017,ALS,20554027,method_model,ALS-R-017-M02,abstract,"To examine the glial expression of IFN-gamma-R in the human CNS, immunohistochemistry and quantitative analyses were performed on Alzheimer disease hippocampus, Parkinson disease substantia nigra, amyotrophic lateral sclerosis spinal cord and corresponding areas from non-neurological cases.",246,537,high
ndro-mvp-v0.1.2-20260823,2026-08-23,ALS-R-017,ALS,20554027,method_model,ALS-R-017-M03,title,Differential expression of interferon-gamma receptor on human glial cells in vivo and in vitro.,0,95,high
ndro-mvp-v0.1.2-20260823,2026-08-23,ALS-R-017,ALS,20554027,outcome,ALS-R-017-O01,abstract,"Although significant effects of interferon-gamma (IFN-gamma) on glial cells are well documented, information on the expression level and localization of glial IFN-gamma receptors (IFN-gamma-R) in the human central nervous system (CNS) is sparse.",0,245,high
ndro-mvp-v0.1.2-20260823,2026-08-23,ALS-R-017,ALS,20554027,outcome,ALS-R-017-O02,abstract,We observed a similar pattern of glial IFN-gamma-R expression in non-neurological cases.,801,889,medium
ndro-mvp-v0.1.2-20260823,2026-08-23,ALS-R-017,ALS,20554027,outcome,ALS-R-017-O03,abstract,"In contrast to in vivo results, almost all IFN-gamma-R(+) cells were IBA1(+) in microglial cultures, GFAP(+) in astrocytic cultures and MBP(+) in oligodendrocytic cultures.",1068,1240,medium
ndro-mvp-v0.1.2-20260823,2026-08-23,ALS-R-017,ALS,20554027,outcome,ALS-R-017-O04,abstract,"Moreover, no significant difference in IFN-gamma-R mRNA expression was found for these glial cell types by RT-PCR.",1241,1355,high
ndro-mvp-v0.1.2-20260823,2026-08-23,ALS-R-017,ALS,20554027,population,ALS-R-017-P01,abstract,"To examine the glial expression of IFN-gamma-R in the human CNS, immunohistochemistry and quantitative analyses were performed on Alzheimer disease hippocampus, Parkinson disease substantia nigra, amyotrophic lateral sclerosis spinal cord and corresponding areas from non-neurological cases.",246,537,medium
ndro-mvp-v0.1.2-20260823,2026-08-23,ALS-R-019,ALS,20225928,entity,ALS-R-019-E01,title,TDP-43 and ubiquitinated cytoplasmic aggregates in sporadic ALS are low frequency and widely distributed in the lower motor neuron columns independent of disease spread.,0,169,high
ndro-mvp-v0.1.2-20260823,2026-08-23,ALS-R-019,ALS,20225928,geography,ALS-R-019-G01,affiliation,"Translational Research Program, Benaroya Research Institute at Virginia Mason, Seattle, Washington 98101, USA.",0,110,high
ndro-mvp-v0.1.2-20260823,2026-08-23,ALS-R-019,ALS,20225928,outcome,ALS-R-019-O01,abstract,We correlated ubiquitinated to TDP-43 aggregates on adjacent histological sections for the lumbar regions.,784,890,medium
ndro-mvp-v0.1.2-20260823,2026-08-23,ALS-R-019,ALS,20225928,outcome,ALS-R-019-O02,abstract,"We found that TDP-43 cytoplasmic aggregates are seen in about 8% of motor neurons but there is marked variability between nervous systems, ranging from 0.4% to 20.6%.",891,1057,high
ndro-mvp-v0.1.2-20260823,2026-08-23,ALS-R-019,ALS,20225928,population,ALS-R-019-P01,abstract,"We examined TDP-43 cytoplasmic aggregates at four separate neuraxis levels - hypoglossal nucleus and cervical, thoracic, and lumbar anterior horns - in five controls and 20 sporadic ALS nervous systems from patients whose disease began in various sites, i.e. five bulbar, five arm, five trunk, and five leg onsets.",469,783,medium
ndro-mvp-v0.1.2-20260823,2026-08-23,ALS-R-020,ALS,22350501,geography,ALS-R-020-G01,affiliation,"NeuroSky (Hong Kong) Co. Ltd, Hong Kong, People's Republic of China. [email redacted from public snapshot]",0,90,high
ndro-mvp-v0.1.2-20260823,2026-08-23,ALS-R-020,ALS,22350501,method_model,ALS-R-020-M01,title,EEG correlates of P300-based brain-computer interface (BCI) performance in people with amyotrophic lateral sclerosis.,0,117,high
ndro-mvp-v0.1.2-20260823,2026-08-23,ALS-R-020,ALS,22350501,outcome,ALS-R-020-O01,abstract,"Three types of EEG features were found to be good predictors of P300 BCI performance: (1) the root-mean-square amplitude and (2) the negative peak amplitude of the event-related potential to target stimuli (target ERP) at Fz, Cz, P3, Pz, and P4; and (3) EEG theta frequency (4.5-8 Hz) power at Fz, Cz, P3, Pz, P4, PO7, PO8 and Oz.",294,624,medium
ndro-mvp-v0.1.2-20260823,2026-08-23,ALS-R-020,ALS,22350501,outcome,ALS-R-020-O02,abstract,"A statistical prediction model that used a subset of these features accounted for >60% of the variance in copy-spelling performance (p < 0.001, mean R(2) = 0.6175).",625,789,high
ndro-mvp-v0.1.2-20260823,2026-08-23,ALS-R-020,ALS,22350501,outcome,ALS-R-020-O03,abstract,The results enhance understanding of performance differences among P300 BCI users.,871,953,medium
ndro-mvp-v0.1.2-20260823,2026-08-23,ALS-R-020,ALS,22350501,outcome,ALS-R-020-O04,abstract,The predictors found in this study might help in: (1) identifying suitable candidates for long-term P300 BCI operation; (2) assessing performance online.,954,1107,medium
ndro-mvp-v0.1.2-20260823,2026-08-23,ALS-R-020,ALS,22350501,population,ALS-R-020-P01,abstract,"The correlations reflected between-subject, rather than within-subject, effects.",790,870,medium
ndro-mvp-v0.1.2-20260823,2026-08-23,ALS-R-021,ALS,29035885,entity,ALS-R-021-E01,abstract,"BACKGROUND: Amyotrophic lateral sclerosis (ALS) shows a strong genetic basis, with SOD1, FUS, TARDBP, and C9ORF72 being the genes most frequently involved.",0,155,high
ndro-mvp-v0.1.2-20260823,2026-08-23,ALS-R-021,ALS,29035885,entity,ALS-R-021-E02,abstract,"BACKGROUND: Amyotrophic lateral sclerosis (ALS) shows a strong genetic basis, with SOD1, FUS, TARDBP, and C9ORF72 being the genes most frequently involved.",0,155,high
ndro-mvp-v0.1.2-20260823,2026-08-23,ALS-R-021,ALS,29035885,entity,ALS-R-021-E03,title,ALS-Related Mutant FUS Protein Is Mislocalized to Cytoplasm and Is Recruited into Stress Granules of Fibroblasts from Asymptomatic FUS P525L Mutation Carriers.,0,159,high
ndro-mvp-v0.1.2-20260823,2026-08-23,ALS-R-021,ALS,29035885,entity,ALS-R-021-E04,abstract,"BACKGROUND: Amyotrophic lateral sclerosis (ALS) shows a strong genetic basis, with SOD1, FUS, TARDBP, and C9ORF72 being the genes most frequently involved.",0,155,high
ndro-mvp-v0.1.2-20260823,2026-08-23,ALS-R-021,ALS,29035885,geography,ALS-R-021-G01,affiliation,"ALS Clinical Research Center and Laboratory of Neurochemistry, Department of Experimental Biomedicine and Clinical Neurosciences, University of Palermo, Palermo, Italy.",0,168,high
ndro-mvp-v0.1.2-20260823,2026-08-23,ALS-R-021,ALS,29035885,method_model,ALS-R-021-M01,abstract,METHODS: Western blots and immunocytochemistry were performed to study the subcellular localization of FUS protein.,533,648,high
ndro-mvp-v0.1.2-20260823,2026-08-23,ALS-R-021,ALS,29035885,outcome,ALS-R-021-O01,abstract,RESULTS: Fibroblasts from healthy controls and sporadic ALS cases showed a prominent nuclear FUS expression.,734,842,medium
ndro-mvp-v0.1.2-20260823,2026-08-23,ALS-R-021,ALS,29035885,outcome,ALS-R-021-O02,abstract,"Cytoplasmic FUS was recruited into stress granules, which showed a time-dependent decrease in all subjects.",1123,1230,medium
ndro-mvp-v0.1.2-20260823,2026-08-23,ALS-R-021,ALS,29035885,outcome,ALS-R-021-O03,abstract,"CONCLUSIONS: We show that in fibroblasts of FUS P525L mutation carriers, FUS mislocalized to the cytoplasm where it redistributed into stress granules with likely a dose effect, i.e. a higher number of cells with granules, which persist longer, than in controls and ALS cases.",1403,1679,medium
ndro-mvp-v0.1.2-20260823,2026-08-23,ALS-R-021,ALS,29035885,population,ALS-R-021-P01,abstract,"OBJECTIVES: We studied the cellular expression of FUS protein and the effect of heat-shock- and dithiothreitol-induced stress in fibroblasts from FUS P525L mutation carriers, healthy controls, and patients with sporadic ALS.",308,532,medium
ndro-mvp-v0.1.2-20260823,2026-08-23,ALS-R-022,ALS,28566164,entity,ALS-R-022-E01,title,Cervical spinal cord and motor unit pathology in a canine model of SOD1-associated amyotrophic lateral sclerosis.,0,113,high
ndro-mvp-v0.1.2-20260823,2026-08-23,ALS-R-022,ALS,28566164,geography,ALS-R-022-G01,affiliation,"Mason Eye Institute, University of Missouri School of Medicine, Columbia, MO, United States. Electronic address: [email redacted from public snapshot].",0,139,high
ndro-mvp-v0.1.2-20260823,2026-08-23,ALS-R-022,ALS,28566164,method_model,ALS-R-022-M01,abstract,"Degenerative myelopathy (DM), a naturally occurring disease in dogs, is quite similar to forms of ALS associated with SOD1 mutations and is likely to be a good model for these forms of the human disease.",183,386,high
ndro-mvp-v0.1.2-20260823,2026-08-23,ALS-R-022,ALS,28566164,method_model,ALS-R-022-M02,abstract,The sequence of histopathological changes that occur in DM was characterized by analyzing tissue samples obtained from affected dogs euthanized at various stages of disease progression.,387,572,high
ndro-mvp-v0.1.2-20260823,2026-08-23,ALS-R-022,ALS,28566164,outcome,ALS-R-022-O01,title,Cervical spinal cord and motor unit pathology in a canine model of SOD1-associated amyotrophic lateral sclerosis.,0,113,medium
ndro-mvp-v0.1.2-20260823,2026-08-23,ALS-R-022,ALS,28566164,outcome,ALS-R-022-O02,abstract,"Degenerative myelopathy (DM), a naturally occurring disease in dogs, is quite similar to forms of ALS associated with SOD1 mutations and is likely to be a good model for these forms of the human disease.",183,386,medium
ndro-mvp-v0.1.2-20260823,2026-08-23,ALS-R-022,ALS,28566164,outcome,ALS-R-022-O03,abstract,"Cervical spinal cord and the associated spinal nerve roots, ulnar nerve, and the extensor carpi radialis (ECR) muscle were obtained from Pembroke Welsh Corgi dogs (PWCs) with early and late stage DM and from age-matched unaffected PWCs.",573,809,medium
ndro-mvp-v0.1.2-20260823,2026-08-23,ALS-R-022,ALS,28566164,outcome,ALS-R-022-O04,abstract,In early stage disease there was a substantial change in the ratio of the two main muscle fiber types and an increase in mean muscle fiber area in the ECR.,810,965,medium
ndro-mvp-v0.1.2-20260823,2026-08-23,ALS-R-024,ALS,27666978,geography,ALS-R-024-G01,affiliation,"Centro de Pesquisa Pré-Clínica, Instituto do Cérebro do Rio Grande do Sul - Brain Institute (BraIns), Porto Alegre, RS, Brazil; Laboratório de Neurociências, Instituto do Cérebro do Rio Grande do Sul - Brain Institute (BraIns), Pontifícia Universidade Católica do Rio Grande do Sul (PUCRS), Porto Alegre, RS, Brazil.",0,316,high
ndro-mvp-v0.1.2-20260823,2026-08-23,ALS-R-024,ALS,27666978,intervention,ALS-R-024-I01,title,"Transplantation of bone marrow mononuclear cells prolongs survival, delays disease onset and progression and mitigates neuronal loss in pre-symptomatic, but not symptomatic ALS mice.",0,182,high
ndro-mvp-v0.1.2-20260823,2026-08-23,ALS-R-024,ALS,27666978,method_model,ALS-R-024-M01,abstract,This study verified the therapeutic potential of bone marrow mononuclear cells (BMMCs) in SOD1G93A mice.,155,259,high
ndro-mvp-v0.1.2-20260823,2026-08-23,ALS-R-024,ALS,27666978,outcome,ALS-R-024-O01,abstract,The effects were more significant for the EGFPBMMC-transplanted mice.,813,882,high
ndro-mvp-v0.1.2-20260823,2026-08-23,ALS-R-024,ALS,27666978,outcome,ALS-R-024-O02,abstract,"In late symptomatic mice, EGFPBMMCs promoted a discrete increase in survival, without other clinical improvements.",883,997,medium
ndro-mvp-v0.1.2-20260823,2026-08-23,ALS-R-024,ALS,27666978,outcome,ALS-R-024-O03,abstract,"Despite positive behavioral effects observed in our study, the limited results we observed for late transplanted mice call for caution before clinical application of BMMCs in ALS.",1154,1333,medium
ndro-mvp-v0.1.2-20260823,2026-08-23,ALS-R-024,ALS,27666978,population,ALS-R-024-P01,abstract,BMMCs were obtained from enhanced green fluorescent protein (EGFP) transgenic C57BL/6 mice (EGFPBMMCs) or from SOD1G93A transgenic mice (mSOD1BMMCs) and given to mice at the pre-symptomatic or late symptomatic stage.,260,476,high
ndro-mvp-v0.1.2-20260823,2026-08-23,ALS-R-026,ALS,26516189,entity,ALS-R-026-E01,title,"Folliculin, a tumor suppressor associated with Birt-Hogg-Dubé (BHD) syndrome, is a novel modifier of TDP-43 cytoplasmic translocation and aggregation.",0,150,high
ndro-mvp-v0.1.2-20260823,2026-08-23,ALS-R-026,ALS,26516189,entity,ALS-R-026-E02,abstract,TDP-43 was identified as the major component of ubiquitin and autophagosome-positive cytoplasmic inclusions in neurons in the large majority of amyotrophic lateral sclerosis (ALS) and frontotemporal lobar dementia (FTLD) patients.,0,230,high
ndro-mvp-v0.1.2-20260823,2026-08-23,ALS-R-026,ALS,26516189,geography,ALS-R-026-G01,affiliation,"Laboratory of Molecular Neuropathology, Jiangsu Key Laboratory of Translational Research and Therapy for Neuro-Psycho-Diseases and College of Pharmaceutical Sciences, Soochow University, Suzhou, Jiangsu 215021, China.",0,217,high
ndro-mvp-v0.1.2-20260823,2026-08-23,ALS-R-026,ALS,26516189,outcome,ALS-R-026-O01,title,"Folliculin, a tumor suppressor associated with Birt-Hogg-Dubé (BHD) syndrome, is a novel modifier of TDP-43 cytoplasmic translocation and aggregation.",0,150,medium
ndro-mvp-v0.1.2-20260823,2026-08-23,ALS-R-026,ALS,26516189,outcome,ALS-R-026-O02,abstract,"It has been shown that a loss of nuclear TDP-43 in combination with enhanced cytoplasmic mislocalization of TDP-43, which is associated with accumulation of TDP-43 aggregates in the cytosol, is an early and key event in TDP-43-mediated neurodegeneration.",231,485,medium
ndro-mvp-v0.1.2-20260823,2026-08-23,ALS-R-026,ALS,26516189,population,ALS-R-026-P01,abstract,TDP-43 was identified as the major component of ubiquitin and autophagosome-positive cytoplasmic inclusions in neurons in the large majority of amyotrophic lateral sclerosis (ALS) and frontotemporal lobar dementia (FTLD) patients.,0,230,medium
ndro-mvp-v0.1.2-20260823,2026-08-23,ALS-R-030,ALS,25620680,entity,ALS-R-030-E01,abstract,a genomic interval spanning ARHGEF1,955,990,high
ndro-mvp-v0.1.2-20260823,2026-08-23,ALS-R-030,ALS,25620680,geography,ALS-R-030-G01,affiliation,"Trinity College Dublin, College Green, Dublin 2, Ireland",63,119,high
ndro-mvp-v0.1.2-20260823,2026-08-23,ALS-R-030,ALS,25620680,geography,ALS-R-030-G02,affiliation,"Royal Victoria Hospital, Belfast, Northern Ireland, United Kingdom",839,905,high
ndro-mvp-v0.1.2-20260823,2026-08-23,ALS-R-030,ALS,25620680,method_model,ALS-R-030-M01,abstract,we map runs of homozygosity (ROHs),160,194,high
ndro-mvp-v0.1.2-20260823,2026-08-23,ALS-R-030,ALS,25620680,method_model,ALS-R-030-M02,abstract,Comparing homozygous haplotypes between cases and controls,831,889,high
ndro-mvp-v0.1.2-20260823,2026-08-23,ALS-R-030,ALS,25620680,method_model,ALS-R-030-M03,abstract,compare the extent of homozygosity in the Irish cohort with a large British cohort,377,459,high
ndro-mvp-v0.1.2-20260823,2026-08-23,ALS-R-030,ALS,25620680,outcome,ALS-R-030-O01,abstract,ROHs are also longer and more frequent in ALS cases compared to population-matched controls,649,740,high
ndro-mvp-v0.1.2-20260823,2026-08-23,ALS-R-030,ALS,25620680,outcome,ALS-R-030-O02,abstract,"several potential recessive risk loci for ALS, including a genomic interval spanning ARHGEF1",898,990,high
ndro-mvp-v0.1.2-20260823,2026-08-23,ALS-R-030,ALS,25620680,population,ALS-R-030-P01,abstract,an Irish case-control cohort for amyotrophic lateral sclerosis,198,260,high
ndro-mvp-v0.1.2-20260823,2026-08-23,ALS-R-031,ALS,25551548,entity,ALS-R-031-E01,abstract,"We have previously shown that misfolded mutant Cu/Zn superoxide dismutase (SOD1), mutation of which is associated with a subset of ALS cases, can induce endogenous wild-type SOD1 misfolding in the intracellular environment in a templating fashion similar to that of misfolded prion protein.",261,551,high
ndro-mvp-v0.1.2-20260823,2026-08-23,ALS-R-031,ALS,25551548,geography,ALS-R-031-G01,affiliation,"a Department of Medicine (Neurology), Brain Research Center ; University of British Columbia ; Vancouver , BC Canada.",0,117,high
ndro-mvp-v0.1.2-20260823,2026-08-23,ALS-R-031,ALS,25551548,method_model,ALS-R-031-M01,abstract,"Furthermore, once propagation of misfolded wild-type SOD1 has been initiated in human cell culture, it continues over multiple passages of transfer and cell growth.",1020,1184,high
ndro-mvp-v0.1.2-20260823,2026-08-23,ALS-R-031,ALS,25551548,outcome,ALS-R-031-O01,abstract,"We have previously shown that misfolded mutant Cu/Zn superoxide dismutase (SOD1), mutation of which is associated with a subset of ALS cases, can induce endogenous wild-type SOD1 misfolding in the intracellular environment in a templating fashion similar to that of misfolded prion protein.",261,551,medium
ndro-mvp-v0.1.2-20260823,2026-08-23,ALS-R-031,ALS,25551548,population,ALS-R-031-P01,abstract,"We have previously shown that misfolded mutant Cu/Zn superoxide dismutase (SOD1), mutation of which is associated with a subset of ALS cases, can induce endogenous wild-type SOD1 misfolding in the intracellular environment in a templating fashion similar to that of misfolded prion protein.",261,551,medium
ndro-mvp-v0.1.2-20260823,2026-08-23,ALS-R-033,ALS,27065942,geography,ALS-R-033-G01,affiliation,"Department of Biomedical Engineering, Georgia Institute of Technology, Emory University, Atlanta, GA, USA; Epidemiology and Biostatistics, School of Public Health, Georgia State University, Atlanta, GA, USA.",0,207,high
ndro-mvp-v0.1.2-20260823,2026-08-23,ALS-R-033,ALS,27065942,method_model,ALS-R-033-M01,abstract,"The ALS onset age and disease duration are compared between the antecedent and non-antecedent populations using chi square, Kaplan-Meier, and ordinal logistic regression.",962,1132,high
ndro-mvp-v0.1.2-20260823,2026-08-23,ALS-R-033,ALS,27065942,outcome,ALS-R-033-O01,title,Antecedent Disease and Amyotrophic Lateral Sclerosis: What Is Protecting Whom?,0,78,medium
ndro-mvp-v0.1.2-20260823,2026-08-23,ALS-R-033,ALS,27065942,outcome,ALS-R-033-O02,abstract,"Multiple studies have shown that antecedent diseases are less prevalent in amyotrophic lateral sclerosis (ALS) patients than the general age-matched population, which suggests possible neuroprotection.",0,201,medium
ndro-mvp-v0.1.2-20260823,2026-08-23,ALS-R-033,ALS,27065942,outcome,ALS-R-033-O03,abstract,"Antecedent disease could be protective against ALS or, conversely, the asymptomatic early physiological underpinnings of ALS could be protective against other antecedent disease.",202,380,medium
ndro-mvp-v0.1.2-20260823,2026-08-23,ALS-R-033,ALS,27065942,outcome,ALS-R-033-O04,abstract,"When controlled for confounders, antecedent hypertension (high blood pressure), hyperlipidemia (high cholesterol), arthritis, COPD, thyroid disease, and non-ALS neurological disease are found to be statistically associated with a delayed ALS onset age, whereas antecedent obesity [body mass index (BMI) > 30] was correlated to earlier ALS onset age.",1133,1482,medium
ndro-mvp-v0.1.2-20260823,2026-08-23,ALS-R-033,ALS,27065942,population,ALS-R-033-P01,abstract,"Multiple studies have shown that antecedent diseases are less prevalent in amyotrophic lateral sclerosis (ALS) patients than the general age-matched population, which suggests possible neuroprotection.",0,201,medium
ndro-mvp-v0.1.2-20260823,2026-08-23,ALS-R-035,ALS,26003296,geography,ALS-R-035-G01,affiliation,"Medical Genetics Unit, Department of Laboratory Medicine, Niguarda Ca' Granda Hospital, Milan, Italy. Electronic address: [email redacted from public snapshot].",0,156,high
ndro-mvp-v0.1.2-20260823,2026-08-23,ALS-R-035,ALS,26003296,outcome,ALS-R-035-O01,abstract,"Particularly, a variation c.1238C>T (p.Pro413Leu) in the chromogranin B gene, CHGB, has been associated with an earlier age at onset in both familial and sporadic ALS in French/French-Canadian populations studied.",151,364,medium
ndro-mvp-v0.1.2-20260823,2026-08-23,ALS-R-035,ALS,26003296,outcome,ALS-R-035-O02,abstract,Our study on a cohort of Italian patients with SALS and controls failed to confirm an increased frequency of the 413L variant in SALS patients.,716,859,medium
ndro-mvp-v0.1.2-20260823,2026-08-23,ALS-R-035,ALS,26003296,outcome,ALS-R-035-O03,abstract,Our findings do not support the 413L variant as a risk factor for sporadic ALS in the Italian population.,1055,1160,medium
ndro-mvp-v0.1.2-20260823,2026-08-23,ALS-R-035,ALS,26003296,population,ALS-R-035-P01,abstract,The study included 366 Italian patients with sporadic ALS and 382 control subjects.,474,557,high
ndro-mvp-v0.1.2-20260823,2026-08-23,ALS-R-039,ALS,25252949,entity,ALS-R-039-E01,title,Perturbations in intracellular Ca2+ handling in skeletal muscle in the G93A*SOD1 mouse model of amyotrophic lateral sclerosis.,0,126,high
ndro-mvp-v0.1.2-20260823,2026-08-23,ALS-R-039,ALS,25252949,outcome,ALS-R-039-O01,abstract,There were no differences in peak fura-2 ratio at any stimulation frequency at 70 days (early presymptomatic).,555,665,medium
ndro-mvp-v0.1.2-20260823,2026-08-23,ALS-R-039,ALS,25252949,outcome,ALS-R-039-O02,abstract,"However, at 90 days (late presymptomatic) and 120-140 days (symptomatic), fura-2 ratio was increased at 10 Hz in ALS Tg compared with wild-type (WT) fibers (0.670 ± 0.02 vs.",666,839,medium
ndro-mvp-v0.1.2-20260823,2026-08-23,ALS-R-039,ALS,25252949,outcome,ALS-R-039-O03,abstract,There was also a significant increase in resting fura-2 ratio at 90 days (0.351 ± 0.008 vs.,882,973,high
ndro-mvp-v0.1.2-20260823,2026-08-23,ALS-R-039,ALS,25252949,outcome,ALS-R-039-O04,abstract,"These increases in intracellular Ca(2+) in ALS Tg muscle were associated with reductions in the sarcoplasmic/endoplasmic reticulum Ca(2+) ATPase proteins SERCA1 (to 54% and 19% of WT) and SERCA2 (to 56% and 11% of WT) and parvalbumin (to 80 and 62% of WT) in gastrocnemius muscle at 90 and 120-140 days, respectively.",1095,1412,high
ndro-mvp-v0.1.2-20260823,2026-08-23,ALS-R-040,ALS,24946089,entity,ALS-R-040-E01,abstract,"In this study, we have considerably extended previous knowledge on the expression of 13 histone deacetylases in tissues (spinal cord and muscle) from mice carrying two different ALS-linked SOD1 mutations (G93A-SOD1 and G86R-SOD1).",271,501,high
ndro-mvp-v0.1.2-20260823,2026-08-23,ALS-R-040,ALS,24946089,geography,ALS-R-040-G01,affiliation,"1] Institute for Cell Biology and Neurobiology, CNR, Rome, Italy [2] Fondazione Santa Lucia IRCCS, Rome, Italy.",0,111,high
ndro-mvp-v0.1.2-20260823,2026-08-23,ALS-R-040,ALS,24946089,geography,ALS-R-040-G02,affiliation,"1] INSERM U1118, Laboratoire de Mécanismes Centraux et Périphériques de la Neurodégénérescence, Strasbourg, France [2] Université de Strasbourg, Faculté de Médecine, UMRS1118, Strasbourg, France.",233,428,high
ndro-mvp-v0.1.2-20260823,2026-08-23,ALS-R-040,ALS,24946089,outcome,ALS-R-040-O01,abstract,"SIRT1 decreases in the spinal cord, but increases in muscle during the progression of the disease, and a similar expression pattern is observed in the corresponding cell models (neuroblastoma and myoblasts).",633,840,medium
ndro-mvp-v0.1.2-20260823,2026-08-23,ALS-R-040,ALS,24946089,outcome,ALS-R-040-O02,abstract,SIRT2 mRNA expression increases in the spinal cord in both G93A-SOD1 and G86R-SOD1 mice but protein expression is substantially unchanged in all the models examined.,841,1006,medium
ndro-mvp-v0.1.2-20260823,2026-08-23,ALS-R-040,ALS,24946089,population,ALS-R-040-P01,abstract,SIRT2 mRNA expression increases in the spinal cord in both G93A-SOD1 and G86R-SOD1 mice but protein expression is substantially unchanged in all the models examined.,841,1006,high
ndro-mvp-v0.1.2-20260823,2026-08-23,ALS-R-041,ALS,29523587,geography,ALS-R-041-G01,affiliation,"Department of Transplantation Immunology, Institute of Experimental Medicine of the Czech Academy of Sciences, Prague, Czech Republic.",0,134,high
ndro-mvp-v0.1.2-20260823,2026-08-23,ALS-R-041,ALS,29523587,intervention,ALS-R-041-I01,abstract,MSCs from patients with ALS and HC were either unstimulated or treated with proinflammatory cytokines for 24 hours before testing.,707,837,medium
ndro-mvp-v0.1.2-20260823,2026-08-23,ALS-R-041,ALS,29523587,method_model,ALS-R-041-M01,abstract,METHODS: MSCs were isolated from the bone marrow of patients with ALS and compared with MSCs from healthy controls (HC).,316,436,high
ndro-mvp-v0.1.2-20260823,2026-08-23,ALS-R-041,ALS,29523587,outcome,ALS-R-041-O01,abstract,"RESULTS: MSCs isolated from patients with ALS have a higher differentiation potential into adipocytes, express elevated levels of mRNA for interleukin-6, but produce less hepatocyte growth factor than MSCs from HC.",838,1052,medium
ndro-mvp-v0.1.2-20260823,2026-08-23,ALS-R-041,ALS,29523587,outcome,ALS-R-041-O02,abstract,"On the other hand, there were no significant differences between MSCs from patients with ALS and HC in the expression of phenotypic markers, growth properties, metabolic activity, osteogenic differentiation potential and immunoregulatory properties.",1053,1302,high
ndro-mvp-v0.1.2-20260823,2026-08-23,ALS-R-041,ALS,29523587,outcome,ALS-R-041-O03,abstract,"CONCLUSIONS: The results suggest that, in spite of some differences in cytokine production, MSCs from patients with ALS can be useful as autologous cells in therapy of ALS.",1303,1475,medium
ndro-mvp-v0.1.2-20260823,2026-08-23,ALS-R-041,ALS,29523587,population,ALS-R-041-P01,title,Characterisation of mesenchymal stem cells from patients with amyotrophic lateral sclerosis.,0,92,medium
ndro-mvp-v0.1.2-20260823,2026-08-23,ALS-R-045,ALS,34207086,entity,ALS-R-045-E01,abstract,hSOD1G93A mice,368,382,high
ndro-mvp-v0.1.2-20260823,2026-08-23,ALS-R-045,ALS,34207086,entity,ALS-R-045-E02,abstract,Iba1/TMEM119 double positive cells,713,747,high
ndro-mvp-v0.1.2-20260823,2026-08-23,ALS-R-045,ALS,34207086,entity,ALS-R-045-E03,abstract,Iba1/TMEM119 double positive cells,713,747,high
ndro-mvp-v0.1.2-20260823,2026-08-23,ALS-R-045,ALS,34207086,geography,ALS-R-045-G01,affiliation,"University of Pisa, 56126 Pisa, Italy",23,60,high
ndro-mvp-v0.1.2-20260823,2026-08-23,ALS-R-045,ALS,34207086,method_model,ALS-R-045-M01,abstract,motor cortex of hSOD1G93A mice,352,382,high
ndro-mvp-v0.1.2-20260823,2026-08-23,ALS-R-045,ALS,34207086,method_model,ALS-R-045-M02,abstract,immunolabeling of Iba1/TMEM119 double positive cells,695,747,high
ndro-mvp-v0.1.2-20260823,2026-08-23,ALS-R-045,ALS,34207086,method_model,ALS-R-045-M03,abstract,confocal microscopy,752,771,high
ndro-mvp-v0.1.2-20260823,2026-08-23,ALS-R-045,ALS,34207086,method_model,ALS-R-045-M04,abstract,By means of Sholl analysis,773,799,high
ndro-mvp-v0.1.2-20260823,2026-08-23,ALS-R-045,ALS,34207086,outcome,ALS-R-045-O01,abstract,activated Iba1/TMEM119-positive microglia cells with shorter and thicker processes,866,948,high
ndro-mvp-v0.1.2-20260823,2026-08-23,ALS-R-047,ALS,32447552,entity,ALS-R-047-E01,title,SPG7 mutations in amyotrophic lateral sclerosis: a genetic link to hereditary spastic paraplegia.,0,97,high
ndro-mvp-v0.1.2-20260823,2026-08-23,ALS-R-047,ALS,32447552,entity,ALS-R-047-E02,abstract,All detected SPG7 variants affect the AAA+ domain of the encoded mitochondrial metalloprotease paraplegin and impair its stability or function according to predictions from mRNA analysis or crystal structure modeling.,967,1184,high
ndro-mvp-v0.1.2-20260823,2026-08-23,ALS-R-047,ALS,32447552,geography,ALS-R-047-G01,affiliation,"Department of Human Genetics, Hannover Medical School, Carl-Neuberg-Straße 1, 30625, Hannover, Germany.",0,103,high
ndro-mvp-v0.1.2-20260823,2026-08-23,ALS-R-047,ALS,32447552,geography,ALS-R-047-G02,affiliation,"Department of Human Genetics, Hannover Medical School, Carl-Neuberg-Straße 1, 30625, Hannover, Germany. [email redacted from public snapshot].",366,499,high
ndro-mvp-v0.1.2-20260823,2026-08-23,ALS-R-047,ALS,32447552,method_model,ALS-R-047-M01,abstract,"Here, whole-exome (WES) or targeted SPG7 sequencing was done in a cohort of 214 European ALS patients.",447,549,high
ndro-mvp-v0.1.2-20260823,2026-08-23,ALS-R-047,ALS,32447552,method_model,ALS-R-047-M02,abstract,Brain MRI findings in SPG7 mutation carriers included cerebellar atrophy and patterns suggestive of frontotemporal dementia.,1386,1510,high
ndro-mvp-v0.1.2-20260823,2026-08-23,ALS-R-047,ALS,32447552,method_model,ALS-R-047-M03,abstract,"All patients were subjected to clinical, electrophysiological, and neuroradiological characterization.",705,807,high
ndro-mvp-v0.1.2-20260823,2026-08-23,ALS-R-047,ALS,32447552,outcome,ALS-R-047-O01,abstract,The resulting protein alterations were visualized in a crystal structure model.,625,704,medium
ndro-mvp-v0.1.2-20260823,2026-08-23,ALS-R-047,ALS,32447552,outcome,ALS-R-047-O02,abstract,All detected SPG7 variants affect the AAA+ domain of the encoded mitochondrial metalloprotease paraplegin and impair its stability or function according to predictions from mRNA analysis or crystal structure modeling.,967,1184,medium
ndro-mvp-v0.1.2-20260823,2026-08-23,ALS-R-047,ALS,32447552,outcome,ALS-R-047-O03,abstract,"Collectively, our findings suggest that SPG7 acts as a genetic risk factor for ALS.",1511,1594,medium
ndro-mvp-v0.1.2-20260823,2026-08-23,ALS-R-047,ALS,32447552,population,ALS-R-047-P01,abstract,"Here, whole-exome (WES) or targeted SPG7 sequencing was done in a cohort of 214 European ALS patients.",447,549,medium
ndro-mvp-v0.1.2-20260823,2026-08-23,ALS-R-048,ALS,30440578,outcome,ALS-R-048-O01,title,Increased Theta Oscillations During Motor Imagery in a Subject with Late-stage ALS.,0,83,medium
ndro-mvp-v0.1.2-20260823,2026-08-23,ALS-R-048,ALS,30440578,outcome,ALS-R-048-O02,abstract,Quantification shows that the theta oscillatory power increases during motor imagery tasks compared to idle tasks for both open-loop as well as closed-loop BCI tasks.,650,816,medium
ndro-mvp-v0.1.2-20260823,2026-08-23,ALS-R-048,ALS,30440578,population,ALS-R-048-P01,title,Increased Theta Oscillations During Motor Imagery in a Subject with Late-stage ALS.,0,83,medium
ndro-mvp-v0.1.2-20260823,2026-08-23,ALS-R-053,ALS,33621087,entity,ALS-R-053-E01,abstract,"Here we examine the interactions between the amyloidogenic core of TDP-43, TDP-43307-319, and a neurotoxic physiologically observed fragment of Aβ, Aβ25-35.",613,769,high
ndro-mvp-v0.1.2-20260823,2026-08-23,ALS-R-053,ALS,33621087,entity,ALS-R-053-E02,abstract,"For example, the TDP-43 protein associated with Amyotrophic Lateral Sclerosis has been found in the brain along with Aβ assemblies associated with Alzheimer's disease, and those patients that show the presence of TDP-43 are 10 times more likely to demonstrate cognitive impairment compared to TDP-43-negative Alzheimer's patients.",282,612,high
ndro-mvp-v0.1.2-20260823,2026-08-23,ALS-R-053,ALS,33621087,geography,ALS-R-053-G01,affiliation,"Department of Chemistry & Biochemistry, University of California Santa Barbara, Santa Barbara, California 93106, United States.",0,127,high
ndro-mvp-v0.1.2-20260823,2026-08-23,ALS-R-053,ALS,33621087,method_model,ALS-R-053-M01,abstract,"Utilizing ion mobility mass spectrometry in concert with atomic force microscopy and molecular dynamics simulations, we investigate which oligomers are involved in seeding aggregation across these two different protein systems and gain insight into which structures initiate and result from these interactions.",770,1080,high
ndro-mvp-v0.1.2-20260823,2026-08-23,ALS-R-053,ALS,33621087,method_model,ALS-R-053-M02,abstract,"Utilizing ion mobility mass spectrometry in concert with atomic force microscopy and molecular dynamics simulations, we investigate which oligomers are involved in seeding aggregation across these two different protein systems and gain insight into which structures initiate and result from these interactions.",770,1080,high
ndro-mvp-v0.1.2-20260823,2026-08-23,ALS-R-053,ALS,33621087,method_model,ALS-R-053-M03,abstract,"Utilizing ion mobility mass spectrometry in concert with atomic force microscopy and molecular dynamics simulations, we investigate which oligomers are involved in seeding aggregation across these two different protein systems and gain insight into which structures initiate and result from these interactions.",770,1080,high
ndro-mvp-v0.1.2-20260823,2026-08-23,ALS-R-053,ALS,33621087,outcome,ALS-R-053-O01,abstract,"For example, the TDP-43 protein associated with Amyotrophic Lateral Sclerosis has been found in the brain along with Aβ assemblies associated with Alzheimer's disease, and those patients that show the presence of TDP-43 are 10 times more likely to demonstrate cognitive impairment compared to TDP-43-negative Alzheimer's patients.",282,612,medium
ndro-mvp-v0.1.2-20260823,2026-08-23,ALS-R-053,ALS,33621087,outcome,ALS-R-053-O02,abstract,"Utilizing ion mobility mass spectrometry in concert with atomic force microscopy and molecular dynamics simulations, we investigate which oligomers are involved in seeding aggregation across these two different protein systems and gain insight into which structures initiate and result from these interactions.",770,1080,medium
ndro-mvp-v0.1.2-20260823,2026-08-23,ALS-R-053,ALS,33621087,outcome,ALS-R-053-O03,abstract,Our findings identify a strong catalytic effect of TDP-43307-319 WT monomer in the acceleration of Aβ25-35 aggregation to its toxic cylindrin and β barrel forms.,1230,1391,medium
ndro-mvp-v0.1.2-20260823,2026-08-23,ALS-R-053,ALS,33621087,population,ALS-R-053-P01,abstract,"For example, the TDP-43 protein associated with Amyotrophic Lateral Sclerosis has been found in the brain along with Aβ assemblies associated with Alzheimer's disease, and those patients that show the presence of TDP-43 are 10 times more likely to demonstrate cognitive impairment compared to TDP-43-negative Alzheimer's patients.",282,612,medium
ndro-mvp-v0.1.2-20260823,2026-08-23,ALS-R-054,ALS,30574410,geography,ALS-R-054-G01,affiliation,"Department of Neurology, West China Hospital, Sichuan University, Chengdu, Sichuan, China.",0,90,high
ndro-mvp-v0.1.2-20260823,2026-08-23,ALS-R-054,ALS,30574410,method_model,ALS-R-054-M01,abstract,"Risk factors for survival were identified using logistic regression analysis, and a nomogram created by R program was performed to predict the probability of longer survival in the training set; then receiver operating characteristic (ROC) analysis was applied to assess predictive value of the nomogram model.",396,706,high
ndro-mvp-v0.1.2-20260823,2026-08-23,ALS-R-054,ALS,30574410,outcome,ALS-R-054-O01,title,Prognostic Nomogram Associated with Longer Survival in Amyotrophic Lateral Sclerosis Patients.,0,94,medium
ndro-mvp-v0.1.2-20260823,2026-08-23,ALS-R-054,ALS,30574410,outcome,ALS-R-054-O02,abstract,We conducted a study to evaluate the predictive factors associated with longer survival and construct prognostic nomogram in ALS patients.,151,289,medium
ndro-mvp-v0.1.2-20260823,2026-08-23,ALS-R-054,ALS,30574410,outcome,ALS-R-054-O03,abstract,"Risk factors for survival were identified using logistic regression analysis, and a nomogram created by R program was performed to predict the probability of longer survival in the training set; then receiver operating characteristic (ROC) analysis was applied to assess predictive value of the nomogram model.",396,706,medium
ndro-mvp-v0.1.2-20260823,2026-08-23,ALS-R-054,ALS,30574410,outcome,ALS-R-054-O04,abstract,"Multivariate analyses revealed that age of onset, rate of disease progression, hemoglobin A1c (HbA1c) level, body mass index, creatinine, creatine kinase (CK), and non-invasive positive pressure ventilation (NIPPV) were independent predictors of longer survival.",764,1026,medium
ndro-mvp-v0.1.2-20260823,2026-08-23,ALS-R-054,ALS,30574410,population,ALS-R-054-P01,title,Prognostic Nomogram Associated with Longer Survival in Amyotrophic Lateral Sclerosis Patients.,0,94,medium
ndro-mvp-v0.1.2-20260823,2026-08-23,ALS-R-057,ALS,31042469,entity,ALS-R-057-E01,title,Loss of Nuclear TDP-43 Is Associated with Decondensation of LINE Retrotransposons.,0,82,high
ndro-mvp-v0.1.2-20260823,2026-08-23,ALS-R-057,ALS,31042469,geography,ALS-R-057-G01,affiliation,"Translational Neuropathology Research Laboratory, Department of Pathology and Laboratory Medicine, Perelman School of Medicine at the University of Pennsylvania, Philadelphia, PA 19104, USA.",0,190,high
ndro-mvp-v0.1.2-20260823,2026-08-23,ALS-R-057,ALS,31042469,method_model,ALS-R-057-M01,abstract,"Using subcellular fractionation and fluorescent-activated cell sorting to enrich for diseased neuronal nuclei without TDP-43 from post-mortem frontotemporal degeneration-amyotrophic lateral sclerosis (FTD-ALS) human brain, we characterized the effects of TDP-43 loss on the transcriptome and chromatin accessibility.",324,640,high
ndro-mvp-v0.1.2-20260823,2026-08-23,ALS-R-057,ALS,31042469,outcome,ALS-R-057-O01,title,Loss of Nuclear TDP-43 Is Associated with Decondensation of LINE Retrotransposons.,0,82,medium
ndro-mvp-v0.1.2-20260823,2026-08-23,ALS-R-057,ALS,31042469,outcome,ALS-R-057-O02,abstract,The molecular changes associated with the loss of nuclear TDP-43 in human tissues are not entirely known.,218,323,medium
ndro-mvp-v0.1.2-20260823,2026-08-23,ALS-R-057,ALS,31042469,outcome,ALS-R-057-O03,abstract,"Nuclear TDP-43 loss is associated with gene expression changes that affect RNA processing, nucleocytoplasmic transport, histone processing, and DNA damage.",641,796,medium
ndro-mvp-v0.1.2-20260823,2026-08-23,ALS-R-057,ALS,31042469,outcome,ALS-R-057-O04,abstract,Loss of nuclear TDP-43 is also associated with chromatin decondensation around long interspersed nuclear elements (LINEs) and increased LINE1 DNA content.,797,951,medium
ndro-mvp-v0.1.2-20260823,2026-08-23,ALS-R-059,ALS,30564616,entity,ALS-R-059-E01,abstract,METHODS: Transgenic animal models expressing human proteins implicated in neurodegenerative disorders - microtubule-associated protein tau (hTau) or superoxide dismutase-1 (hSOD1) - were treated with antisense oligonucleotides (ASOs) delivered to the central nervous system to target these human mRNA transcripts.,363,676,high
ndro-mvp-v0.1.2-20260823,2026-08-23,ALS-R-059,ALS,30564616,method_model,ALS-R-059-M01,abstract,Measures of new protein synthesis and protein concentration were assayed at designated time points after ASO treatment using targeted proteomics.,805,950,high
ndro-mvp-v0.1.2-20260823,2026-08-23,ALS-R-059,ALS,30564616,outcome,ALS-R-059-O01,abstract,RESULTS: ASO treatment lowered hTau mRNA and protein production (measured by 13C6-leucine-labeled hTau protein) earlier than total hTau protein concentration in transgenic mouse cortex.,951,1136,medium
ndro-mvp-v0.1.2-20260823,2026-08-23,ALS-R-059,ALS,30564616,outcome,ALS-R-059-O02,abstract,"In the CSF of hSOD1 transgenic rats, ASO treatment lowered newly generated hSOD1 protein driven by decreases in newly synthesized hSOD1 protein, not overall protein concentration, 30 days after treatment.",1137,1341,medium
ndro-mvp-v0.1.2-20260823,2026-08-23,ALS-R-059,ALS,30564616,outcome,ALS-R-059-O03,abstract,"At later time points, decreases in newly generated protein were still observed after mRNA lowering reached a steady state after ASO treatment.",1342,1484,medium
ndro-mvp-v0.1.2-20260823,2026-08-23,ALS-R-059,ALS,30564616,outcome,ALS-R-059-O04,abstract,"Early in ASO treatment, decreases in newly generated protein are driven by changes in newly synthesized protein.",1648,1760,medium
ndro-mvp-v0.1.2-20260823,2026-08-23,ALS-R-062,ALS,38050971,geography,ALS-R-062-G01,affiliation,"Penn Frontotemporal Degeneration Center and Department of Neurology, University of Pennsylvania, Philadelphia, PA,USA.",0,118,high
ndro-mvp-v0.1.2-20260823,2026-08-23,ALS-R-062,ALS,38050971,method_model,ALS-R-062-M01,abstract,"Correlations with bulbar motor clinical scales, perceived listener effort, and MRI cortical thickness of the orobuccal primary motor cortex (oral PMC) were examined.",665,830,high
ndro-mvp-v0.1.2-20260823,2026-08-23,ALS-R-062,ALS,38050971,method_model,ALS-R-062-M02,abstract,"Vowel measures were compared between ALS with and without clinical bulbar symptoms (ALS + bulbar (n = 49, ALSFRS-r bulbar subscore: x¯ = 9.8 (SD = 1.7)) vs.",364,520,high
ndro-mvp-v0.1.2-20260823,2026-08-23,ALS-R-062,ALS,38050971,outcome,ALS-R-062-O01,abstract,"RESULTS: ALS + bulbar had significantly reduced VSA and F2 slope than ALS-nonbulbar (|d|=0.94 and |d|=1.04, respectively), bvFTD (|d|=0.89 and |d|=1.47), and HC (|d|=0.73 and |d|=0.99).",932,1117,high
ndro-mvp-v0.1.2-20260823,2026-08-23,ALS-R-062,ALS,38050971,outcome,ALS-R-062-O02,abstract,"These reductions correlated with worse bulbar clinical scores (VSA: R = 0.33, p = 0.043; F2 slope: R = 0.38, p = 0.011), greater listener effort (VSA: R=-0.43, p = 0.041; F2 slope: p > 0.05), and cortical thinning in oral PMC (F2 slope: β = 0.0026, p = 0.017).",1118,1378,high
ndro-mvp-v0.1.2-20260823,2026-08-23,ALS-R-062,ALS,38050971,outcome,ALS-R-062-O03,abstract,"CONCLUSION: Automatic vowel measures are easily derived from a brief spontaneous speech sample, are sensitive to mild-moderate stage of bulbar disease in ALS-FTSD, and may present better sensitivity to bulbar impairment compared to traditional assessments such as speaking rate.",1556,1834,medium
ndro-mvp-v0.1.2-20260823,2026-08-23,ALS-R-062,ALS,38050971,population,ALS-R-062-P01,title,Digital markers of motor speech impairments in spontaneous speech of patients with ALS-FTD spectrum disorders.,0,110,medium
ndro-mvp-v0.1.2-20260823,2026-08-23,ALS-R-063,ALS,41850140,entity,ALS-R-063-E01,title,Employing an integrated computational simulation strategy to identify high-affinity ligands for TDP-43 amyloid proteins.,0,120,high
ndro-mvp-v0.1.2-20260823,2026-08-23,ALS-R-063,ALS,41850140,geography,ALS-R-063-G01,affiliation,"Henan Key Laboratory of Brain Targeted Bio-nanomedicine, Henan-Macquarie University Joint Centre for Biomedical Innovation, School of Life Sciences, Henan University, Kaifeng 475004, China.",0,189,high
ndro-mvp-v0.1.2-20260823,2026-08-23,ALS-R-063,ALS,41850140,intervention,ALS-R-063-I01,abstract,"Using this strategy, we successfully identified TDPL1, a high-affinity ligand for TDP-43 amyloid proteins.",330,436,high
ndro-mvp-v0.1.2-20260823,2026-08-23,ALS-R-063,ALS,41850140,method_model,ALS-R-063-M01,abstract,In vitro affinity assays confirmed the computational predictions.,437,502,high
ndro-mvp-v0.1.2-20260823,2026-08-23,ALS-R-063,ALS,41850140,method_model,ALS-R-063-M02,abstract,"Here, we propose an integrated computational simulation strategy, which integrates multiple virtual screening methods, molecular dynamics simulations and binding free energy evaluations.",143,329,high
ndro-mvp-v0.1.2-20260823,2026-08-23,ALS-R-063,ALS,41850140,outcome,ALS-R-063-O01,abstract,In vitro affinity assays confirmed the computational predictions.,437,502,medium
ndro-mvp-v0.1.2-20260823,2026-08-23,ALS-R-063,ALS,41850140,outcome,ALS-R-063-O02,abstract,"Based on the MD simulation results, we further investigated the binding mode between TDPL1 and TDP-43 amyloid proteins.",503,622,medium
ndro-mvp-v0.1.2-20260823,2026-08-23,ALS-R-064,ALS,37178170,entity,ALS-R-064-E01,title,Presymptomatic grey matter alterations in ALS kindreds: a computational neuroimaging study of asymptomatic C9orf72 and SOD1 mutation carriers.,0,142,high
ndro-mvp-v0.1.2-20260823,2026-08-23,ALS-R-064,ALS,37178170,entity,ALS-R-064-E02,title,Presymptomatic grey matter alterations in ALS kindreds: a computational neuroimaging study of asymptomatic C9orf72 and SOD1 mutation carriers.,0,142,high
ndro-mvp-v0.1.2-20260823,2026-08-23,ALS-R-064,ALS,37178170,geography,ALS-R-064-G01,affiliation,"Computational Neuroimaging Group (CNG), School of Medicine, Trinity College Dublin, Dublin, D02 RS90, Ireland. [email redacted from public snapshot].",0,124,high
ndro-mvp-v0.1.2-20260823,2026-08-23,ALS-R-064,ALS,37178170,geography,ALS-R-064-G02,affiliation,"Department of Neurology, University of Ulm, Ulm, Germany.",206,263,high
ndro-mvp-v0.1.2-20260823,2026-08-23,ALS-R-064,ALS,37178170,outcome,ALS-R-064-O01,abstract,"The understanding of disease propagation mechanisms is of considerable conceptual interests, and defining the optimal time of pharmacological intervention is essential for improved clinical trial outcomes.",153,358,medium
ndro-mvp-v0.1.2-20260823,2026-08-23,ALS-R-064,ALS,37178170,outcome,ALS-R-064-O02,abstract,"RESULTS: Asymptomatic GGGGCC hexanucleotide repeat carriers in C9orf72 exhibited early subcortical changes with the preferential involvement of the pulvinar and mediodorsal regions of the thalamus, as well as the lateral aspect of the hippocampus.",889,1136,medium
ndro-mvp-v0.1.2-20260823,2026-08-23,ALS-R-064,ALS,37178170,outcome,ALS-R-064-O03,abstract,SOD1 mutation carriers did not exhibit significant subcortical grey matter alterations.,1336,1423,high
ndro-mvp-v0.1.2-20260823,2026-08-23,ALS-R-064,ALS,37178170,outcome,ALS-R-064-O04,abstract,DISCUSSION: The presymptomatic radiological signature of C9orf72 is associated with selective thalamic and focal hippocampal degeneration which may be readily detectable before cortical grey matter changes ensue.,1573,1785,medium
ndro-mvp-v0.1.2-20260823,2026-08-23,ALS-R-064,ALS,37178170,population,ALS-R-064-P01,abstract,"METHODS: In a prospective, multimodal neuroimaging study, 22 asymptomatic C9orf72 GGGGCC hexanucleotide repeat carriers, 13 asymptomatic subjects with SOD1, and 54 ""gene-negative"" ALS kindreds were enrolled.",359,566,medium
ndro-mvp-v0.1.2-20260823,2026-08-23,ALS-R-066,ALS,35379698,entity,ALS-R-066-E01,title,Development of a sensitive trial-ready poly(GP) CSF biomarker assay for C9orf72-associated frontotemporal dementia and amyotrophic lateral sclerosis.,0,149,high
ndro-mvp-v0.1.2-20260823,2026-08-23,ALS-R-066,ALS,35379698,geography,ALS-R-066-G01,affiliation,"UK Dementia Research Institute at UCL, UCL Queen Square Institute of Neurology, London, UK.",0,91,high
ndro-mvp-v0.1.2-20260823,2026-08-23,ALS-R-066,ALS,35379698,geography,ALS-R-066-G02,affiliation,"Wave Life Sciences, Cambridge, Massachusetts, USA.",312,362,high
ndro-mvp-v0.1.2-20260823,2026-08-23,ALS-R-066,ALS,35379698,geography,ALS-R-066-G03,affiliation,"Alzheimer's Disease and Other Cognitive Disorders Unit, Neurology Service, Hospital Clínic, Institut d'Investigacións Biomèdiques August Pi I Sunyer, University of Barcelona, Barcelona, Spain.",365,557,high
ndro-mvp-v0.1.2-20260823,2026-08-23,ALS-R-066,ALS,35379698,geography,ALS-R-066-G04,affiliation,"Department of Neurodegenerative Diseases, Hertie-Institute for Clinical Brain Research and Center of Neurology, University of Tübingen, Tübingen, Germany.",729,883,high
ndro-mvp-v0.1.2-20260823,2026-08-23,ALS-R-066,ALS,35379698,geography,ALS-R-066-G05,affiliation,"Department of Clinical Neurological Sciences, University of Western Ontario, University of Western Ontario, London, Ontario, Canada.",1142,1274,high
ndro-mvp-v0.1.2-20260823,2026-08-23,ALS-R-066,ALS,35379698,geography,ALS-R-066-G06,affiliation,"Leuven Brain Institute, KU Leuven, Leuven, Belgium.",1277,1328,high
ndro-mvp-v0.1.2-20260823,2026-08-23,ALS-R-066,ALS,35379698,geography,ALS-R-066-G07,affiliation,"Department of Neurology, Erasmus Medical Centre, Rotterdam, Netherlands.",1937,2009,high
ndro-mvp-v0.1.2-20260823,2026-08-23,ALS-R-066,ALS,35379698,geography,ALS-R-066-G08,affiliation,"Neurology Unit, Department of Clinical and Experimental Sciences, University of Brescia, Brescia, Italy.",2012,2116,high
ndro-mvp-v0.1.2-20260823,2026-08-23,ALS-R-066,ALS,35379698,geography,ALS-R-066-G09,affiliation,"Faculty of Medicine, University of Lisbon, Lisbon, Portugal.",2253,2313,high
ndro-mvp-v0.1.2-20260823,2026-08-23,ALS-R-066,ALS,35379698,geography,ALS-R-066-G10,affiliation,"Center for Alzheimer Research, Division of Neurogeriatrics, Department of Neurobiology, Care Sciences and Society, Bioclinicum, Karolinska Institutet, Solna, Sweden.",2663,2828,high
ndro-mvp-v0.1.2-20260823,2026-08-23,ALS-R-066,ALS,35379698,outcome,ALS-R-066-O01,title,Development of a sensitive trial-ready poly(GP) CSF biomarker assay for C9orf72-associated frontotemporal dementia and amyotrophic lateral sclerosis.,0,149,medium
ndro-mvp-v0.1.2-20260823,2026-08-23,ALS-R-066,ALS,35379698,outcome,ALS-R-066-O02,abstract,"RESULTS AND CONCLUSIONS: We show the assay to be highly sensitive and robust, passing extensive qualification criteria including low intraplate and interplate variability, a high precision and accuracy in measuring both calibrators and samples, dilutional parallelism, tolerance to sample and standard freeze-thaw and no haemoglobin interference.",623,969,medium
ndro-mvp-v0.1.2-20260823,2026-08-23,ALS-R-066,ALS,35379698,outcome,ALS-R-066-O03,abstract,"We found it had 100% specificity and 100% sensitivity and a large window for detecting target engagement, as the C9orf72 CSF sample with the lowest poly(GP) signal had eightfold higher signal than controls and on average values from C9orf72 samples were 38-fold higher than controls, which all fell below the lower limit of quantification of the assay.",1101,1453,high
ndro-mvp-v0.1.2-20260823,2026-08-23,ALS-R-066,ALS,35379698,outcome,ALS-R-066-O04,abstract,These data indicate that a Simoa-based poly(GP) DPR assay is suitable for use in clinical trials to determine target engagement of therapeutics aimed at reducing C9orf72 repeat-containing transcripts.,1454,1654,medium
ndro-mvp-v0.1.2-20260823,2026-08-23,ALS-R-066,ALS,35379698,population,ALS-R-066-P01,abstract,We used this assay to measure poly(GP) in CSF samples collected through the Genetic FTD Initiative (N=40 C9orf72 and 15 controls).,970,1100,high
ndro-mvp-v0.1.2-20260823,2026-08-23,ALS-R-068,ALS,42116669,entity,ALS-R-068-E01,abstract,potential prognostic biomarker in ALS,1398,1435,high
ndro-mvp-v0.1.2-20260823,2026-08-23,ALS-R-068,ALS,42116669,geography,ALS-R-068-G01,affiliation,"Tokyo Metropolitan Neurological Hospital, Fuchu, Tokyo, Japan",25,86,high
ndro-mvp-v0.1.2-20260823,2026-08-23,ALS-R-068,ALS,42116669,method_model,ALS-R-068-M01,abstract,Motor nerve conduction studies of the median and tibial nerves,351,413,high
ndro-mvp-v0.1.2-20260823,2026-08-23,ALS-R-068,ALS,42116669,method_model,ALS-R-068-M02,abstract,offset motor conduction velocity (offset-MCV),187,232,high
ndro-mvp-v0.1.2-20260823,2026-08-23,ALS-R-068,ALS,42116669,method_model,ALS-R-068-M03,abstract,Multivariate Cox regression analysis,1078,1114,high
ndro-mvp-v0.1.2-20260823,2026-08-23,ALS-R-068,ALS,42116669,outcome,ALS-R-068-O01,abstract,significantly reduced in patients with ALS compared with controls,764,829,high
ndro-mvp-v0.1.2-20260823,2026-08-23,ALS-R-068,ALS,42116669,outcome,ALS-R-068-O02,abstract,reduced offset-MCVs in both nerves were associated with short survival,940,1010,high
ndro-mvp-v0.1.2-20260823,2026-08-23,ALS-R-068,ALS,42116669,outcome,ALS-R-068-O03,abstract,tibial nerve offset-MCV as an independent prognostic factor,1126,1185,high
ndro-mvp-v0.1.2-20260823,2026-08-23,ALS-R-068,ALS,42116669,population,ALS-R-068-P01,abstract,145 patients with ALS,432,453,high
ndro-mvp-v0.1.2-20260823,2026-08-23,ALS-R-068,ALS,42116669,population,ALS-R-068-P02,abstract,70 healthy controls,458,477,high
ndro-mvp-v0.1.2-20260823,2026-08-23,ALS-R-069,ALS,39651147,entity,ALS-R-069-E01,title,The ALS-associated co-chaperone DNAJC7 mediates neuroprotection against proteotoxic stress by modulating HSF1 activity.,0,119,high
ndro-mvp-v0.1.2-20260823,2026-08-23,ALS-R-069,ALS,39651147,entity,ALS-R-069-E02,title,The ALS-associated co-chaperone DNAJC7 mediates neuroprotection against proteotoxic stress by modulating HSF1 activity.,0,119,high
ndro-mvp-v0.1.2-20260823,2026-08-23,ALS-R-069,ALS,39651147,geography,ALS-R-069-G01,affiliation,"The Ken & Ruth Davee Department of Neurology, Feinberg School of Medicine, Northwestern University, Chicago, IL 60611, USA.",0,123,high
ndro-mvp-v0.1.2-20260823,2026-08-23,ALS-R-069,ALS,39651147,method_model,ALS-R-069-M01,abstract,"Using mass spectrometry, we found that the DNAJC7 interactome in human motor neurons (MNs) is enriched for RNA binding proteins (RBPs) and stress response chaperones.",508,674,high
ndro-mvp-v0.1.2-20260823,2026-08-23,ALS-R-069,ALS,39651147,method_model,ALS-R-069-M02,abstract,MNs generated from iPSCs with the ALS-associated mutation R156X in DNAJC7 exhibit increased insolubility of its client RBP HNRNPU and associated RNA metabolism alterations.,675,847,high
ndro-mvp-v0.1.2-20260823,2026-08-23,ALS-R-069,ALS,39651147,outcome,ALS-R-069-O01,title,The ALS-associated co-chaperone DNAJC7 mediates neuroprotection against proteotoxic stress by modulating HSF1 activity.,0,119,medium
ndro-mvp-v0.1.2-20260823,2026-08-23,ALS-R-069,ALS,39651147,outcome,ALS-R-069-O02,abstract,"The degeneration of neurons in patients with amyotrophic lateral sclerosis (ALS) is commonly associated with accumulation of misfolded, insoluble proteins.",0,155,medium
ndro-mvp-v0.1.2-20260823,2026-08-23,ALS-R-069,ALS,39651147,outcome,ALS-R-069-O03,abstract,"Using mass spectrometry, we found that the DNAJC7 interactome in human motor neurons (MNs) is enriched for RNA binding proteins (RBPs) and stress response chaperones.",508,674,medium
ndro-mvp-v0.1.2-20260823,2026-08-23,ALS-R-069,ALS,39651147,outcome,ALS-R-069-O04,abstract,MNs generated from iPSCs with the ALS-associated mutation R156X in DNAJC7 exhibit increased insolubility of its client RBP HNRNPU and associated RNA metabolism alterations.,675,847,medium
ndro-mvp-v0.1.2-20260823,2026-08-23,ALS-R-069,ALS,39651147,population,ALS-R-069-P01,abstract,"The degeneration of neurons in patients with amyotrophic lateral sclerosis (ALS) is commonly associated with accumulation of misfolded, insoluble proteins.",0,155,medium
ndro-mvp-v0.1.2-20260823,2026-08-23,ALS-R-072,ALS,39203762,geography,ALS-R-072-G01,affiliation,"Endocrinology and Nutrition Unit, San Cecilio University Hospital, 18016 Granada, Spain.",0,88,high
ndro-mvp-v0.1.2-20260823,2026-08-23,ALS-R-072,ALS,39203762,geography,ALS-R-072-G02,affiliation,"Fundación para la Investigación Biosanitaria en Andalucía Oriental-Alejandro Otero (FIBAO), 18012 Granada, Spain.",91,204,high
ndro-mvp-v0.1.2-20260823,2026-08-23,ALS-R-072,ALS,39203762,method_model,ALS-R-072-M01,abstract,"3.6%, p = 0.01), and ALSFRS-R scores (30 ± 12 vs.",1060,1109,high
ndro-mvp-v0.1.2-20260823,2026-08-23,ALS-R-072,ALS,39203762,outcome,ALS-R-072-O01,abstract,"Amyotrophic Lateral Sclerosis (ALS) is a progressive neurodegenerative disease frequently accompanied by malnutrition due to weight loss, increased energy expenditure, and muscle mass loss.",0,189,medium
ndro-mvp-v0.1.2-20260823,2026-08-23,ALS-R-072,ALS,39203762,outcome,ALS-R-072-O02,abstract,This study aimed to evaluate morphofunctional assessment tools as predictors of malnutrition and to investigate their relationship with muscle status and disease severity in ALS patients.,190,377,medium
ndro-mvp-v0.1.2-20260823,2026-08-23,ALS-R-072,ALS,39203762,outcome,ALS-R-072-O03,abstract,Significant differences were observed between malnourished and non-malnourished groups in age (70 ± 9 vs.,806,911,high
ndro-mvp-v0.1.2-20260823,2026-08-23,ALS-R-072,ALS,39203762,outcome,ALS-R-072-O04,abstract,No significant differences were found in muscle strength or functional status.,1294,1372,high
ndro-mvp-v0.1.2-20260823,2026-08-23,ALS-R-072,ALS,39203762,population,ALS-R-072-P01,abstract,This study aimed to evaluate morphofunctional assessment tools as predictors of malnutrition and to investigate their relationship with muscle status and disease severity in ALS patients.,190,377,medium
ndro-mvp-v0.1.2-20260823,2026-08-23,ALS-R-075,ALS,39291166,entity,ALS-R-075-E01,abstract,"In preclinical studies, the anti-inflammatory drug colchicine, which has never been tested in amyotrophic lateral sclerosis, enhanced the expression of autophagy factors and inhibited accumulation of transactive response DNA-binding protein 43 kDa, a known histopathological marker of amyotrophic lateral sclerosis.",0,315,high
ndro-mvp-v0.1.2-20260823,2026-08-23,ALS-R-075,ALS,39291166,geography,ALS-R-075-G01,affiliation,"Department of Biomedical, Metabolic and Neural Sciences, University of Modena and Reggio Emilia, Modena 41121, Italy.",0,117,high
ndro-mvp-v0.1.2-20260823,2026-08-23,ALS-R-075,ALS,39291166,intervention,ALS-R-075-I01,title,"Colchicine treatment in amyotrophic lateral sclerosis: safety, biological and clinical effects in a randomized clinical trial.",0,126,high
ndro-mvp-v0.1.2-20260823,2026-08-23,ALS-R-075,ALS,39291166,intervention,ALS-R-075-I02,abstract,"During treatment, a slower Amyotrophic Lateral Sclerosis Functional Rating Scale-Revised decline was detected in patients receiving colchicine 0.005 mg/kg/day (mean difference = 0.53, 97.5% confidence interval 0.07-0.99, P = 0.011).",1818,2050,medium
ndro-mvp-v0.1.2-20260823,2026-08-23,ALS-R-075,ALS,39291166,outcome,ALS-R-075-O01,abstract,"The number of positive responders, defined as patients with a decrease lesser than 4 points in the Amyotrophic Lateral Sclerosis Functional Rating Scale-Revised total score during the 30-week treatment period, was the primary outcome.",659,893,medium
ndro-mvp-v0.1.2-20260823,2026-08-23,ALS-R-075,ALS,39291166,outcome,ALS-R-075-O02,abstract,The differences in adverse events were not statistically significant.,2213,2282,high
ndro-mvp-v0.1.2-20260823,2026-08-23,ALS-R-075,ALS,39291166,outcome,ALS-R-075-O03,abstract,"In conclusion, colchicine treatment was safe for amyotrophic lateral sclerosis patients.",2283,2371,medium
ndro-mvp-v0.1.2-20260823,2026-08-23,ALS-R-075,ALS,39291166,population,ALS-R-075-P01,abstract,"The number of positive responders did not differ between the placebo and colchicine groups: 2 out of 18 patients (11.1%) in the placebo group, 5 out of 18 patients (27.8%) in the colchicine 0.005 mg/kg/day group (odds ratio = 3.1, 97.5% confidence interval 0.4-37.2, P = 0.22) and 1 out of 18 patients (5.6%) in the colchicine 0.01 mg/kg/day group (odds ratio = 0.5, 97.5% confidence interval 0.01-10.2, P = 0.55).",1403,1817,high
ndro-mvp-v0.1.2-20260823,2026-08-23,ALS-R-076,ALS,37138766,entity,ALS-R-076-E01,title,Reduced C9orf72 expression exacerbates polyGR toxicity in patient iPSC-derived motor neurons and a Type I protein arginine methyltransferase inhibitor reduces that toxicity.,0,173,high
ndro-mvp-v0.1.2-20260823,2026-08-23,ALS-R-076,ALS,37138766,geography,ALS-R-076-G01,affiliation,"ALS Therapy Development Institute, Watertown, MA, United States.",0,64,high
ndro-mvp-v0.1.2-20260823,2026-08-23,ALS-R-076,ALS,37138766,intervention,ALS-R-076-I01,title,Reduced C9orf72 expression exacerbates polyGR toxicity in patient iPSC-derived motor neurons and a Type I protein arginine methyltransferase inhibitor reduces that toxicity.,0,173,high
ndro-mvp-v0.1.2-20260823,2026-08-23,ALS-R-076,ALS,37138766,intervention,ALS-R-076-I02,title,Reduced C9orf72 expression exacerbates polyGR toxicity in patient iPSC-derived motor neurons and a Type I protein arginine methyltransferase inhibitor reduces that toxicity.,0,173,high
ndro-mvp-v0.1.2-20260823,2026-08-23,ALS-R-076,ALS,37138766,method_model,ALS-R-076-M01,title,Reduced C9orf72 expression exacerbates polyGR toxicity in patient iPSC-derived motor neurons and a Type I protein arginine methyltransferase inhibitor reduces that toxicity.,0,173,high
ndro-mvp-v0.1.2-20260823,2026-08-23,ALS-R-076,ALS,37138766,method_model,ALS-R-076-M02,title,Reduced C9orf72 expression exacerbates polyGR toxicity in patient iPSC-derived motor neurons and a Type I protein arginine methyltransferase inhibitor reduces that toxicity.,0,173,high
ndro-mvp-v0.1.2-20260823,2026-08-23,ALS-R-076,ALS,37138766,outcome,ALS-R-076-O01,title,Reduced C9orf72 expression exacerbates polyGR toxicity in patient iPSC-derived motor neurons and a Type I protein arginine methyltransferase inhibitor reduces that toxicity.,0,173,medium
ndro-mvp-v0.1.2-20260823,2026-08-23,ALS-R-076,ALS,37138766,outcome,ALS-R-076-O02,abstract,These repeat expansions are believed to result in both loss-of-function and toxic gain-of-function.,185,284,medium
ndro-mvp-v0.1.2-20260823,2026-08-23,ALS-R-076,ALS,37138766,outcome,ALS-R-076-O03,abstract,"Gain-of-function results in the production of toxic arginine-rich dipeptide repeat proteins (DPRs), namely polyGR and polyPR.",285,410,medium
ndro-mvp-v0.1.2-20260823,2026-08-23,ALS-R-076,ALS,37138766,outcome,ALS-R-076-O04,abstract,"Small-molecule inhibition of Type I protein arginine methyltransferases (PRMTs) has been shown to protect against toxicity resulting from polyGR and polyPR challenge in NSC-34 cells and primary mouse-derived spinal neurons, but the effect in human motor neurons (MNs) has not yet been explored.",411,705,medium
ndro-mvp-v0.1.2-20260823,2026-08-23,ALS-R-076,ALS,37138766,population,ALS-R-076-P01,title,Reduced C9orf72 expression exacerbates polyGR toxicity in patient iPSC-derived motor neurons and a Type I protein arginine methyltransferase inhibitor reduces that toxicity.,0,173,medium
ndro-mvp-v0.1.2-20260823,2026-08-23,ALS-R-077,ALS,38359044,entity,ALS-R-077-E01,title,"PERK modulation, with GSK2606414, Sephin1 or salubrinal, failed to produce therapeutic benefits in the SOD1G93A mouse model of ALS.",0,131,high
ndro-mvp-v0.1.2-20260823,2026-08-23,ALS-R-077,ALS,38359044,geography,ALS-R-077-G01,affiliation,"ALS Therapy Development Institute, Watertown, MA, United States of America.",0,75,high
ndro-mvp-v0.1.2-20260823,2026-08-23,ALS-R-077,ALS,38359044,intervention,ALS-R-077-I01,title,"PERK modulation, with GSK2606414, Sephin1 or salubrinal, failed to produce therapeutic benefits in the SOD1G93A mouse model of ALS.",0,131,high
ndro-mvp-v0.1.2-20260823,2026-08-23,ALS-R-077,ALS,38359044,intervention,ALS-R-077-I02,title,"PERK modulation, with GSK2606414, Sephin1 or salubrinal, failed to produce therapeutic benefits in the SOD1G93A mouse model of ALS.",0,131,high
ndro-mvp-v0.1.2-20260823,2026-08-23,ALS-R-077,ALS,38359044,intervention,ALS-R-077-I03,title,"PERK modulation, with GSK2606414, Sephin1 or salubrinal, failed to produce therapeutic benefits in the SOD1G93A mouse model of ALS.",0,131,high
ndro-mvp-v0.1.2-20260823,2026-08-23,ALS-R-077,ALS,38359044,method_model,ALS-R-077-M01,title,"PERK modulation, with GSK2606414, Sephin1 or salubrinal, failed to produce therapeutic benefits in the SOD1G93A mouse model of ALS.",0,131,high
ndro-mvp-v0.1.2-20260823,2026-08-23,ALS-R-077,ALS,38359044,outcome,ALS-R-077-O01,title,"PERK modulation, with GSK2606414, Sephin1 or salubrinal, failed to produce therapeutic benefits in the SOD1G93A mouse model of ALS.",0,131,medium
ndro-mvp-v0.1.2-20260823,2026-08-23,ALS-R-077,ALS,38359044,outcome,ALS-R-077-O02,abstract,"However, attempts to pharmacologically modulate PERK for therapeutic benefit have yielded inconsistent and often conflicting results.",210,343,medium
ndro-mvp-v0.1.2-20260823,2026-08-23,ALS-R-077,ALS,38359044,outcome,ALS-R-077-O03,abstract,"The alpha-2-adrenergic receptor agonist clonidine was also tested to elucidate the results obtained from the Sephin1, and of the previously reported guanabenz studies, by comparing the effects of presence or absence of α-2 agonism.",1032,1263,medium
ndro-mvp-v0.1.2-20260823,2026-08-23,ALS-R-077,ALS,38359044,outcome,ALS-R-077-O04,abstract,The results revealed that targeting PERK may not be an ideal approach for ALS treatment.,1264,1352,medium
ndro-mvp-v0.1.2-20260823,2026-08-23,ALS-R-077,ALS,38359044,population,ALS-R-077-P01,abstract,"Amyotrophic lateral sclerosis (ALS) has been linked to overactivity of the protein kinase RNA-like ER kinase (PERK) branch of the unfolded protein response (UPR) pathway, both in ALS patients and mouse models.",0,209,medium
ndro-mvp-v0.1.2-20260823,2026-08-23,ALS-R-079,ALS,39454934,entity,ALS-R-079-E01,abstract,Amongst its many clients is the ALS-associated superoxide dismutase 1 (SOD1) protein.,1020,1105,high
ndro-mvp-v0.1.2-20260823,2026-08-23,ALS-R-079,ALS,39454934,entity,ALS-R-079-E02,abstract,Hspa8 is best known for its role in autophagy.,973,1019,high
ndro-mvp-v0.1.2-20260823,2026-08-23,ALS-R-079,ALS,39454934,geography,ALS-R-079-G01,affiliation,"Department of Neurology, Columbia University Irving Medical Center, New York, NY 10032, United States of America; Center for Motor Neuron Biology and Disease, Columbia University Irving Medical Center, New York, NY 10032, United States of America; Colleen Giblin Research Laboratories, Columbia University Irving Medical Center, New York, NY 10032, United States of America.",0,374,high
ndro-mvp-v0.1.2-20260823,2026-08-23,ALS-R-079,ALS,39454934,method_model,ALS-R-079-M01,title,A variant of the Hspa8 synaptic chaperone modifies disease in a SOD1G86R mouse model of amyotrophic lateral sclerosis.,0,118,high
ndro-mvp-v0.1.2-20260823,2026-08-23,ALS-R-079,ALS,39454934,outcome,ALS-R-079-O01,abstract,"ALS is frequently associated with ubiquitin-positive motor neuronal aggregates, a pathology suggestive of perturbed proteostasis.",156,285,medium
ndro-mvp-v0.1.2-20260823,2026-08-23,ALS-R-079,ALS,39454934,outcome,ALS-R-079-O02,abstract,"Spinal muscular atrophy (SMA) is a second, common paralytic condition resulting from motor neuron loss and muscle atrophy.",402,524,medium
ndro-mvp-v0.1.2-20260823,2026-08-23,ALS-R-079,ALS,39454934,outcome,ALS-R-079-O03,abstract,Amongst its many clients is the ALS-associated superoxide dismutase 1 (SOD1) protein.,1020,1105,medium
ndro-mvp-v0.1.2-20260823,2026-08-23,ALS-R-079,ALS,39454934,outcome,ALS-R-079-O04,abstract,"Paradoxically, SOD1 protein in spinal cord tissue of the mice was dramatically reduced.",1438,1525,medium
ndro-mvp-v0.1.2-20260823,2026-08-23,ALS-R-079,ALS,39454934,population,ALS-R-079-P01,abstract,"Unexpectedly, disease in mutant SOD1 mice expressing the G470R variant was aggravated.",1248,1334,high
ndro-mvp-v0.1.2-20260823,2026-08-23,FTD-R-002,FTD,21923634,geography,FTD-R-002-G01,affiliation,"Institute of Cognitive Neurology-INECO, Buenos Aires, Argentina. [email redacted from public snapshot]",0,92,high
ndro-mvp-v0.1.2-20260823,2026-08-23,FTD-R-002,FTD,21923634,method_model,FTD-R-002-M01,abstract,"We compared the utility of two executive-function brief screening tools, the Institute of Cognitive Neurology (INECO) Frontal Screening (IFS) and the Frontal Assessment Battery (FAB), in their ability to detect executive dysfunction in a group of behavioral variant frontotemporal dementia (bv-FTD, n = 25) and Alzheimer's disease (AD, n = 25) patients in the early stages of their disease and in comparison to a group of age-, gender-, and education-matched controls (n = 26).",0,477,high
ndro-mvp-v0.1.2-20260823,2026-08-23,FTD-R-002,FTD,21923634,outcome,FTD-R-002-O01,abstract,"Relative to the FAB, the IFS showed (a) better capability to differentiate between types of dementia; (b) higher sensitivity and specificity for the detection of executive dysfunction; (c) stronger correlations with standard executive tasks.",478,719,medium
ndro-mvp-v0.1.2-20260823,2026-08-23,FTD-R-002,FTD,21923634,outcome,FTD-R-002-O02,abstract,"We conclude that while both tools are brief and specific for the detection of early executive dysfunction in dementia, the IFS is more sensitive and specific in differentiating bvFTD from AD, and its use in everyday clinical practice can contribute to the differential diagnosis between types of dementia.",720,1025,medium
ndro-mvp-v0.1.2-20260823,2026-08-23,FTD-R-002,FTD,21923634,population,FTD-R-002-P01,abstract,"We compared the utility of two executive-function brief screening tools, the Institute of Cognitive Neurology (INECO) Frontal Screening (IFS) and the Frontal Assessment Battery (FAB), in their ability to detect executive dysfunction in a group of behavioral variant frontotemporal dementia (bv-FTD, n = 25) and Alzheimer's disease (AD, n = 25) patients in the early stages of their disease and in comparison to a group of age-, gender-, and education-matched controls (n = 26).",0,477,medium
ndro-mvp-v0.1.2-20260823,2026-08-23,FTD-R-003,FTD,20858950,entity,FTD-R-003-E01,abstract,common FOXP2 polymorphisms,284,310,high
ndro-mvp-v0.1.2-20260823,2026-08-23,FTD-R-003,FTD,20858950,entity,FTD-R-003-E02,abstract,greater hypoperfusion in the frontal areas,1235,1277,high
ndro-mvp-v0.1.2-20260823,2026-08-23,FTD-R-003,FTD,20858950,geography,FTD-R-003-G01,affiliation,"University of Brescia, Italy",72,100,high
ndro-mvp-v0.1.2-20260823,2026-08-23,FTD-R-003,FTD,20858950,method_model,FTD-R-003-M01,abstract,four FOXP2 polymorphisms were evaluated,556,595,high
ndro-mvp-v0.1.2-20260823,2026-08-23,FTD-R-003,FTD,20858950,method_model,FTD-R-003-M02,abstract,wide standardized neuropsychological examination,423,471,high
ndro-mvp-v0.1.2-20260823,2026-08-23,FTD-R-003,FTD,20858950,method_model,FTD-R-003-M03,abstract,SPECT images were analyzed by Statistical Parametric Mapping (SPM5),652,719,high
ndro-mvp-v0.1.2-20260823,2026-08-23,FTD-R-003,FTD,20858950,outcome,FTD-R-003-O01,abstract,No significant differences of the four FOXP2 polymorphisms in genotype distribution and allele frequency,721,825,high
ndro-mvp-v0.1.2-20260823,2026-08-23,FTD-R-003,FTD,20858950,outcome,FTD-R-003-O02,abstract,significant and specific association between rs1456031 TT and rs17137124 TT genotypes and verbal fluency scores,869,980,high
ndro-mvp-v0.1.2-20260823,2026-08-23,FTD-R-003,FTD,20858950,outcome,FTD-R-003-O03,abstract,showed greater hypoperfusion in the frontal areas,1228,1277,high
ndro-mvp-v0.1.2-20260823,2026-08-23,FTD-R-003,FTD,20858950,population,FTD-R-003-P01,abstract,Two-hundred ten FTLD patients,368,397,high
ndro-mvp-v0.1.2-20260823,2026-08-23,FTD-R-003,FTD,20858950,population,FTD-R-003-P02,abstract,200 age-matched healthy controls,522,554,high
ndro-mvp-v0.1.2-20260823,2026-08-23,FTD-R-004,FTD,22322305,entity,FTD-R-004-E01,title,Atomic identification of fluorescent Q-dots on tau-positive fibrils in 3D-reconstructed pick bodies.,0,100,high
ndro-mvp-v0.1.2-20260823,2026-08-23,FTD-R-004,FTD,22322305,geography,FTD-R-004-G01,affiliation,"Laboratory of Structural Neuropathology, Tokyo Metropolitan Institute of Medical Science, Tokyo, Japan.",0,103,high
ndro-mvp-v0.1.2-20260823,2026-08-23,FTD-R-004,FTD,22322305,method_model,FTD-R-004-M01,abstract,"In this study, tau-positive Pick bodies were immunofluorescently labeled with QD nanocrystals composed of cadmium selenide for three-dimensional (3D) reconstruction and subsequently subjected to electron microscopic observation to identify QD immunolabeling on the same Pick body for comparison in detail.",374,679,high
ndro-mvp-v0.1.2-20260823,2026-08-23,FTD-R-004,FTD,22322305,method_model,FTD-R-004-M02,abstract,"Quantum dots (QDs) are nanometer-scale, water-soluble fluorophores that are detectable both as a fluorescent signal by light microscopy and as electron-dense particles under electron microscopy.",179,373,high
ndro-mvp-v0.1.2-20260823,2026-08-23,FTD-R-004,FTD,22322305,method_model,FTD-R-004-M03,abstract,"Quantum dots (QDs) are nanometer-scale, water-soluble fluorophores that are detectable both as a fluorescent signal by light microscopy and as electron-dense particles under electron microscopy.",179,373,high
ndro-mvp-v0.1.2-20260823,2026-08-23,FTD-R-004,FTD,22322305,outcome,FTD-R-004-O01,abstract,This confirmation of the specificity of the QD labeling through both its fluorescence and energy-dispersive X-ray spectra reinforces the reliability of the labeling.,1004,1169,medium
ndro-mvp-v0.1.2-20260823,2026-08-23,FTD-R-004,FTD,22322305,outcome,FTD-R-004-O02,abstract,"In addition, this exact comparison of the same structure by electron microscopy and 3D light microscopy demonstrates how its ultrastructural details are related to its surrounding structures on a 3D basis, providing further insights into how molecules woven into specific pathological ultrastructures are at work in situ.",1170,1491,medium
ndro-mvp-v0.1.2-20260823,2026-08-23,FTD-R-004,FTD,22322305,population,FTD-R-004-P01,abstract,"In this study, tau-positive Pick bodies were immunofluorescently labeled with QD nanocrystals composed of cadmium selenide for three-dimensional (3D) reconstruction and subsequently subjected to electron microscopic observation to identify QD immunolabeling on the same Pick body for comparison in detail.",374,679,medium
ndro-mvp-v0.1.2-20260823,2026-08-23,FTD-R-005,FTD,23189052,geography,FTD-R-005-G01,affiliation,"Department of Neurobiology, Care Sciences and Society, Karolinska Institutet Stockholm, Sweden.",0,95,high
ndro-mvp-v0.1.2-20260823,2026-08-23,FTD-R-005,FTD,23189052,outcome,FTD-R-005-O01,abstract,"Results revealed significant volume loss in the left SMPC in FTD, SD, and PNFA, while the right SMPC was also atrophied in SD and FTD.",750,884,high
ndro-mvp-v0.1.2-20260823,2026-08-23,FTD-R-005,FTD,23189052,outcome,FTD-R-005-O02,abstract,"In AD a non significant tendency of volume loss in the left SMPC was found (p = 0.08), with no volume loss on the right side.",885,1010,high
ndro-mvp-v0.1.2-20260823,2026-08-23,FTD-R-005,FTD,23189052,outcome,FTD-R-005-O03,abstract,Results indicated that volume loss reflected the degree of brain connectivity.,1011,1089,medium
ndro-mvp-v0.1.2-20260823,2026-08-23,FTD-R-005,FTD,23189052,population,FTD-R-005-P01,abstract,"The volume of the SMPC, DLPFC, OFC, HC, and entorhinal cortex (EC) were manually delineated for 12 subjects with frontotemporal dementia (FTD), 13 with semantic dementia (SD), 9 with progressive nonfluent aphasia (PNFA), 10 AD cases, and 13 controls.",499,749,high
ndro-mvp-v0.1.2-20260823,2026-08-23,FTD-R-005,FTD,23189052,population,FTD-R-005-P02,abstract,"The volume of the SMPC, DLPFC, OFC, HC, and entorhinal cortex (EC) were manually delineated for 12 subjects with frontotemporal dementia (FTD), 13 with semantic dementia (SD), 9 with progressive nonfluent aphasia (PNFA), 10 AD cases, and 13 controls.",499,749,high
ndro-mvp-v0.1.2-20260823,2026-08-23,FTD-R-006,FTD,22133803,entity,FTD-R-006-E01,abstract,dysregulation of transactive response DNA-binding protein-43,34,94,high
ndro-mvp-v0.1.2-20260823,2026-08-23,FTD-R-006,FTD,22133803,entity,FTD-R-006-E02,abstract,activation of p53,721,738,high
ndro-mvp-v0.1.2-20260823,2026-08-23,FTD-R-006,FTD,22133803,geography,FTD-R-006-G01,affiliation,"Tokyo 160-8402, Japan",83,104,high
ndro-mvp-v0.1.2-20260823,2026-08-23,FTD-R-006,FTD,22133803,intervention,FTD-R-006-I01,abstract,a low-grade overexpression of TDP-43,475,511,high
ndro-mvp-v0.1.2-20260823,2026-08-23,FTD-R-006,FTD,22133803,intervention,FTD-R-006-I02,abstract,p53 function was compromised,1036,1064,high
ndro-mvp-v0.1.2-20260823,2026-08-23,FTD-R-006,FTD,22133803,method_model,FTD-R-006-M01,abstract,Primarily using HeLa cells,434,460,high
ndro-mvp-v0.1.2-20260823,2026-08-23,FTD-R-006,FTD,22133803,method_model,FTD-R-006-M02,abstract,cells in which the p53 function was compromised,1017,1064,high
ndro-mvp-v0.1.2-20260823,2026-08-23,FTD-R-006,FTD,22133803,method_model,FTD-R-006-M03,abstract,induced cell cycle arrest at the G2/M phase and cell death,620,678,high
ndro-mvp-v0.1.2-20260823,2026-08-23,FTD-R-006,FTD,22133803,outcome,FTD-R-006-O01,abstract,induced cell cycle arrest at the G2/M phase,620,663,high
ndro-mvp-v0.1.2-20260823,2026-08-23,FTD-R-006,FTD,22133803,outcome,FTD-R-006-O02,abstract,and cell death in cultured non-neuronal cells,664,709,high
ndro-mvp-v0.1.2-20260823,2026-08-23,FTD-R-006,FTD,22133803,outcome,FTD-R-006-O03,abstract,"G2/M arrest was attenuated, while TDP-43-induced death was not attenuated",939,1012,high
ndro-mvp-v0.1.2-20260823,2026-08-23,FTD-R-012,FTD,22343156,entity,FTD-R-012-E01,abstract,"In contrast, tau related pathology was found in the PVN in Alzheimer's disease, and alpha-synuclein pathology in the SON in patients with Lewy body dementia.",857,1014,high
ndro-mvp-v0.1.2-20260823,2026-08-23,FTD-R-012,FTD,22343156,entity,FTD-R-012-E02,abstract,"METHODS: We conducted a quantitative neuropathologic examination of the SON and PVN from patients with FTLD with TDP-43 proteinopathy, Alzheimer's disease, Lewy body disease and controls to determine whether significant pathologic changes or neuronal loss may contribute to the striking behavioural symptoms of FTD.",424,739,high
ndro-mvp-v0.1.2-20260823,2026-08-23,FTD-R-012,FTD,22343156,entity,FTD-R-012-E03,abstract,"In contrast, tau related pathology was found in the PVN in Alzheimer's disease, and alpha-synuclein pathology in the SON in patients with Lewy body dementia.",857,1014,high
ndro-mvp-v0.1.2-20260823,2026-08-23,FTD-R-012,FTD,22343156,geography,FTD-R-012-G01,affiliation,"Cognitive Neurology and Alzheimer Research Centre, St. Joseph's Hospital, Canada.",0,81,high
ndro-mvp-v0.1.2-20260823,2026-08-23,FTD-R-012,FTD,22343156,outcome,FTD-R-012-O01,abstract,"RESULTS: Contrary to predictions, we found both nuclei to be free of significant pathologic change (TDP-43) in FTLD.",740,856,high
ndro-mvp-v0.1.2-20260823,2026-08-23,FTD-R-012,FTD,22343156,outcome,FTD-R-012-O02,abstract,CONCLUSIONS: These results indicate that the SON and PVN are resistant to FTLD TDP-43 pathology.,1015,1111,medium
ndro-mvp-v0.1.2-20260823,2026-08-23,FTD-R-012,FTD,22343156,population,FTD-R-012-P01,abstract,"While patients with Frontotemporal dementia (FTD) display prominent and progressive deficits in such social behaviours, the integrity of these nuclei in FTD is not known.",253,423,medium
ndro-mvp-v0.1.2-20260823,2026-08-23,FTD-R-021,FTD,28165465,geography,FTD-R-021-G01,affiliation,"Department of Neurology and Clinical Neurological Sciences, Northwestern University, Feinberg School of Medicine, Chicago, IL, 60611, USA.",0,138,high
ndro-mvp-v0.1.2-20260823,2026-08-23,FTD-R-021,FTD,28165465,outcome,FTD-R-021-O01,abstract,"In line with extensive vacuolation and cytoarchitectural disintegration, the numbers of synapses were also significantly reduced only in ALS patients.",711,861,high
ndro-mvp-v0.1.2-20260823,2026-08-23,FTD-R-021,FTD,28165465,outcome,FTD-R-021-O02,abstract,Our findings indicate apical dendrite degeneration as a novel cellular pathology that distinguishes ALS and further support the importance of cortical dysfunction for disease pathology.,862,1047,medium
ndro-mvp-v0.1.2-20260823,2026-08-23,FTD-R-021,FTD,28165465,population,FTD-R-021-P01,abstract,"Apical dendrites of Betz cells are important sites for the integration of cortical input, however their health has not been fully assessed in ALS patients.",0,155,medium
ndro-mvp-v0.1.2-20260823,2026-08-23,FTD-R-022,FTD,27875531,entity,FTD-R-022-E01,title,Loss of C9orf72 Enhances Autophagic Activity via Deregulated mTOR and TFEB Signaling.,0,85,high
ndro-mvp-v0.1.2-20260823,2026-08-23,FTD-R-022,FTD,27875531,entity,FTD-R-022-E02,title,Loss of C9orf72 Enhances Autophagic Activity via Deregulated mTOR and TFEB Signaling.,0,85,high
ndro-mvp-v0.1.2-20260823,2026-08-23,FTD-R-022,FTD,27875531,geography,FTD-R-022-G01,affiliation,"Department of Biochemistry and Molecular Biology, Bloomberg School of Public Health, and Department of Neuroscience, School of Medicine, Johns Hopkins University, Baltimore, Maryland, United States of America.",0,209,high
ndro-mvp-v0.1.2-20260823,2026-08-23,FTD-R-022,FTD,27875531,method_model,FTD-R-022-M01,abstract,Deletion of one or both alleles of the C9orf72 gene in mice causes age-dependent lethality phenotypes.,269,371,high
ndro-mvp-v0.1.2-20260823,2026-08-23,FTD-R-022,FTD,27875531,outcome,FTD-R-022-O01,abstract,We demonstrate that C9orf72 regulates nutrient sensing as the loss of C9orf72 decreases phosphorylation of the mTOR substrate S6K1.,372,503,medium
ndro-mvp-v0.1.2-20260823,2026-08-23,FTD-R-022,FTD,27875531,outcome,FTD-R-022-O02,abstract,"Consistent with reduced mTOR activity and increased TFEB levels, loss of C9orf72 enhances autophagic flux, suggesting that C9orf72 is a negative regulator of autophagy.",718,886,medium
ndro-mvp-v0.1.2-20260823,2026-08-23,FTD-R-022,FTD,27875531,outcome,FTD-R-022-O03,abstract,The depletion of C9orf72 or SMCR8 leads to significant down-regulation of each other's protein level.,1004,1105,high
ndro-mvp-v0.1.2-20260823,2026-08-23,FTD-R-022,FTD,27875531,outcome,FTD-R-022-O04,abstract,These results demonstrate that the C9orf72-SMCR8 protein complex functions in the regulation of metabolism and provide evidence that loss of C9orf72 function may contribute to the pathogenesis of relevant diseases.,1157,1371,medium
ndro-mvp-v0.1.2-20260823,2026-08-23,FTD-R-030,FTD,25442110,entity,FTD-R-030-E01,title,Characterization of DNA G-quadruplex species forming from C9ORF72 G4C2-expanded repeats associated with amyotrophic lateral sclerosis and frontotemporal lobar degeneration.,0,172,high
ndro-mvp-v0.1.2-20260823,2026-08-23,FTD-R-030,FTD,25442110,geography,FTD-R-030-G01,affiliation,"Slovenian NMR Centre, National Institute of Chemistry, Ljubljana, Slovenia; EN-FIST Center of Excellence, Ljubljana, Slovenia.",0,126,high
ndro-mvp-v0.1.2-20260823,2026-08-23,FTD-R-030,FTD,25442110,method_model,FTD-R-030-M01,abstract,Using nuclear magnetic resonance and circular dichroism spectroscopy we show that DNA G4C2 with varying number of repeats d(G4C2)n form planar guanine quartets characteristic of G-quadruplexes.,767,960,high
ndro-mvp-v0.1.2-20260823,2026-08-23,FTD-R-030,FTD,25442110,method_model,FTD-R-030-M02,abstract,Using nuclear magnetic resonance and circular dichroism spectroscopy we show that DNA G4C2 with varying number of repeats d(G4C2)n form planar guanine quartets characteristic of G-quadruplexes.,767,960,high
ndro-mvp-v0.1.2-20260823,2026-08-23,FTD-R-030,FTD,25442110,outcome,FTD-R-030-O01,title,Characterization of DNA G-quadruplex species forming from C9ORF72 G4C2-expanded repeats associated with amyotrophic lateral sclerosis and frontotemporal lobar degeneration.,0,172,medium
ndro-mvp-v0.1.2-20260823,2026-08-23,FTD-R-031,FTD,27789409,entity,FTD-R-031-E01,title,"Generation of an isogenic, gene-corrected iPSC line from a symptomatic 57-year-old female patient with frontotemporal dementia caused by a P301L mutation in the microtubule associated protein tau (MAPT) gene.",0,208,high
ndro-mvp-v0.1.2-20260823,2026-08-23,FTD-R-031,FTD,27789409,geography,FTD-R-031-G01,affiliation,"Bioneer A/S, Kogle Alle 2, 2970 HØrsholm, Denmark; Department of Clinical Microscopy, Faculty of Medical Technology, Mahidol University, Bangkok 10700, Thailand.",0,161,high
ndro-mvp-v0.1.2-20260823,2026-08-23,FTD-R-031,FTD,27789409,geography,FTD-R-031-G02,affiliation,"Institute of Medical Genetics and Applied Genomics, Division of Cytogenetics, Calwerstrasse 7, University of Tuebingen, 72076, Germany.",384,519,high
ndro-mvp-v0.1.2-20260823,2026-08-23,FTD-R-031,FTD,27789409,method_model,FTD-R-031-M01,abstract,Induced pluripotent stem cells (iPSCs) hold great promise to model FTDP-17 as such cells can be differentiated in vitro to the required cell type.,286,432,high
ndro-mvp-v0.1.2-20260823,2026-08-23,FTD-R-031,FTD,27789409,method_model,FTD-R-031-M02,title,"Generation of an isogenic, gene-corrected iPSC line from a symptomatic 57-year-old female patient with frontotemporal dementia caused by a P301L mutation in the microtubule associated protein tau (MAPT) gene.",0,208,high
ndro-mvp-v0.1.2-20260823,2026-08-23,FTD-R-031,FTD,27789409,outcome,FTD-R-031-O01,title,"Generation of an isogenic, gene-corrected iPSC line from a symptomatic 57-year-old female patient with frontotemporal dementia caused by a P301L mutation in the microtubule associated protein tau (MAPT) gene.",0,208,medium
ndro-mvp-v0.1.2-20260823,2026-08-23,FTD-R-031,FTD,27789409,outcome,FTD-R-031-O02,abstract,"Mutations in the MAPT (microtubule-associated protein tau)-gene can cause FTDP-17, but the underlying pathomechanisms of the disease are still unknown.",134,285,medium
ndro-mvp-v0.1.2-20260823,2026-08-23,FTD-R-031,FTD,27789409,population,FTD-R-031-P01,abstract,"Here, we report the generation of genetically corrected iPSCs from a 57-year-old female FTD-17 patient carrying an P301L mutation in the MAPT-gene.",565,712,high
ndro-mvp-v0.1.2-20260823,2026-08-23,FTD-R-035,FTD,26882509,geography,FTD-R-035-G01,affiliation,"a Department of Neurology , Tianjin Huanhu Hospital , Tianjin , China.",0,70,high
ndro-mvp-v0.1.2-20260823,2026-08-23,FTD-R-035,FTD,26882509,geography,FTD-R-035-G02,affiliation,"d School of Medicine , University of New South Wales , Kensington , NSW , Australia.",279,363,high
ndro-mvp-v0.1.2-20260823,2026-08-23,FTD-R-035,FTD,26882509,method_model,FTD-R-035-M01,abstract,"Cognitive impairment and neuropsychiatric symptoms were assessed using the Mini Mental State Examination, Montreal Cognitive Assessment, Clock Drawing Test, and Neuropsychiatric Inventory (NPI), respectively.",922,1130,high
ndro-mvp-v0.1.2-20260823,2026-08-23,FTD-R-035,FTD,26882509,method_model,FTD-R-035-M02,abstract,"Logistic regression analysis revealed that the factors influencing caregiver burden for each group were: FTD: total NPI scores, agitation, and aberrant motor behavior; bvFTD: total NPI scores; DLB: total NPI scores; and AD: total NPI scores, onset age, apathy, and ADL.",1306,1575,high
ndro-mvp-v0.1.2-20260823,2026-08-23,FTD-R-035,FTD,26882509,outcome,FTD-R-035-O01,abstract,"RESULTS: FTD patients had higher NPI and ZBI scores than DLB and AD patients, whose scores were similar.",1201,1305,medium
ndro-mvp-v0.1.2-20260823,2026-08-23,FTD-R-035,FTD,26882509,outcome,FTD-R-035-O02,abstract,"Caregivers of bvFTD patients had the highest levels of burden, which were significantly greater than for caregivers of nfvPPA, svPPA, DLB, and AD patients.",1576,1731,high
ndro-mvp-v0.1.2-20260823,2026-08-23,FTD-R-035,FTD,26882509,outcome,FTD-R-035-O03,abstract,"CONCLUSION: BPSD was highly correlated with emotional burden in caregivers of FTD, DLB, and AD patients.",1732,1836,medium
ndro-mvp-v0.1.2-20260823,2026-08-23,FTD-R-035,FTD,26882509,population,FTD-R-035-P01,abstract,"BACKGROUND AND AIMS: Caregivers of individuals with neurodegenerative diseases, including frontotemporal dementia (FTD), Lewy body dementia (DLB), and Alzheimer's disease (AD), experience high levels of psychological and physical stress, likely due to behavioral and psychological symptoms of dementia (BPSD).",0,309,medium
ndro-mvp-v0.1.2-20260823,2026-08-23,FTD-R-036,FTD,29202529,geography,FTD-R-036-G01,affiliation,"Department of Neurology, Tianjin Medical University General Hospital, Tianjin 300052, China.",0,92,high
ndro-mvp-v0.1.2-20260823,2026-08-23,FTD-R-036,FTD,29202529,method_model,FTD-R-036-M01,abstract,"Methods: Thirty-six AD patients and 20 bvFTD patients at mild-to-moderate stage, who were biomarker-confirmed by positron emission tomography (PET), were assessed with a neuropsychological battery and neuropsychiatry inventory (NPI).",205,438,high
ndro-mvp-v0.1.2-20260823,2026-08-23,FTD-R-036,FTD,29202529,method_model,FTD-R-036-M02,abstract,"Methods: Thirty-six AD patients and 20 bvFTD patients at mild-to-moderate stage, who were biomarker-confirmed by positron emission tomography (PET), were assessed with a neuropsychological battery and neuropsychiatry inventory (NPI).",205,438,high
ndro-mvp-v0.1.2-20260823,2026-08-23,FTD-R-036,FTD,29202529,outcome,FTD-R-036-O01,abstract,"Results: AD patients had lower scores in immediate recall, delayed recall and recognition than bvFTD patients (all P<0.05); while bvFTD patients had poorer performance in language and executive function than AD patients (all P<0.05).",609,842,high
ndro-mvp-v0.1.2-20260823,2026-08-23,FTD-R-036,FTD,29202529,outcome,FTD-R-036-O02,abstract,"The NPI total score was significantly higher in patients with bvFTD compared with patients with AD (17.5±5.7 vs 9.3±3.5, P<0.05).",843,972,high
ndro-mvp-v0.1.2-20260823,2026-08-23,FTD-R-036,FTD,29202529,outcome,FTD-R-036-O03,abstract,Conclusion: Comprehensive neuropsychological assessment and evaluation of behavioral and psychological symptoms of patients with dementia are helpful in distinguishing AD from bvFTD.,1375,1557,medium
ndro-mvp-v0.1.2-20260823,2026-08-23,FTD-R-036,FTD,29202529,population,FTD-R-036-P01,title,"[Characteristics of cognitive function, behavioral and psychological symptoms in patients with Alzheimer's disease versus behavioral variant frontotemporal dementia].",0,166,medium
ndro-mvp-v0.1.2-20260823,2026-08-23,FTD-R-037,FTD,27418313,entity,FTD-R-037-E01,abstract,Defective FUS metabolism,0,24,high
ndro-mvp-v0.1.2-20260823,2026-08-23,FTD-R-037,FTD,27418313,entity,FTD-R-037-E02,title,VAPB-PTPIP51 interaction,55,79,high
ndro-mvp-v0.1.2-20260823,2026-08-23,FTD-R-037,FTD,27418313,entity,FTD-R-037-E03,title,VAPB-PTPIP51 interaction,55,79,high
ndro-mvp-v0.1.2-20260823,2026-08-23,FTD-R-037,FTD,27418313,entity,FTD-R-037-E04,abstract,activation of glycogen synthase kinase-3β,1129,1170,high
ndro-mvp-v0.1.2-20260823,2026-08-23,FTD-R-037,FTD,27418313,geography,FTD-R-037-G01,affiliation,"Kings College London, London, UK",101,133,high
ndro-mvp-v0.1.2-20260823,2026-08-23,FTD-R-037,FTD,27418313,intervention,FTD-R-037-I01,abstract,FUS-expressing cells,944,964,high
ndro-mvp-v0.1.2-20260823,2026-08-23,FTD-R-037,FTD,27418313,method_model,FTD-R-037-M01,abstract,FUS-expressing cells,944,964,high
ndro-mvp-v0.1.2-20260823,2026-08-23,FTD-R-037,FTD,27418313,method_model,FTD-R-037-M02,title,ER-mitochondria associations,84,112,high
ndro-mvp-v0.1.2-20260823,2026-08-23,FTD-R-037,FTD,27418313,method_model,FTD-R-037-M03,abstract,Ca(2+) uptake by mitochondria,744,773,high
ndro-mvp-v0.1.2-20260823,2026-08-23,FTD-R-037,FTD,27418313,method_model,FTD-R-037-M04,abstract,mitochondrial ATP production,900,928,high
ndro-mvp-v0.1.2-20260823,2026-08-23,FTD-R-037,FTD,27418313,outcome,FTD-R-037-O01,abstract,FUS disrupts the VAPB-PTPIP51 interaction,615,656,high
ndro-mvp-v0.1.2-20260823,2026-08-23,FTD-R-037,FTD,27418313,outcome,FTD-R-037-O02,title,and ER-mitochondria associations,80,112,high
ndro-mvp-v0.1.2-20260823,2026-08-23,FTD-R-037,FTD,27418313,outcome,FTD-R-037-O03,abstract,perturbation of Ca(2+) uptake by mitochondria,728,773,high
ndro-mvp-v0.1.2-20260823,2026-08-23,FTD-R-037,FTD,27418313,outcome,FTD-R-037-O04,abstract,mitochondrial ATP production is impaired in FUS-expressing cells,900,964,high
ndro-mvp-v0.1.2-20260823,2026-08-23,FTD-R-044,FTD,34720994,entity,FTD-R-044-E01,abstract,"Results: According to the American College of Medical Genetics and Genomics (ACMG) standards and guidelines, we identified four reported pathogenic variants, namely, PSEN1 c.A344G, APP c.G2149A, MAPT c.G1165A, and MAPT c.G742A, one reported likely pathogenic variant, namely, PSEN2 c.G100A, one novel pathogenic variants, SQSTM1 c.C671A, and three novel likely pathogenic variants, namely, ABCA7 c.C4690T, ATP13A2 c.3135delC, and NOS3 c.2897-2A > G.",491,940,high
ndro-mvp-v0.1.2-20260823,2026-08-23,FTD-R-044,FTD,34720994,entity,FTD-R-044-E02,abstract,"Results: According to the American College of Medical Genetics and Genomics (ACMG) standards and guidelines, we identified four reported pathogenic variants, namely, PSEN1 c.A344G, APP c.G2149A, MAPT c.G1165A, and MAPT c.G742A, one reported likely pathogenic variant, namely, PSEN2 c.G100A, one novel pathogenic variants, SQSTM1 c.C671A, and three novel likely pathogenic variants, namely, ABCA7 c.C4690T, ATP13A2 c.3135delC, and NOS3 c.2897-2A > G.",491,940,high
ndro-mvp-v0.1.2-20260823,2026-08-23,FTD-R-044,FTD,34720994,entity,FTD-R-044-E03,abstract,"Results: According to the American College of Medical Genetics and Genomics (ACMG) standards and guidelines, we identified four reported pathogenic variants, namely, PSEN1 c.A344G, APP c.G2149A, MAPT c.G1165A, and MAPT c.G742A, one reported likely pathogenic variant, namely, PSEN2 c.G100A, one novel pathogenic variants, SQSTM1 c.C671A, and three novel likely pathogenic variants, namely, ABCA7 c.C4690T, ATP13A2 c.3135delC, and NOS3 c.2897-2A > G.",491,940,high
ndro-mvp-v0.1.2-20260823,2026-08-23,FTD-R-044,FTD,34720994,entity,FTD-R-044-E04,abstract,"Results: According to the American College of Medical Genetics and Genomics (ACMG) standards and guidelines, we identified four reported pathogenic variants, namely, PSEN1 c.A344G, APP c.G2149A, MAPT c.G1165A, and MAPT c.G742A, one reported likely pathogenic variant, namely, PSEN2 c.G100A, one novel pathogenic variants, SQSTM1 c.C671A, and three novel likely pathogenic variants, namely, ABCA7 c.C4690T, ATP13A2 c.3135delC, and NOS3 c.2897-2A > G.",491,940,high
ndro-mvp-v0.1.2-20260823,2026-08-23,FTD-R-044,FTD,34720994,entity,FTD-R-044-E05,abstract,"21 variants with uncertain significance in PSEN2, C9orf72, NOTCH3, ABCA7, ERBB4, GRN, MPO, SETX, SORL1, NEFH, ADCM10, and SORL1, etc., were also detected in patients with Alzheimer's disease (AD) and frontotemporal dementia (FTD).",941,1171,high
ndro-mvp-v0.1.2-20260823,2026-08-23,FTD-R-044,FTD,34720994,geography,FTD-R-044-G01,affiliation,"Alzheimer's Disease and Related Disorders Center, Shanghai Mental Health Center, Department of Geriatric Psychiatry, Shanghai Jiao Tong University School of Medicine, Shanghai, China.",0,183,high
ndro-mvp-v0.1.2-20260823,2026-08-23,FTD-R-044,FTD,34720994,method_model,FTD-R-044-M01,title,Analysis of Genotype-Phenotype Correlations in Patients With Degenerative Dementia Through the Whole Exome Sequencing.,0,118,high
ndro-mvp-v0.1.2-20260823,2026-08-23,FTD-R-044,FTD,34720994,outcome,FTD-R-044-O01,abstract,"Results: According to the American College of Medical Genetics and Genomics (ACMG) standards and guidelines, we identified four reported pathogenic variants, namely, PSEN1 c.A344G, APP c.G2149A, MAPT c.G1165A, and MAPT c.G742A, one reported likely pathogenic variant, namely, PSEN2 c.G100A, one novel pathogenic variants, SQSTM1 c.C671A, and three novel likely pathogenic variants, namely, ABCA7 c.C4690T, ATP13A2 c.3135delC, and NOS3 c.2897-2A > G.",491,940,medium
ndro-mvp-v0.1.2-20260823,2026-08-23,FTD-R-044,FTD,34720994,outcome,FTD-R-044-O02,abstract,Conclusion: The new variants in dementia-related genes indicated heterogeneity in pathogenesis and phenotype of degenerative dementia.,1172,1306,medium
ndro-mvp-v0.1.2-20260823,2026-08-23,FTD-R-044,FTD,34720994,population,FTD-R-044-P01,abstract,Methods: We recruited a group of 84 dementia patients and conducted the whole exome sequencing (WES).,302,403,medium
ndro-mvp-v0.1.2-20260823,2026-08-23,FTD-R-045,FTD,31173437,entity,FTD-R-045-E01,title,Brain MR Spectroscopy Changes Precede Frontotemporal Lobar Degeneration Phenoconversion in Mapt Mutation Carriers.,0,114,high
ndro-mvp-v0.1.2-20260823,2026-08-23,FTD-R-045,FTD,31173437,geography,FTD-R-045-G01,affiliation,"Department of Neurology, West China Hospital of Sichuan University, Chengdu, Sichuan, China.",508,600,high
ndro-mvp-v0.1.2-20260823,2026-08-23,FTD-R-045,FTD,31173437,method_model,FTD-R-045-M01,abstract,"BACKGROUND AND PURPOSE: The objective of this study was to longitudinally investigate the trajectory of change in 1 H MRS measurements in asymptomatic MAPT mutation carriers who became symptomatic during follow-up, and to determine the time at which the neurochemical alterations accelerated during disease progression.",0,319,high
ndro-mvp-v0.1.2-20260823,2026-08-23,FTD-R-045,FTD,31173437,outcome,FTD-R-045-O01,abstract,"RESULTS: The decrease in the NAA/mI ratio accelerated 2.09 years prior to symptom onset, and continued to decline.",850,964,medium
ndro-mvp-v0.1.2-20260823,2026-08-23,FTD-R-045,FTD,31173437,outcome,FTD-R-045-O02,abstract,CONCLUSIONS: Our findings support the potential use of longitudinal 1 H MRS for monitoring the neurodegenerative progression in MAPT mutation carriers starting from the asymptomatic stage.,1088,1276,medium
ndro-mvp-v0.1.2-20260823,2026-08-23,FTD-R-045,FTD,31173437,population,FTD-R-045-P01,abstract,"All participants were longitudinally followed with an average of 7.75 years (range 4-11 years) and underwent two or more single voxel 1 H MRS examinations from the posterior cingulate voxel, with a total of 60 examinations.",449,672,medium
ndro-mvp-v0.1.2-20260823,2026-08-23,FTD-R-046,FTD,31543469,entity,FTD-R-046-E01,title,Pathological Progression Induced by the Frontotemporal Dementia-Associated R406W Tau Mutation in Patient-Derived iPSCs.,0,119,high
ndro-mvp-v0.1.2-20260823,2026-08-23,FTD-R-046,FTD,31543469,geography,FTD-R-046-G01,affiliation,"Department of Physiology, School of Medicine, Keio University, 35 Shinanomachi, Shinjuku-ku, Tokyo 160-8582, Japan; Department of Biomedical Chemistry, School of International Health, Graduate School of Medicine, University of Tokyo, 7-3-1 Hongo, Bunkyo-ku, Tokyo 113-8654, Japan.",0,280,high
ndro-mvp-v0.1.2-20260823,2026-08-23,FTD-R-046,FTD,31543469,geography,FTD-R-046-G02,affiliation,"Department of Psychiatry and Hope Center for Neurological Disorders, Washington University in St. Louis, St. Louis, MO 63110, USA.",832,962,high
ndro-mvp-v0.1.2-20260823,2026-08-23,FTD-R-046,FTD,31543469,method_model,FTD-R-046-M01,title,Pathological Progression Induced by the Frontotemporal Dementia-Associated R406W Tau Mutation in Patient-Derived iPSCs.,0,119,high
ndro-mvp-v0.1.2-20260823,2026-08-23,FTD-R-046,FTD,31543469,method_model,FTD-R-046-M02,title,Pathological Progression Induced by the Frontotemporal Dementia-Associated R406W Tau Mutation in Patient-Derived iPSCs.,0,119,high
ndro-mvp-v0.1.2-20260823,2026-08-23,FTD-R-046,FTD,31543469,outcome,FTD-R-046-O01,title,Pathological Progression Induced by the Frontotemporal Dementia-Associated R406W Tau Mutation in Patient-Derived iPSCs.,0,119,medium
ndro-mvp-v0.1.2-20260823,2026-08-23,FTD-R-046,FTD,31543469,outcome,FTD-R-046-O02,abstract,Mutations in the microtubule-associated protein tau (MAPT) gene are known to cause familial frontotemporal dementia (FTD).,0,122,medium
ndro-mvp-v0.1.2-20260823,2026-08-23,FTD-R-046,FTD,31543469,outcome,FTD-R-046-O03,abstract,"In this neuronal culture, the mutant tau protein exhibited reduced phosphorylation levels and was increasingly fragmented by calpain.",659,792,medium
ndro-mvp-v0.1.2-20260823,2026-08-23,FTD-R-046,FTD,31543469,outcome,FTD-R-046-O04,abstract,"Furthermore, the mutant tau protein was mislocalized and the axons of the patient-derived neurons displayed morphological and functional abnormalities, which were rescued by microtubule stabilization.",793,993,medium
ndro-mvp-v0.1.2-20260823,2026-08-23,FTD-R-046,FTD,31543469,population,FTD-R-046-P01,title,Pathological Progression Induced by the Frontotemporal Dementia-Associated R406W Tau Mutation in Patient-Derived iPSCs.,0,119,medium
ndro-mvp-v0.1.2-20260823,2026-08-23,FTD-R-051,FTD,33799358,entity,FTD-R-051-E01,abstract,FD value measures may be a sensitive index,1497,1539,high
ndro-mvp-v0.1.2-20260823,2026-08-23,FTD-R-051,FTD,33799358,geography,FTD-R-051-G01,affiliation,"Birla Institute of Technology and Science Pilani, Hyderabad Campus, Hyderabad 500078, India",54,145,high
ndro-mvp-v0.1.2-20260823,2026-08-23,FTD-R-051,FTD,33799358,geography,FTD-R-051-G02,affiliation,"Cleveland, OH 44195, USA",220,244,high
ndro-mvp-v0.1.2-20260823,2026-08-23,FTD-R-051,FTD,33799358,method_model,FTD-R-051-M01,abstract,CST and whole brain GM and WM morphometric changes using FD analyses,580,648,high
ndro-mvp-v0.1.2-20260823,2026-08-23,FTD-R-051,FTD,33799358,method_model,FTD-R-051-M02,abstract,assigned into four groups based on their clinical or radiographic phenotypes,927,1003,high
ndro-mvp-v0.1.2-20260823,2026-08-23,FTD-R-051,FTD,33799358,outcome,FTD-R-051-O01,abstract,ALS and frontotemporal dementia (ALS-FTD) showed significantly higher CST FD values,1076,1159,high
ndro-mvp-v0.1.2-20260823,2026-08-23,FTD-R-051,FTD,33799358,outcome,FTD-R-051-O02,abstract,lower primary motor and sensory cortex GM FD values,1164,1215,high
ndro-mvp-v0.1.2-20260823,2026-08-23,FTD-R-051,FTD,33799358,population,FTD-R-051-P01,abstract,ALS patients (n = 75),886,907,high
ndro-mvp-v0.1.2-20260823,2026-08-23,FTD-R-051,FTD,33799358,population,FTD-R-051-P02,abstract,neurologic controls (n = 14),852,880,high
ndro-mvp-v0.1.2-20260823,2026-08-23,FTD-R-052,FTD,32175624,entity,FTD-R-052-E01,abstract,"The C9orf72 repeat expansion causes amyotrophic lateral sclerosis and frontotemporal dementia, but the poor correlation between C9orf72-specific pathology and TDP-43 pathology linked to neurodegeneration hinders targeted therapeutic development.",0,245,high
ndro-mvp-v0.1.2-20260823,2026-08-23,FTD-R-052,FTD,32175624,entity,FTD-R-052-E02,title,Cell-to-cell transmission of C9orf72 poly-(Gly-Ala) triggers key features of ALS/FTD.,0,85,high
ndro-mvp-v0.1.2-20260823,2026-08-23,FTD-R-052,FTD,32175624,geography,FTD-R-052-G01,affiliation,"German Center for Neurodegenerative Diseases (DZNE), Munich, Germany.",0,69,high
ndro-mvp-v0.1.2-20260823,2026-08-23,FTD-R-052,FTD,32175624,geography,FTD-R-052-G02,affiliation,"Department of Biomedical Sciences of Cells and Systems, University of Groningen, Groningen, The Netherlands.",548,656,high
ndro-mvp-v0.1.2-20260823,2026-08-23,FTD-R-052,FTD,32175624,outcome,FTD-R-052-O01,abstract,"Here, we addressed the role of the aggregating dipeptide repeat proteins resulting from unconventional translation of the repeat in all reading frames.",246,397,medium
ndro-mvp-v0.1.2-20260823,2026-08-23,FTD-R-052,FTD,32175624,outcome,FTD-R-052-O02,abstract,"Poly-GA promoted cytoplasmic mislocalization and aggregation of TDP-43 non-cell-autonomously, and anti-GA antibodies ameliorated TDP-43 mislocalization in both donor and receiver cells.",398,583,medium
ndro-mvp-v0.1.2-20260823,2026-08-23,FTD-R-052,FTD,32175624,outcome,FTD-R-052-O03,abstract,Boosting proteasome function with rolipram reduced both poly-GA and TDP-43 aggregation.,919,1006,medium
ndro-mvp-v0.1.2-20260823,2026-08-23,FTD-R-052,FTD,32175624,population,FTD-R-052-P01,abstract,"Our data from cell lines, primary neurons, transgenic mice, and patient tissue suggest that poly-GA promotes TDP-43 aggregation by inhibiting the proteasome cell-autonomously and non-cell-autonomously, which can be prevented by inhibiting poly-GA transmission with antibodies or boosting proteasome activity with rolipram.",1007,1329,medium
ndro-mvp-v0.1.2-20260823,2026-08-23,FTD-R-054,FTD,30537913,geography,FTD-R-054-G01,affiliation,"From the Departments of Neurology (Moheb, Ashla, Mendez) and Psychiatry and Biobehavioral Sciences (Charuworn, Mendez), David Geffen School of Medicine, University of California at Los Angeles; and the Neurobehavior Unit, VA Greater Los Angeles Healthcare System, Los Angeles (Desarzant, Chavez, Mendez).",0,304,high
ndro-mvp-v0.1.2-20260823,2026-08-23,FTD-R-054,FTD,30537913,outcome,FTD-R-054-O01,abstract,"RESULTS: Only hoarding and collecting was significantly common in both bvFTD and OCD; otherwise, the bvFTD patients had very low frequencies of the common OCD behaviors of checking, cleaning, counting, and ordering.",899,1114,high
ndro-mvp-v0.1.2-20260823,2026-08-23,FTD-R-054,FTD,30537913,outcome,FTD-R-054-O02,abstract,"The repetitive behaviors in bvFTD were not associated with verbalized anxiety, obsessional ideation, or reports of relief after completing the act.",1115,1262,medium
ndro-mvp-v0.1.2-20260823,2026-08-23,FTD-R-054,FTD,30537913,outcome,FTD-R-054-O03,abstract,"Finally, among the bvFTD patients, the repetitive behaviors were always associated with impulsive or disinhibited behaviors, such as inappropriate verbal or physical behavior.",1413,1588,medium
ndro-mvp-v0.1.2-20260823,2026-08-23,FTD-R-054,FTD,30537913,outcome,FTD-R-054-O04,abstract,"CONCLUSIONS: These findings suggest that the repetitive behaviors in bvFTD are repetitive impulsions, possibly from specific involvement of frontostriatal-anterior temporal pathology.",1589,1772,medium
ndro-mvp-v0.1.2-20260823,2026-08-23,FTD-R-054,FTD,30537913,population,FTD-R-054-P01,abstract,"Patients with bvFTD often have perseverative, stereotyped, or compulsive-ritualistic behavior as an early aspect of their disorder.",132,263,medium
ndro-mvp-v0.1.2-20260823,2026-08-23,FTD-R-056,FTD,34161229,entity,FTD-R-056-E01,title,Multiple pathways of toxicity induced by C9orf72 dipeptide repeat aggregates and G4C2 RNA in a cellular model.,0,110,high
ndro-mvp-v0.1.2-20260823,2026-08-23,FTD-R-056,FTD,34161229,geography,FTD-R-056-G01,affiliation,"Max Planck Institute of Biochemistry, Martinsried, Germany.",0,59,high
ndro-mvp-v0.1.2-20260823,2026-08-23,FTD-R-056,FTD,34161229,geography,FTD-R-056-G02,affiliation,"Université Paris-Saclay, CEA, CNRS, Institute for Integrative Biology of the Cell (I2BC), Gif-sur-Yvette, France.",62,175,high
ndro-mvp-v0.1.2-20260823,2026-08-23,FTD-R-056,FTD,34161229,geography,FTD-R-056-G03,affiliation,"Department of Quantitative Biomedicine, University of Zurich, Zurich, Switzerland.",178,260,high
ndro-mvp-v0.1.2-20260823,2026-08-23,FTD-R-056,FTD,34161229,geography,FTD-R-056-G04,affiliation,"Department of Biomedical Sciences of Cells and Systems, University Medical Center Groningen, University of Groningen, Groningen, Netherlands.",263,404,high
ndro-mvp-v0.1.2-20260823,2026-08-23,FTD-R-056,FTD,34161229,outcome,FTD-R-056-O01,abstract,Production of the G4C2 RNA strongly reduced viability independent of DPR translation and caused pronounced inhibition of nuclear mRNA export and protein biogenesis.,744,908,medium
ndro-mvp-v0.1.2-20260823,2026-08-23,FTD-R-057,FTD,34152475,entity,FTD-R-057-E01,title,TMEM106B modifies TDP-43 pathology in human ALS brain and cell-based models of TDP-43 proteinopathy.,0,100,high
ndro-mvp-v0.1.2-20260823,2026-08-23,FTD-R-057,FTD,34152475,entity,FTD-R-057-E02,abstract,"Here, we investigated the influence of genotypes at TMEM106B, a locus associated with risk for FTLD-TDP, and hexanucleotide repeat expansions in C9orf72, a known genetic cause for both ALS and FTLD-TDP, on global TDP-43 pathology and regional distribution of TDP-43 pathology in 899 postmortem cases from a spectrum of neurodegenerative diseases.",422,768,high
ndro-mvp-v0.1.2-20260823,2026-08-23,FTD-R-057,FTD,34152475,geography,FTD-R-057-G01,affiliation,"Department of Neurology, Perelman School of Medicine, University of Pennsylvania, Philadelphia, PA, USA.",0,104,high
ndro-mvp-v0.1.2-20260823,2026-08-23,FTD-R-057,FTD,34152475,geography,FTD-R-057-G02,affiliation,"Department of Neurology, The First Affiliated Hospital of Shandong First Medical University, Jinan, Shandong, China.",107,223,high
ndro-mvp-v0.1.2-20260823,2026-08-23,FTD-R-057,FTD,34152475,outcome,FTD-R-057-O01,abstract,"Here, we investigated the influence of genotypes at TMEM106B, a locus associated with risk for FTLD-TDP, and hexanucleotide repeat expansions in C9orf72, a known genetic cause for both ALS and FTLD-TDP, on global TDP-43 pathology and regional distribution of TDP-43 pathology in 899 postmortem cases from a spectrum of neurodegenerative diseases.",422,768,medium
ndro-mvp-v0.1.2-20260823,2026-08-23,FTD-R-057,FTD,34152475,outcome,FTD-R-057-O02,abstract,"We found that, among the 110 ALS cases, minor (C)-allele homozygotes at the TMEM106B locus sentinel SNP rs1990622 had more TDP-43 pathology globally, as well as in select brain regions.",769,954,medium
ndro-mvp-v0.1.2-20260823,2026-08-23,FTD-R-057,FTD,34152475,outcome,FTD-R-057-O03,abstract,C9orf72 expansions similarly associated with greater TDP-43 pathology in ALS.,955,1032,medium
ndro-mvp-v0.1.2-20260823,2026-08-23,FTD-R-057,FTD,34152475,outcome,FTD-R-057-O04,abstract,"We found that partial knockdown of TMEM106B, to levels similar to what would be expected in rs1990622 C allele carriers, led to development of more TDP-43 cytoplasmic aggregates, which were more insoluble, in this system.",1335,1556,medium
ndro-mvp-v0.1.2-20260823,2026-08-23,FTD-R-057,FTD,34152475,population,FTD-R-057-P01,abstract,"Here, we investigated the influence of genotypes at TMEM106B, a locus associated with risk for FTLD-TDP, and hexanucleotide repeat expansions in C9orf72, a known genetic cause for both ALS and FTLD-TDP, on global TDP-43 pathology and regional distribution of TDP-43 pathology in 899 postmortem cases from a spectrum of neurodegenerative diseases.",422,768,medium
ndro-mvp-v0.1.2-20260823,2026-08-23,FTD-R-060,FTD,32830216,entity,FTD-R-060-E01,title,Limbic-predominant age-related TDP-43 encephalopathy differs from frontotemporal lobar degeneration.,0,100,high
ndro-mvp-v0.1.2-20260823,2026-08-23,FTD-R-060,FTD,32830216,geography,FTD-R-060-G01,affiliation,"Alzheimer's Disease Core Center, University of Pennsyvania, Philadelphia, PA, USA.",0,82,high
ndro-mvp-v0.1.2-20260823,2026-08-23,FTD-R-060,FTD,32830216,method_model,FTD-R-060-M01,abstract,These sections were stained for phospho-TDP-43 immunohistochemically and evaluated independently by two University of Kentucky neuropathologists blinded to case data.,1423,1589,high
ndro-mvp-v0.1.2-20260823,2026-08-23,FTD-R-060,FTD,32830216,outcome,FTD-R-060-O01,abstract,"Also across both cohorts, cases with FTLD-TDP died younger than those with LATE-NC (P < 0.0001).",2840,2936,high
ndro-mvp-v0.1.2-20260823,2026-08-23,FTD-R-060,FTD,32830216,outcome,FTD-R-060-O02,abstract,"We conclude that in most cases, severe LATE-NC and FTLD-TDP can be differentiated by applying simple neuropathological criteria.",2937,3065,medium
ndro-mvp-v0.1.2-20260823,2026-08-23,FTD-R-060,FTD,32830216,population,FTD-R-060-P01,abstract,"A practical challenge is that different autopsy cohorts are composed of disparate groups of research volunteers: hospital- and clinic-based cohorts are enriched for FTLD-TDP cases, whereas community-based cohorts have more LATE-NC cases.",540,777,medium
ndro-mvp-v0.1.2-20260823,2026-08-23,FTD-R-065,FTD,39062033,entity,FTD-R-065-E01,title,Exploratory Tau PET/CT with [11C]PBB3 in Patients with Suspected Alzheimer's Disease and Frontotemporal Lobar Degeneration: A Pilot Study on Correlation with PET Imaging and Cerebrospinal Fluid Biomarkers.,0,205,high
ndro-mvp-v0.1.2-20260823,2026-08-23,FTD-R-065,FTD,39062033,geography,FTD-R-065-G01,affiliation,"Department of Nuclear Medicine, Ulm University Medical Center, 89081 Ulm, Germany.",0,82,high
ndro-mvp-v0.1.2-20260823,2026-08-23,FTD-R-065,FTD,39062033,geography,FTD-R-065-G02,affiliation,"Psychiatric Services Thurgau (Academic Teaching Hospital of the University of Konstanz), 8596 Münsterlingen, Switzerland.",321,442,high
ndro-mvp-v0.1.2-20260823,2026-08-23,FTD-R-065,FTD,39062033,geography,FTD-R-065-G03,affiliation,"National Institute of Radiological Sciences, Chiba 263-8555, Japan.",530,597,high
ndro-mvp-v0.1.2-20260823,2026-08-23,FTD-R-065,FTD,39062033,method_model,FTD-R-065-M01,title,Exploratory Tau PET/CT with [11C]PBB3 in Patients with Suspected Alzheimer's Disease and Frontotemporal Lobar Degeneration: A Pilot Study on Correlation with PET Imaging and Cerebrospinal Fluid Biomarkers.,0,205,high
ndro-mvp-v0.1.2-20260823,2026-08-23,FTD-R-065,FTD,39062033,method_model,FTD-R-065-M02,abstract,"Given diagnostic challenges with symptoms and conventional imaging, [11C]PBB3 PET/CT's potential to enhance accuracy was investigated by correlating tau pathology with cerebrospinal fluid (CSF) biomarkers, positron emission tomography (PET), computed tomography (CT), amyloid-beta, and Mini-Mental State Examination (MMSE).",299,622,high
ndro-mvp-v0.1.2-20260823,2026-08-23,FTD-R-065,FTD,39062033,outcome,FTD-R-065-O01,abstract,This study investigates the use of [11C]PBB3 PET/CT imaging to visualize tau pathology and improve diagnostic accuracy.,179,298,medium
ndro-mvp-v0.1.2-20260823,2026-08-23,FTD-R-065,FTD,39062033,outcome,FTD-R-065-O02,abstract,"Significant inverse correlations were found between [11C]PBB3 SUV-Rs and MMSE scores, but not with CSF-tau or CSF-amyloid-beta levels.",1113,1247,high
ndro-mvp-v0.1.2-20260823,2026-08-23,FTD-R-065,FTD,39062033,outcome,FTD-R-065-O03,abstract,"Further research is essential to validate these findings and refine the use of tau-specific PET imaging in clinical practice, ultimately improving patient care and treatment outcomes.",1615,1798,medium
ndro-mvp-v0.1.2-20260823,2026-08-23,FTD-R-065,FTD,39062033,population,FTD-R-065-P01,abstract,"We conducted [11C]PBB3 PET/CT imaging on 24 patients with suspected AD or FTLD, alongside [11C]PiB PET/CT (13 patients) and [18F]FDG PET/CT (15 patients).",623,777,high
ndro-mvp-v0.1.2-20260823,2026-08-23,FTD-R-065,FTD,39062033,population,FTD-R-065-P02,abstract,"We conducted [11C]PBB3 PET/CT imaging on 24 patients with suspected AD or FTLD, alongside [11C]PiB PET/CT (13 patients) and [18F]FDG PET/CT (15 patients).",623,777,high
ndro-mvp-v0.1.2-20260823,2026-08-23,FTD-R-065,FTD,39062033,population,FTD-R-065-P03,abstract,"We conducted [11C]PBB3 PET/CT imaging on 24 patients with suspected AD or FTLD, alongside [11C]PiB PET/CT (13 patients) and [18F]FDG PET/CT (15 patients).",623,777,high
ndro-mvp-v0.1.2-20260823,2026-08-23,FTD-R-066,FTD,38501336,geography,FTD-R-066-G01,affiliation,"Latin American Brain Health Institute (BrainLat), Universidad Adolfo Ibáñez, Peñalolén, Santiago, Chile.",0,104,high
ndro-mvp-v0.1.2-20260823,2026-08-23,FTD-R-066,FTD,38501336,geography,FTD-R-066-G02,affiliation,"Global Brain Health Institute (GBHI), University of California San Francisco (UCSFA), San Francisco, California, USA.",107,224,high
ndro-mvp-v0.1.2-20260823,2026-08-23,FTD-R-066,FTD,38501336,geography,FTD-R-066-G03,affiliation,"Trinity College Dublin, Dublin, Ireland.",227,267,high
ndro-mvp-v0.1.2-20260823,2026-08-23,FTD-R-066,FTD,38501336,geography,FTD-R-066-G04,affiliation,"Izmir University of Economics, Faculty of Medicine, Fevzi Çakmak, Balçova/İzmir, Sakarya, Turkey.",735,832,high
ndro-mvp-v0.1.2-20260823,2026-08-23,FTD-R-066,FTD,38501336,geography,FTD-R-066-G05,affiliation,"School of Psychological Sciences and Health, University of Strathclyde, Glasgow, Scotland.",936,1026,high
ndro-mvp-v0.1.2-20260823,2026-08-23,FTD-R-066,FTD,38501336,geography,FTD-R-066-G06,affiliation,"Neuroscience Research Group, University of Antioquia, Bogotá, Colombia.",1029,1100,high
ndro-mvp-v0.1.2-20260823,2026-08-23,FTD-R-066,FTD,38501336,geography,FTD-R-066-G07,affiliation,"Buenos Aires Physics Institute and Physics Department, University of Buenos Aires, Intendente Güiraldes 2160 - Ciudad Universitaria, Buenos Aires, Argentina.",1568,1725,high
ndro-mvp-v0.1.2-20260823,2026-08-23,FTD-R-066,FTD,38501336,method_model,FTD-R-066-M01,abstract,"Electroencephalography (EEG) is a high temporal resolution, cost-effective technique for studying dementia globally, but lacks mechanistic models and produces non-replicable results.",174,356,high
ndro-mvp-v0.1.2-20260823,2026-08-23,FTD-R-066,FTD,38501336,outcome,FTD-R-066-O01,title,Viscous dynamics associated with hypoexcitation and structural disintegration in neurodegeneration via generative whole-brain modeling.,0,135,medium
ndro-mvp-v0.1.2-20260823,2026-08-23,FTD-R-066,FTD,38501336,outcome,FTD-R-066-O02,abstract,"Electroencephalography (EEG) is a high temporal resolution, cost-effective technique for studying dementia globally, but lacks mechanistic models and produces non-replicable results.",174,356,medium
ndro-mvp-v0.1.2-20260823,2026-08-23,FTD-R-066,FTD,38501336,outcome,FTD-R-066-O03,abstract,"RESULTS: Metaconnectivity outperformed pairwise connectivity and revealed more viscous dynamics in patients, with altered metaconnectivity patterns associated with multimodal disease presentation.",596,792,medium
ndro-mvp-v0.1.2-20260823,2026-08-23,FTD-R-066,FTD,38501336,outcome,FTD-R-066-O04,abstract,"We replicated the main results in a second subset of participants for validation with unharmonized, heterogeneous recording settings.",973,1106,medium
ndro-mvp-v0.1.2-20260823,2026-08-23,FTD-R-066,FTD,38501336,population,FTD-R-066-P01,abstract,"This model was applied to Global South participants (AD, bvFTD, and healthy controls).",509,595,medium
ndro-mvp-v0.1.2-20260823,2026-08-23,FTD-R-068,FTD,38477959,geography,FTD-R-068-G01,affiliation,"Institute of Neurology, Azienda Ospedaliero Universitaria di Cagliari, Cagliari, Italy.",0,87,high
ndro-mvp-v0.1.2-20260823,2026-08-23,FTD-R-068,FTD,38477959,outcome,FTD-R-068-O01,abstract,"RESULTS: Point prevalence estimates were 6.4% (95% CI: 1.5 to 11.3) in Alzheimer's disease, 8.9% (95% CI: 1.4 to 16.4), in vascular dementia, and 6% (95% CI: 1.3 to 10.7) in fronto-temporal dementia, rates that were greater than those observed in the healthy elderly population.",690,968,high
ndro-mvp-v0.1.2-20260823,2026-08-23,FTD-R-068,FTD,38477959,population,FTD-R-068-P01,abstract,OBJECTIVE: Several studies have demonstrated a higher frequency of seizures and epilepsy in Alzheimer's disease and other forms of dementia as compared with healthy elderly individuals.,0,185,medium
ndro-mvp-v0.1.2-20260823,2026-08-23,FTD-R-069,FTD,38106054,geography,FTD-R-069-G01,affiliation,"University of California, San Francisco, Memory and Aging Center, Department of Neurology, Weill Institute for Neurosciences, San Francisco, CA, USA.",0,149,high
ndro-mvp-v0.1.2-20260823,2026-08-23,FTD-R-069,FTD,38106054,method_model,FTD-R-069-M01,abstract,"We addressed this question using structural and functional MRI from 221 patients with AD (n=82), behavioral variant FTD (n=41), corticobasal syndrome (n=27), nonfluent (n=34) and semantic (n=37) variant primary progressive aphasia, and 100 cognitively normal individuals.",278,549,high
ndro-mvp-v0.1.2-20260823,2026-08-23,FTD-R-069,FTD,38106054,outcome,FTD-R-069-O01,abstract,Cognitive and behavioral deficits in Alzheimer's disease (AD) and frontotemporal dementia (FTD) result from brain atrophy and altered functional connectivity.,0,158,medium
ndro-mvp-v0.1.2-20260823,2026-08-23,FTD-R-069,FTD,38106054,outcome,FTD-R-069-O02,abstract,Structural and functional component scores predicted global and domain-specific cognitive deficits.,933,1032,medium
ndro-mvp-v0.1.2-20260823,2026-08-23,FTD-R-069,FTD,38106054,population,FTD-R-069-P01,abstract,"We addressed this question using structural and functional MRI from 221 patients with AD (n=82), behavioral variant FTD (n=41), corticobasal syndrome (n=27), nonfluent (n=34) and semantic (n=37) variant primary progressive aphasia, and 100 cognitively normal individuals.",278,549,high
ndro-mvp-v0.1.2-20260823,2026-08-23,FTD-R-072,FTD,35943443,geography,FTD-R-072-G01,affiliation,"Taub Institute for Research on Alzheimer's Disease and the Aging Brain, Columbia University Irving Medical Center, New York, NY, USA.",0,133,high
ndro-mvp-v0.1.2-20260823,2026-08-23,FTD-R-072,FTD,35943443,method_model,FTD-R-072-M01,abstract,"The current paper presents a subset of data from the FTD Insights Survey, chronicling the diagnostic journey, symptoms, and the impact of FTD on distress, quality of life, and independence, in the mild to moderate stages of the disease.",389,625,high
ndro-mvp-v0.1.2-20260823,2026-08-23,FTD-R-072,FTD,35943443,outcome,FTD-R-072-O01,abstract,"Hearing directly from individuals living with FTD and their care partners is critical in optimizing care, identifying meaningful clinical trial endpoints, and improving research recruitment and retention.",184,388,medium
ndro-mvp-v0.1.2-20260823,2026-08-23,FTD-R-072,FTD,35943443,outcome,FTD-R-072-O02,abstract,"Most frequently endorsed symptoms tended to be consistent with clinical characteristics of the specific diagnosis, though there was significant variability in symptoms reported within diagnostic categories as well as considerable overlap in symptoms between diagnostic categories.",909,1189,high
ndro-mvp-v0.1.2-20260823,2026-08-23,FTD-R-072,FTD,35943443,outcome,FTD-R-072-O03,abstract,"Overall, by heeding the perspectives of those living with FTD, we can begin to design more meaningful research studies, provide better care, and develop therapies that improve quality of life.",1784,1976,medium
ndro-mvp-v0.1.2-20260823,2026-08-23,FTD-R-072,FTD,35943443,population,FTD-R-072-P01,abstract,"Survey respondents included 219 individuals diagnosed with FTD and 437 current care partners, representing a range of FTD diagnoses.",626,758,high
ndro-mvp-v0.1.2-20260823,2026-08-23,FTD-R-073,FTD,41739556,entity,FTD-R-073-E01,abstract,major pathological protein,206,232,high
ndro-mvp-v0.1.2-20260823,2026-08-23,FTD-R-073,FTD,41739556,entity,FTD-R-073-E02,abstract,neurexin 1 (NRXN1) is the regulatory target of TDP-43,804,857,high
ndro-mvp-v0.1.2-20260823,2026-08-23,FTD-R-073,FTD,41739556,geography,FTD-R-073-G01,affiliation,"Nagoya University Graduate School of Medicine, Nagoya, Aichi 4668550, Japan",25,100,high
ndro-mvp-v0.1.2-20260823,2026-08-23,FTD-R-073,FTD,41739556,geography,FTD-R-073-G02,affiliation,"University of Bonn, Bonn, North Rhine-Westphalia 53127, Germany",460,523,high
ndro-mvp-v0.1.2-20260823,2026-08-23,FTD-R-073,FTD,41739556,intervention,FTD-R-073-I01,abstract,restored by cytoplasmic TDP-43 supplementation in neurons,692,749,high
ndro-mvp-v0.1.2-20260823,2026-08-23,FTD-R-073,FTD,41739556,intervention,FTD-R-073-I02,abstract,restored by NRXN1b supplementation in neurons,939,984,high
ndro-mvp-v0.1.2-20260823,2026-08-23,FTD-R-073,FTD,41739556,method_model,FTD-R-073-M01,abstract,neuron-specific TDP-43 knockout (TDP-43cKO) mice,389,437,high
ndro-mvp-v0.1.2-20260823,2026-08-23,FTD-R-073,FTD,41739556,method_model,FTD-R-073-M02,abstract,confirmed by immunohistochemistry and ultrastructural analysis,502,564,high
ndro-mvp-v0.1.2-20260823,2026-08-23,FTD-R-073,FTD,41739556,method_model,FTD-R-073-M03,abstract,conduction disturbance was revealed by electrophysiological analysis,579,647,high
ndro-mvp-v0.1.2-20260823,2026-08-23,FTD-R-073,FTD,41739556,method_model,FTD-R-073-M04,abstract,Neuron-specific transcriptome analysis,751,789,high
ndro-mvp-v0.1.2-20260823,2026-08-23,FTD-R-073,FTD,41739556,outcome,FTD-R-073-O01,abstract,TDP-43 depletion in neurons induced hypomyelination,439,490,high
ndro-mvp-v0.1.2-20260823,2026-08-23,FTD-R-073,FTD,41739556,outcome,FTD-R-073-O02,abstract,hypomyelination of TDP-43cKO mouse was restored by cytoplasmic TDP-43 supplementation,653,738,high
ndro-mvp-v0.1.2-20260823,2026-08-23,FTD-R-073,FTD,41739556,outcome,FTD-R-073-O03,abstract,hypomyelination of TDP-43cKO mice was also restored by NRXN1b supplementation,896,973,high
ndro-mvp-v0.1.2-20260823,2026-08-23,FTD-R-073,FTD,41739556,outcome,FTD-R-073-O04,abstract,supplementation of NRXN1 in the hippocampus recovered the memory disturbances,1158,1235,high
ndro-mvp-v0.1.2-20260823,2026-08-23,FTD-R-074,FTD,38132101,entity,FTD-R-074-E01,abstract,"Importantly, we also demonstrate that FTD brains with TAR DNA-binding protein-43 (TDP-43) pathology demonstrate disruption of the PARL-PINK1 pathway and that experimentally impairing mitophagy promotes TDP-43 aggregation.",1091,1312,high
ndro-mvp-v0.1.2-20260823,2026-08-23,FTD-R-074,FTD,38132101,entity,FTD-R-074-E02,title,Disruption of Mitophagy Flux through the PARL-PINK1 Pathway by CHCHD10 Mutations or CHCHD10 Depletion.,0,102,high
ndro-mvp-v0.1.2-20260823,2026-08-23,FTD-R-074,FTD,38132101,entity,FTD-R-074-E03,abstract,"Here, we demonstrate through in vivo and in vitro models, as well as human FTD brain tissue, that ALS/FTD-linked CHCHD10 mutations (R15L and S59L) impair mitophagy flux and mitochondrial Parkin recruitment, whereas wild-type CHCHD10 (CHCHD10WT) normally enhances these measures.",580,858,high
ndro-mvp-v0.1.2-20260823,2026-08-23,FTD-R-074,FTD,38132101,entity,FTD-R-074-E04,abstract,Coiled-coil-helix-coiled-coil-helix domain-containing 10 (CHCHD10) is a nuclear-encoded mitochondrial protein which is primarily mutated in the spectrum of familial and sporadic amyotrophic lateral sclerosis (ALS)-frontotemporal dementia (FTD).,0,244,high
ndro-mvp-v0.1.2-20260823,2026-08-23,FTD-R-074,FTD,38132101,geography,FTD-R-074-G01,affiliation,"Department of Pathology, School of Medicine, Case Western Reserve University, Cleveland, OH 44106, USA.",0,103,high
ndro-mvp-v0.1.2-20260823,2026-08-23,FTD-R-074,FTD,38132101,method_model,FTD-R-074-M01,abstract,"Here, we demonstrate through in vivo and in vitro models, as well as human FTD brain tissue, that ALS/FTD-linked CHCHD10 mutations (R15L and S59L) impair mitophagy flux and mitochondrial Parkin recruitment, whereas wild-type CHCHD10 (CHCHD10WT) normally enhances these measures.",580,858,high
ndro-mvp-v0.1.2-20260823,2026-08-23,FTD-R-074,FTD,38132101,method_model,FTD-R-074-M02,abstract,"Endogenous CHCHD10 levels decline in the brains of ALS-FTD patients, and the CHCHD10S59L mutation in Drosophila induces dominant toxicity together with PTEN-induced kinase 1 (PINK1), a protein critical for the induction of mitophagy.",245,478,high
ndro-mvp-v0.1.2-20260823,2026-08-23,FTD-R-074,FTD,38132101,outcome,FTD-R-074-O01,abstract,"Specifically, we show that CHCHD10R15L and CHCHD10S59L mutations reduce PINK1 levels by increasing PARL activity, whereas CHCHD10WT produces the opposite results through its stronger interaction with PARL, suppressing its activity.",859,1090,medium
ndro-mvp-v0.1.2-20260823,2026-08-23,FTD-R-074,FTD,38132101,population,FTD-R-074-P01,abstract,"Endogenous CHCHD10 levels decline in the brains of ALS-FTD patients, and the CHCHD10S59L mutation in Drosophila induces dominant toxicity together with PTEN-induced kinase 1 (PINK1), a protein critical for the induction of mitophagy.",245,478,medium
ndro-mvp-v0.1.2-20260823,2026-08-23,FTD-R-075,FTD,39233675,entity,FTD-R-075-E01,abstract,INTRODUCTION: Frontotemporal lobar degeneration (FTLD) is associated with FTLD due to tau (FTLD-tau) or TDP (FTLD-TDP) inclusions found at autopsy.,0,147,high
ndro-mvp-v0.1.2-20260823,2026-08-23,FTD-R-075,FTD,39233675,geography,FTD-R-075-G01,affiliation,"School of Engineering and Applied Sciences, University of Pennsylvania, Philadelphia, PA, United States.",0,104,high
ndro-mvp-v0.1.2-20260823,2026-08-23,FTD-R-075,FTD,39233675,method_model,FTD-R-075-M01,abstract,"Arterial Spin Labeling (ASL) MRI is often acquired in the same session as a structural T1-weighted image (T1w), enabling detection of regional changes in cerebral blood flow (CBF).",148,328,high
ndro-mvp-v0.1.2-20260823,2026-08-23,FTD-R-075,FTD,39233675,method_model,FTD-R-075-M02,abstract,"We performed linear regression to relate FTLD-CDR to mean CBF in patients with sFTLD-tau and sFTLD-TDP, separately (p < 0.05, uncorrected).",1672,1811,high
ndro-mvp-v0.1.2-20260823,2026-08-23,FTD-R-075,FTD,39233675,outcome,FTD-R-075-O01,title,Boundary-based registration improves sensitivity for detecting hypoperfusion in sporadic frontotemporal lobar degeneration.,0,123,medium
ndro-mvp-v0.1.2-20260823,2026-08-23,FTD-R-075,FTD,39233675,outcome,FTD-R-075-O02,abstract,INTRODUCTION: Frontotemporal lobar degeneration (FTLD) is associated with FTLD due to tau (FTLD-tau) or TDP (FTLD-TDP) inclusions found at autopsy.,0,147,medium
ndro-mvp-v0.1.2-20260823,2026-08-23,FTD-R-075,FTD,39233675,outcome,FTD-R-075-O03,abstract,We hypothesize that ASL-T1w registration with more degrees of freedom using boundary-based registration (BBR) will better align ASL and T1w images and show increased sensitivity to regional hypoperfusion differences compared to manual registration in patient participants.,329,601,medium
ndro-mvp-v0.1.2-20260823,2026-08-23,FTD-R-075,FTD,39233675,outcome,FTD-R-075-O04,abstract,"We hypothesize that hypoperfusion will be associated with a clinical measure of disease severity, the FTLD-modified clinical dementia rating scale sum-of-boxes (FTLD-CDR).",602,773,medium
ndro-mvp-v0.1.2-20260823,2026-08-23,FTD-R-075,FTD,39233675,population,FTD-R-075-P01,abstract,We hypothesize that ASL-T1w registration with more degrees of freedom using boundary-based registration (BBR) will better align ASL and T1w images and show increased sensitivity to regional hypoperfusion differences compared to manual registration in patient participants.,329,601,medium
ndro-mvp-v0.1.2-20260823,2026-08-23,HD-R-001,HD,21068430,entity,HD-R-001-E01,abstract,Tapping variability distinguished between all groups,1105,1157,high
ndro-mvp-v0.1.2-20260823,2026-08-23,HD-R-001,HD,21068430,entity,HD-R-001-E02,abstract,CAG repeat length,811,828,high
ndro-mvp-v0.1.2-20260823,2026-08-23,HD-R-001,HD,21068430,entity,HD-R-001-E03,abstract,regional brain atrophy,1560,1582,high
ndro-mvp-v0.1.2-20260823,2026-08-23,HD-R-001,HD,21068430,geography,HD-R-001-G01,affiliation,"University of Münster, Münster, Germany",25,64,high
ndro-mvp-v0.1.2-20260823,2026-08-23,HD-R-001,HD,21068430,method_model,HD-R-001-M01,abstract,force-transducer-based tapping,533,563,high
ndro-mvp-v0.1.2-20260823,2026-08-23,HD-R-001,HD,21068430,method_model,HD-R-001-M02,abstract,a speeded and a metronome tapping task,718,756,high
ndro-mvp-v0.1.2-20260823,2026-08-23,HD-R-001,HD,21068430,method_model,HD-R-001-M03,abstract,Total Motor Score of the Unified Huntington's Disease Rating Scale,184,250,high
ndro-mvp-v0.1.2-20260823,2026-08-23,HD-R-001,HD,21068430,method_model,HD-R-001-M04,abstract,MRIs were obtained,834,852,high
ndro-mvp-v0.1.2-20260823,2026-08-23,HD-R-001,HD,21068430,outcome,HD-R-001-O01,abstract,Tapping variability distinguished between all groups and subgroups,1105,1171,high
ndro-mvp-v0.1.2-20260823,2026-08-23,HD-R-001,HD,21068430,outcome,HD-R-001-O02,abstract,"correlated with 1) disease burden, 2) clinical motor phenotype",1190,1252,high
ndro-mvp-v0.1.2-20260823,2026-08-23,HD-R-001,HD,21068430,outcome,HD-R-001-O03,abstract,"gray and white matter atrophy, and 4) cortical thinning",1257,1312,high
ndro-mvp-v0.1.2-20260823,2026-08-23,HD-R-001,HD,21068430,population,HD-R-001-P01,abstract,123 controls,637,649,high
ndro-mvp-v0.1.2-20260823,2026-08-23,HD-R-001,HD,21068430,population,HD-R-001-P02,abstract,120 premanifest,651,666,high
ndro-mvp-v0.1.2-20260823,2026-08-23,HD-R-001,HD,21068430,population,HD-R-001-P03,abstract,123 early symptomatic gene carriers,672,707,high
ndro-mvp-v0.1.2-20260823,2026-08-23,HD-R-002,HD,22773688,entity,HD-R-002-E01,abstract,"Huntington's disease (HD) is a genetic neurodegenerative disease characterized by an exceedingly high number of contiguous glutamine residues in the translated protein, huntingtin (Htt).",0,186,high
ndro-mvp-v0.1.2-20260823,2026-08-23,HD-R-002,HD,22773688,entity,HD-R-002-E02,title,Raft-like microdomains play a key role in mitochondrial impairment in lymphoid cells from patients with Huntington's disease.,0,125,high
ndro-mvp-v0.1.2-20260823,2026-08-23,HD-R-002,HD,22773688,geography,HD-R-002-G01,affiliation,"Section of Cell Aging and Degeneration, Department of Therapeutic Research and Medicine Evaluation, and Department of Technology, Istituto Superiore di Sanità, Rome, Italy.",0,172,high
ndro-mvp-v0.1.2-20260823,2026-08-23,HD-R-002,HD,22773688,outcome,HD-R-002-O01,abstract,"Moreover, mitochondrial fission molecules, e.g., protein dynamin-related protein 1, as well as Htt, associated with mitochondrial raft-like microdomains, glycosphingolipid-enriched structures detectable in mitochondria.",713,932,medium
ndro-mvp-v0.1.2-20260823,2026-08-23,HD-R-002,HD,22773688,population,HD-R-002-P01,title,Raft-like microdomains play a key role in mitochondrial impairment in lymphoid cells from patients with Huntington's disease.,0,125,medium
ndro-mvp-v0.1.2-20260823,2026-08-23,HD-R-003,HD,24274906,entity,HD-R-003-E01,title,Development of an ELISA assay for the quantification of soluble huntingtin in human blood cells.,0,96,high
ndro-mvp-v0.1.2-20260823,2026-08-23,HD-R-003,HD,24274906,entity,HD-R-003-E02,abstract,"Pathogenesis is associated with expression of the mutant (mHTT) protein in the CNS, with its levels most likely related to disease progression and symptom severity.",139,303,high
ndro-mvp-v0.1.2-20260823,2026-08-23,HD-R-003,HD,24274906,entity,HD-R-003-E03,abstract,BACKGROUND: Huntington's disease (HD) is a monogenic disorder caused by an aberrant expansion of CAG repeats in the huntingtin gene (HTT).,0,138,high
ndro-mvp-v0.1.2-20260823,2026-08-23,HD-R-003,HD,24274906,geography,HD-R-003-G01,affiliation,"Pharmacology Department, Siena Biotech SpA, Strada del Petriccio e Belriguardo, 35, 53100 Siena, Italy. [email redacted from public snapshot].",0,128,high
ndro-mvp-v0.1.2-20260823,2026-08-23,HD-R-003,HD,24274906,method_model,HD-R-003-M01,title,Development of an ELISA assay for the quantification of soluble huntingtin in human blood cells.,0,96,high
ndro-mvp-v0.1.2-20260823,2026-08-23,HD-R-003,HD,24274906,method_model,HD-R-003-M02,abstract,RESULTS: An ELISA assay using commercially available antibodies was developed to quantify HTT levels in complex matrices like mammalian cell cultures lysates and human samples.,510,686,high
ndro-mvp-v0.1.2-20260823,2026-08-23,HD-R-003,HD,24274906,outcome,HD-R-003-O01,abstract,"Pathogenesis is associated with expression of the mutant (mHTT) protein in the CNS, with its levels most likely related to disease progression and symptom severity.",139,303,medium
ndro-mvp-v0.1.2-20260823,2026-08-23,HD-R-003,HD,24274906,outcome,HD-R-003-O02,abstract,RESULTS: An ELISA assay using commercially available antibodies was developed to quantify HTT levels in complex matrices like mammalian cell cultures lysates and human samples.,510,686,medium
ndro-mvp-v0.1.2-20260823,2026-08-23,HD-R-003,HD,24274906,outcome,HD-R-003-O03,abstract,The ability of the assay to detect significant variations of soluble HTT levels was evaluated using an HSP90 inhibitor that is known to enhance HTT degradation.,818,978,high
ndro-mvp-v0.1.2-20260823,2026-08-23,HD-R-003,HD,24274906,outcome,HD-R-003-O04,abstract,"CONCLUSIONS: The method described here represents a validated, simple and rapid bio-molecular assay to evaluate soluble HTT levels in blood cells as useful tool in disease and pharmacodynamic marker identification for observational and clinical trials.",1145,1397,medium
ndro-mvp-v0.1.2-20260823,2026-08-23,HD-R-003,HD,24274906,population,HD-R-003-P01,abstract,"Once optimized, the bioassay was applied to peripheral blood mononuclear cells (PBMCs) from HD patients, demonstrating good potential in tracking the disease course.",979,1144,medium
ndro-mvp-v0.1.2-20260823,2026-08-23,HD-R-012,HD,21984825,entity,HD-R-012-E01,title,In vitro and in vivo aggregation of a fragment of huntingtin protein directly causes free radical production.,0,109,high
ndro-mvp-v0.1.2-20260823,2026-08-23,HD-R-012,HD,21984825,entity,HD-R-012-E02,abstract,"To address this, we have used in vitro and in vivo (cellular) models of Huntington disease, one of nine polyglutamine (poly(Q)) disorders, and examined the causal relationship among intracellular protein aggregation, reactive oxygen species (ROS) production, and toxicity.",467,739,high
ndro-mvp-v0.1.2-20260823,2026-08-23,HD-R-012,HD,21984825,entity,HD-R-012-E03,abstract,Neurodegenerative diseases are characterized by intra- and/or extracellular protein aggregation and oxidative stress.,0,117,high
ndro-mvp-v0.1.2-20260823,2026-08-23,HD-R-012,HD,21984825,geography,HD-R-012-G01,affiliation,"Southampton Neuroscience Group, School of Biological Sciences, University of Southampton, Southampton SO17 1BJ, United Kingdom.",0,127,high
ndro-mvp-v0.1.2-20260823,2026-08-23,HD-R-012,HD,21984825,method_model,HD-R-012-M01,abstract,Monitoring poly(Q) protein aggregation using atomic force microscopy and hydrogen peroxide (H(2)O(2)) production over time in parallel we show that oligomerization of httEx1Q53 results in early generation of H(2)O(2).,1262,1479,high
ndro-mvp-v0.1.2-20260823,2026-08-23,HD-R-012,HD,21984825,method_model,HD-R-012-M02,title,In vitro and in vivo aggregation of a fragment of huntingtin protein directly causes free radical production.,0,109,high
ndro-mvp-v0.1.2-20260823,2026-08-23,HD-R-012,HD,21984825,outcome,HD-R-012-O01,abstract,Live imaging of cells expressing a fragment of huntingtin (httExon1) with a poly(Q) expansion shows increased ROS production preceding cell death.,740,886,medium
ndro-mvp-v0.1.2-20260823,2026-08-23,HD-R-012,HD,21984825,outcome,HD-R-012-O02,abstract,"Aggregation inhibition by the MW7 intrabody and Pgl-135 treatment abolishes ROS production, showing that increased ROS is caused by poly(Q) aggregation itself.",978,1137,medium
ndro-mvp-v0.1.2-20260823,2026-08-23,HD-R-012,HD,21984825,outcome,HD-R-012-O03,abstract,Monitoring poly(Q) protein aggregation using atomic force microscopy and hydrogen peroxide (H(2)O(2)) production over time in parallel we show that oligomerization of httEx1Q53 results in early generation of H(2)O(2).,1262,1479,medium
ndro-mvp-v0.1.2-20260823,2026-08-23,HD-R-012,HD,21984825,outcome,HD-R-012-O04,abstract,"These results demonstrate that intracellular protein aggregation directly causes free radical production, and targeting potentially toxic poly(Q) oligomers may constitute a therapeutic target to counteract oxidative stress in poly(Q) diseases.",1581,1824,medium
ndro-mvp-v0.1.2-20260823,2026-08-23,HD-R-013,HD,23872847,entity,HD-R-013-E01,abstract,Reducing the levels of the H3K4 demethylase SMCX/Jarid1c in primary neurons reversed down-regulation of key neuronal genes caused by mutant Huntingtin expression.,300,462,high
ndro-mvp-v0.1.2-20260823,2026-08-23,HD-R-013,HD,23872847,entity,HD-R-013-E02,abstract,Reducing the levels of the H3K4 demethylase SMCX/Jarid1c in primary neurons reversed down-regulation of key neuronal genes caused by mutant Huntingtin expression.,300,462,high
ndro-mvp-v0.1.2-20260823,2026-08-23,HD-R-013,HD,23872847,geography,HD-R-013-G01,affiliation,"Department of Psychiatry and Human Behavior and UCI Institute of Memory Impairments and Neurological Disorders, University of California, Irvine, CA 92697, USA.",0,160,high
ndro-mvp-v0.1.2-20260823,2026-08-23,HD-R-013,HD,23872847,intervention,HD-R-013-I01,abstract,Reducing the levels of the H3K4 demethylase SMCX/Jarid1c in primary neurons reversed down-regulation of key neuronal genes caused by mutant Huntingtin expression.,300,462,high
ndro-mvp-v0.1.2-20260823,2026-08-23,HD-R-013,HD,23872847,method_model,HD-R-013-M01,abstract,We observed gene-specific changes in histone H3 lysine 4 trimethylation (H3K4me3) at transcriptionally repressed promoters in R6/2 mouse and human HD brain.,78,234,high
ndro-mvp-v0.1.2-20260823,2026-08-23,HD-R-013,HD,23872847,method_model,HD-R-013-M02,abstract,"Finally, reduction of SMCX/Jarid1c in primary neurons from BACHD mice or the single Jarid1 in a Drosophila HD model was protective.",463,594,high
ndro-mvp-v0.1.2-20260823,2026-08-23,HD-R-013,HD,23872847,outcome,HD-R-013-O01,abstract,We observed gene-specific changes in histone H3 lysine 4 trimethylation (H3K4me3) at transcriptionally repressed promoters in R6/2 mouse and human HD brain.,78,234,medium
ndro-mvp-v0.1.2-20260823,2026-08-23,HD-R-013,HD,23872847,outcome,HD-R-013-O02,abstract,Reducing the levels of the H3K4 demethylase SMCX/Jarid1c in primary neurons reversed down-regulation of key neuronal genes caused by mutant Huntingtin expression.,300,462,medium
ndro-mvp-v0.1.2-20260823,2026-08-23,HD-R-013,HD,23872847,outcome,HD-R-013-O03,abstract,"Finally, reduction of SMCX/Jarid1c in primary neurons from BACHD mice or the single Jarid1 in a Drosophila HD model was protective.",463,594,medium
ndro-mvp-v0.1.2-20260823,2026-08-23,HD-R-013,HD,23872847,outcome,HD-R-013-O04,abstract,"Therefore, targeting this epigenetic signature may be an effective strategy to ameliorate the consequences of HD.",595,708,medium
ndro-mvp-v0.1.2-20260823,2026-08-23,HD-R-014,HD,20436779,outcome,HD-R-014-O01,abstract,"In one application, the models suggest that the locus of HD patients' nonlinear information-integration deficits is in their increased reliance on hypothesis-testing strategies, whereas the locus of PD patients' deficit is in the application of sub-optimal procedural-based strategies.",623,908,medium
ndro-mvp-v0.1.2-20260823,2026-08-23,HD-R-014,HD,20436779,outcome,HD-R-014-O02,abstract,"In a second application, the weight associated with the hypothesis-testing subsystem is shown to account for a significant amount of the variance in longitudinal cognitive decline in non-demented PD patients above and beyond that predicted by accuracy alone.",909,1167,high
ndro-mvp-v0.1.2-20260823,2026-08-23,HD-R-014,HD,20436779,outcome,HD-R-014-O03,abstract,"Together, the accuracy rate and this model index account for 72% of the total variance associated with cognitive decline in this sample of PD patients.",1168,1319,high
ndro-mvp-v0.1.2-20260823,2026-08-23,HD-R-014,HD,20436779,outcome,HD-R-014-O04,abstract,"Interestingly, the Wisconsin Card Sort task added no additional predictive power above and beyond that predicted by nonlinear accuracy alone.",1320,1461,medium
ndro-mvp-v0.1.2-20260823,2026-08-23,HD-R-014,HD,20436779,population,HD-R-014-P01,title,Computational Models Inform Clinical Science and Assessment: An Application to Category Learning in Striatal-Damaged Patients.,0,126,medium
ndro-mvp-v0.1.2-20260823,2026-08-23,HD-R-017,HD,22277499,entity,HD-R-017-E01,title,[Selective degradation of expanded polyglutamine proteins by their specific recognition with QBP1].,0,99,high
ndro-mvp-v0.1.2-20260823,2026-08-23,HD-R-017,HD,22277499,entity,HD-R-017-E02,abstract,"We designed a chimeric protein with the Hsc70 binding motif, a signal sequence for chaperone-mediated autophagy, fused to QBP1 (Hsc70BM-QBP1), and found that Hsc70BM-QBP1 accelerates the selective degradation of expanded polyQ proteins in cell culture.",944,1196,high
ndro-mvp-v0.1.2-20260823,2026-08-23,HD-R-017,HD,22277499,method_model,HD-R-017-M01,abstract,"We designed a chimeric protein with the Hsc70 binding motif, a signal sequence for chaperone-mediated autophagy, fused to QBP1 (Hsc70BM-QBP1), and found that Hsc70BM-QBP1 accelerates the selective degradation of expanded polyQ proteins in cell culture.",944,1196,high
ndro-mvp-v0.1.2-20260823,2026-08-23,HD-R-017,HD,22277499,outcome,HD-R-017-O01,abstract,Gene therapy using a viral vector expressing Hsc70BM-QBP1 effectively ameliorates the motor dysfunction and premature death in polyQ disease model mice.,1197,1349,medium
ndro-mvp-v0.1.2-20260823,2026-08-23,HD-R-021,HD,28603746,entity,HD-R-021-E01,title,Preclinical Evaluation of a Lentiviral Vector for Huntingtin Silencing.,0,71,high
ndro-mvp-v0.1.2-20260823,2026-08-23,HD-R-021,HD,28603746,entity,HD-R-021-E02,abstract,Huntington's disease (HD) is an autosomal dominant neurodegenerative disorder resulting from a polyglutamine expansion in the huntingtin (HTT) protein.,0,151,high
ndro-mvp-v0.1.2-20260823,2026-08-23,HD-R-021,HD,28603746,geography,HD-R-021-G01,affiliation,"CEA, DRF, Institute of Biology Francois Jacob, Molecular Imaging Research Center, F-92265 Fontenay-aux-Roses, France.",0,117,high
ndro-mvp-v0.1.2-20260823,2026-08-23,HD-R-021,HD,28603746,geography,HD-R-021-G02,affiliation,"Department of Clinical Neurosciences, Laboratory of Cellular and Molecular Neurotherapies, Lausanne University Hospital (CHUV), 1011 Lausanne, Switzerland.",265,420,high
ndro-mvp-v0.1.2-20260823,2026-08-23,HD-R-021,HD,28603746,geography,HD-R-021-G03,affiliation,"Institut National de la Santé et de la Recherche Médicale UMR861, I-Stem, AFM, 91100 Corbeil-Essonnes, France.",573,683,high
ndro-mvp-v0.1.2-20260823,2026-08-23,HD-R-021,HD,28603746,geography,HD-R-021-G04,affiliation,"Department of Research & Development, uniQure, 1105 Amsterdam, the Netherlands.",799,878,high
ndro-mvp-v0.1.2-20260823,2026-08-23,HD-R-021,HD,28603746,method_model,HD-R-021-M01,abstract,We demonstrate that this novel vector efficiently downregulated HTT expression in vitro in striatal neurons derived from induced pluripotent stem cells (iPSCs) of HD patients.,649,824,high
ndro-mvp-v0.1.2-20260823,2026-08-23,HD-R-021,HD,28603746,outcome,HD-R-021-O01,abstract,Huntington's disease (HD) is an autosomal dominant neurodegenerative disorder resulting from a polyglutamine expansion in the huntingtin (HTT) protein.,0,151,medium
ndro-mvp-v0.1.2-20260823,2026-08-23,HD-R-021,HD,28603746,outcome,HD-R-021-O02,abstract,"We previously developed a small hairpin RNA (shRNA), vectorized in an HIV-1-derived lentiviral vector (LV), that reduced pathology in an HD rodent model.",332,485,medium
ndro-mvp-v0.1.2-20260823,2026-08-23,HD-R-021,HD,28603746,outcome,HD-R-021-O03,abstract,"It reduced two major pathological HD hallmarks while triggering a minimal inflammatory response, up to 6 weeks after injection, when administered by stereotaxic surgery in the striatum of an in vivo rodent HD model.",825,1040,medium
ndro-mvp-v0.1.2-20260823,2026-08-23,HD-R-021,HD,28603746,population,HD-R-021-P01,abstract,We demonstrate that this novel vector efficiently downregulated HTT expression in vitro in striatal neurons derived from induced pluripotent stem cells (iPSCs) of HD patients.,649,824,medium
ndro-mvp-v0.1.2-20260823,2026-08-23,HD-R-022,HD,27372053,geography,HD-R-022-G01,affiliation,"Oslo University Hospital, Oslo, Norway",25,63,high
ndro-mvp-v0.1.2-20260823,2026-08-23,HD-R-022,HD,27372053,geography,HD-R-022-G02,affiliation,"University of Aberdeen, Aberdeen, Scotland, UK",240,286,high
ndro-mvp-v0.1.2-20260823,2026-08-23,HD-R-022,HD,27372053,geography,HD-R-022-G03,affiliation,"Auckland City Hospital, Auckland, New Zealand",315,360,high
ndro-mvp-v0.1.2-20260823,2026-08-23,HD-R-022,HD,27372053,geography,HD-R-022-G04,affiliation,"HD Reach, Raleigh, NC, USA",364,390,high
ndro-mvp-v0.1.2-20260823,2026-08-23,HD-R-022,HD,27372053,geography,HD-R-022-G05,affiliation,"University of São Paulo, São Paulo, SP, Brazil",568,614,high
ndro-mvp-v0.1.2-20260823,2026-08-23,HD-R-022,HD,27372053,geography,HD-R-022-G06,affiliation,"Centre for Movement Disorders, Toronto, ON, Canada",795,845,high
ndro-mvp-v0.1.2-20260823,2026-08-23,HD-R-022,HD,27372053,method_model,HD-R-022-M01,abstract,a 69-item survey was administered,263,296,high
ndro-mvp-v0.1.2-20260823,2026-08-23,HD-R-022,HD,27372053,outcome,HD-R-022-O01,abstract,Multidisciplinary case reviews are offered in 54.5% of sites,852,912,high
ndro-mvp-v0.1.2-20260823,2026-08-23,HD-R-022,HD,27372053,outcome,HD-R-022-O02,abstract,Videoconferencing and telemedicine are used by 23.6%.,954,1007,high
ndro-mvp-v0.1.2-20260823,2026-08-23,HD-R-022,HD,27372053,outcome,HD-R-022-O03,abstract,Most centers (70.4%) report following published guidelines or local care pathways,1092,1173,high
ndro-mvp-v0.1.2-20260823,2026-08-23,HD-R-022,HD,27372053,population,HD-R-022-P01,abstract,Of 231 sites surveyed,367,388,high
ndro-mvp-v0.1.2-20260823,2026-08-23,HD-R-022,HD,27372053,population,HD-R-022-P02,abstract,121 (52.2%) sites,390,407,high
ndro-mvp-v0.1.2-20260823,2026-08-23,HD-R-024,HD,25575960,geography,HD-R-024-G01,affiliation,"Central Michigan University, Neuroscience Program, East Campus Drive, Mount Pleasant, MI, USA.",0,94,high
ndro-mvp-v0.1.2-20260823,2026-08-23,HD-R-024,HD,25575960,method_model,HD-R-024-M01,title,Presymptomatic glutamate levels in prefrontal cortex in the Hdh(CAG150) mouse model of Huntington's disease.,0,108,high
ndro-mvp-v0.1.2-20260823,2026-08-23,HD-R-024,HD,25575960,outcome,HD-R-024-O01,abstract,Clinical observations suggest prefrontal dysfunction in early stages of HD is associated with altered glutamate transport.,109,231,medium
ndro-mvp-v0.1.2-20260823,2026-08-23,HD-R-024,HD,25575960,outcome,HD-R-024-O02,abstract,Evidence from the R6/2 mouse model suggests an abnormal increase in glutamate signaling in the sensorimotor cortex and striatum.,232,360,medium
ndro-mvp-v0.1.2-20260823,2026-08-23,HD-R-024,HD,25575960,outcome,HD-R-024-O03,abstract,RESULTS: RESULTS indicated an elevation in glutamate levels in response to PDC but no significant difference among genotype groups.,952,1083,high
ndro-mvp-v0.1.2-20260823,2026-08-23,HD-R-024,HD,25575960,outcome,HD-R-024-O04,abstract,"When comparing wild type and homozygote alone, a significant difference in total extracellular glutamate was observed.",1084,1202,high
ndro-mvp-v0.1.2-20260823,2026-08-23,HD-R-025,HD,25319005,entity,HD-R-025-E01,abstract,"In Cu-treated groups, superoxide dismutase-1 (SOD1) activity showed a significant increase, while SOD2 activity was slightly enhanced.",968,1102,high
ndro-mvp-v0.1.2-20260823,2026-08-23,HD-R-025,HD,25319005,geography,HD-R-025-G01,affiliation,"Departamento de Neuroquímica, Instituto Nacional de Neurología y Neurocirugía ""Manuel Velasco Suárez"", Insurgentes Sur #3877, Col. La Fama, Del. Tlalpan, 14269, D.F., Mexico City, Mexico.",0,187,high
ndro-mvp-v0.1.2-20260823,2026-08-23,HD-R-025,HD,25319005,intervention,HD-R-025-I01,title,Sub-chronic copper pretreatment reduces oxidative damage in an experimental Huntington's disease model.,0,103,high
ndro-mvp-v0.1.2-20260823,2026-08-23,HD-R-025,HD,25319005,outcome,HD-R-025-O01,title,Sub-chronic copper pretreatment reduces oxidative damage in an experimental Huntington's disease model.,0,103,medium
ndro-mvp-v0.1.2-20260823,2026-08-23,HD-R-025,HD,25319005,outcome,HD-R-025-O02,abstract,"Copper exposure caused no signs of liver toxicity; however, it produced significant Cu accumulation in striatum.",297,409,high
ndro-mvp-v0.1.2-20260823,2026-08-23,HD-R-025,HD,25319005,outcome,HD-R-025-O03,abstract,"It is noteworthy that QUIN also caused increased striatal Cu content; when the supplement was administered to animals with QUIN-injury, an even higher metal striatal accumulation was observed.",410,602,medium
ndro-mvp-v0.1.2-20260823,2026-08-23,HD-R-025,HD,25319005,outcome,HD-R-025-O04,abstract,"Cu pre-treatment preserved striatal gamma-aminobutyric acid (GABA) content, which was reduced by QUIN intrastriatal injection.",603,729,medium
ndro-mvp-v0.1.2-20260823,2026-08-23,HD-R-025,HD,25319005,population,HD-R-025-P01,abstract,"Although the pathophysiological role for higher Cu levels in patients with HD and in experimental models of the disease is not fully understood, results in the present study suggest that Cu oral intake stimulates anti-oxidant defenses, an effect that may be a potential factor for reducing the progression of HD.",1103,1415,medium
ndro-mvp-v0.1.2-20260823,2026-08-23,HD-R-030,HD,27595037,entity,HD-R-030-E01,title,An Intrabody Drug (rAAV6-INT41) Reduces the Binding of N-Terminal Huntingtin Fragment(s) to DNA to Basal Levels in PC12 Cells and Delays Cognitive Loss in the R6/2 Animal Model.,0,177,high
ndro-mvp-v0.1.2-20260823,2026-08-23,HD-R-030,HD,27595037,entity,HD-R-030-E02,abstract,"Using stable PC12 cell lines expressing either inducible human mutant huntingtin (mHtt, Q73) or normal huntingtin (nHtt, Q23), we investigated the effect of rAAV6-INT41, an adeno-associated virus vector with the INT41 coding sequence, on the subcellular distribution of Htt.",466,740,high
ndro-mvp-v0.1.2-20260823,2026-08-23,HD-R-030,HD,27595037,geography,HD-R-030-G01,affiliation,"Vybion Inc., P.O. Box 4030, Ithaca, NY 14852, USA.",0,50,high
ndro-mvp-v0.1.2-20260823,2026-08-23,HD-R-030,HD,27595037,intervention,HD-R-030-I01,title,An Intrabody Drug (rAAV6-INT41) Reduces the Binding of N-Terminal Huntingtin Fragment(s) to DNA to Basal Levels in PC12 Cells and Delays Cognitive Loss in the R6/2 Animal Model.,0,177,high
ndro-mvp-v0.1.2-20260823,2026-08-23,HD-R-030,HD,27595037,method_model,HD-R-030-M01,title,An Intrabody Drug (rAAV6-INT41) Reduces the Binding of N-Terminal Huntingtin Fragment(s) to DNA to Basal Levels in PC12 Cells and Delays Cognitive Loss in the R6/2 Animal Model.,0,177,high
ndro-mvp-v0.1.2-20260823,2026-08-23,HD-R-030,HD,27595037,method_model,HD-R-030-M02,title,An Intrabody Drug (rAAV6-INT41) Reduces the Binding of N-Terminal Huntingtin Fragment(s) to DNA to Basal Levels in PC12 Cells and Delays Cognitive Loss in the R6/2 Animal Model.,0,177,high
ndro-mvp-v0.1.2-20260823,2026-08-23,HD-R-030,HD,27595037,outcome,HD-R-030-O01,title,An Intrabody Drug (rAAV6-INT41) Reduces the Binding of N-Terminal Huntingtin Fragment(s) to DNA to Basal Levels in PC12 Cells and Delays Cognitive Loss in the R6/2 Animal Model.,0,177,medium
ndro-mvp-v0.1.2-20260823,2026-08-23,HD-R-030,HD,27595037,outcome,HD-R-030-O02,abstract,"We show that expression of a mutant human huntingtin exon-1-GFP fusion construct results in nonspecific gene dysregulation that is significantly reduced by 50% due to coexpression of INT41, an intrabody specific for the proline-rich region of the huntingtin protein.",199,465,high
ndro-mvp-v0.1.2-20260823,2026-08-23,HD-R-030,HD,27595037,outcome,HD-R-030-O03,abstract,"Using stable PC12 cell lines expressing either inducible human mutant huntingtin (mHtt, Q73) or normal huntingtin (nHtt, Q23), we investigated the effect of rAAV6-INT41, an adeno-associated virus vector with the INT41 coding sequence, on the subcellular distribution of Htt.",466,740,medium
ndro-mvp-v0.1.2-20260823,2026-08-23,HD-R-030,HD,27595037,outcome,HD-R-030-O04,abstract,Compartmental fractionation 8 days after induction of Htt showed a 6-fold increased association of a dominate N-terminal mHtt fragment with DNA compared to N-terminal nHtt.,741,913,medium
ndro-mvp-v0.1.2-20260823,2026-08-23,HD-R-032,HD,28869595,entity,HD-R-032-E01,title,A toxic mutant huntingtin species is resistant to selective autophagy.,0,70,high
ndro-mvp-v0.1.2-20260823,2026-08-23,HD-R-032,HD,28869595,entity,HD-R-032-E02,title,A toxic mutant huntingtin species is resistant to selective autophagy.,0,70,high
ndro-mvp-v0.1.2-20260823,2026-08-23,HD-R-032,HD,28869595,entity,HD-R-032-E03,abstract,"The HD-causing mutant huntingtin protein (mHTT) has an expanded polyglutamine (polyQ) stretch that may adopt multiple conformations, and the most toxic of these is the one recognized by antibody 3B5H10.",105,307,high
ndro-mvp-v0.1.2-20260823,2026-08-23,HD-R-032,HD,28869595,entity,HD-R-032-E04,title,A toxic mutant huntingtin species is resistant to selective autophagy.,0,70,high
ndro-mvp-v0.1.2-20260823,2026-08-23,HD-R-032,HD,28869595,geography,HD-R-032-G01,affiliation,"State Key Laboratory of Medical Neurobiology, Neurology Department at Huashan Hospital, School of Life Sciences, Fudan University, Shanghai, China.",0,147,high
ndro-mvp-v0.1.2-20260823,2026-08-23,HD-R-032,HD,28869595,geography,HD-R-032-G02,affiliation,"MassGeneral Institute for Neurodegenerative Diseases, Massachusetts General Hospital, Boston, USA.",222,320,high
ndro-mvp-v0.1.2-20260823,2026-08-23,HD-R-032,HD,28869595,outcome,HD-R-032-O01,abstract,"The HD-causing mutant huntingtin protein (mHTT) has an expanded polyglutamine (polyQ) stretch that may adopt multiple conformations, and the most toxic of these is the one recognized by antibody 3B5H10.",105,307,medium
ndro-mvp-v0.1.2-20260823,2026-08-23,HD-R-032,HD,28869595,outcome,HD-R-032-O02,abstract,"Here we show that the 3B5H10-recognized mHTT species has a slower degradation rate due to its resistance to selective autophagy in human cells and brains, revealing mechanisms of its higher toxicity.",308,507,medium
ndro-mvp-v0.1.2-20260823,2026-08-23,HD-R-036,HD,29222609,geography,HD-R-036-G01,affiliation,"Department of Medical Social Sciences, Northwestern University Feinberg School of Medicine, 633 N St Clair, 19th Floor, Chicago, IL, 60611, USA. [email redacted from public snapshot].",0,169,high
ndro-mvp-v0.1.2-20260823,2026-08-23,HD-R-036,HD,29222609,geography,HD-R-036-G02,affiliation,"Institute of Cognitive and Clinical Neurosciences, School of Psychological Sciences, Monash University, Clayton, VIC, Australia.",566,694,high
ndro-mvp-v0.1.2-20260823,2026-08-23,HD-R-036,HD,29222609,outcome,HD-R-036-O01,abstract,RESULTS: Excellent reliabilities (Cronbach's alphas ≥ 0.94) were found.,1159,1230,medium
ndro-mvp-v0.1.2-20260823,2026-08-23,HD-R-036,HD,29222609,outcome,HD-R-036-O02,abstract,CONCLUSIONS: The Neuro-QoL Cognition measures provide reliable and valid assessments of self-reported cognitive functioning for individuals with HD.,1623,1771,medium
ndro-mvp-v0.1.2-20260823,2026-08-23,HD-R-036,HD,29222609,population,HD-R-036-P01,title,Evaluating cognition in individuals with Huntington disease: Neuro-QoL cognitive functioning measures.,0,102,medium
ndro-mvp-v0.1.2-20260823,2026-08-23,HD-R-038,HD,27678206,entity,HD-R-038-E01,abstract,"The patterns of CAG and CCG polymorphic regions in the HTT gene were determined, the disease burden score was calculated, and genotypes were correlated with phenotypes within this family.",390,577,high
ndro-mvp-v0.1.2-20260823,2026-08-23,HD-R-038,HD,27678206,entity,HD-R-038-E02,abstract,"The patterns of CAG and CCG polymorphic regions in the HTT gene were determined, the disease burden score was calculated, and genotypes were correlated with phenotypes within this family.",390,577,high
ndro-mvp-v0.1.2-20260823,2026-08-23,HD-R-038,HD,27678206,method_model,HD-R-038-M01,abstract,"To this end, the following scales were administered in each patient: the Beck Depression Inventory, the Mini-Mental State Examination (MMSE) and the Unified Huntington's Disease Rating Scale (UHDRS).",190,389,high
ndro-mvp-v0.1.2-20260823,2026-08-23,HD-R-038,HD,27678206,method_model,HD-R-038-M02,abstract,"To this end, the following scales were administered in each patient: the Beck Depression Inventory, the Mini-Mental State Examination (MMSE) and the Unified Huntington's Disease Rating Scale (UHDRS).",190,389,high
ndro-mvp-v0.1.2-20260823,2026-08-23,HD-R-038,HD,27678206,outcome,HD-R-038-O01,abstract,"The patterns of CAG and CCG polymorphic regions in the HTT gene were determined, the disease burden score was calculated, and genotypes were correlated with phenotypes within this family.",390,577,medium
ndro-mvp-v0.1.2-20260823,2026-08-23,HD-R-038,HD,27678206,outcome,HD-R-038-O02,abstract,A strong significant correlation was found between the disease burden score and the UHDRS (r = 0.76; p-value = 0.049) and the MMSE (r = -0.90; p-value = 0.006).,733,893,high
ndro-mvp-v0.1.2-20260823,2026-08-23,HD-R-038,HD,27678206,outcome,HD-R-038-O03,abstract,The correlations between CAG allele size and the three clinical evaluations performed in the HD patients were not statistically significant.,894,1034,high
ndro-mvp-v0.1.2-20260823,2026-08-23,HD-R-038,HD,27678206,population,HD-R-038-P01,title,Clinical and genetic investigation of a Brazilian family with Huntington's disease.,0,83,medium
ndro-mvp-v0.1.2-20260823,2026-08-23,HD-R-046,HD,32613239,entity,HD-R-046-E01,abstract,showed the highest discriminative potential,1203,1246,high
ndro-mvp-v0.1.2-20260823,2026-08-23,HD-R-046,HD,32613239,entity,HD-R-046-E02,abstract,Disease Burden Score,1472,1492,high
ndro-mvp-v0.1.2-20260823,2026-08-23,HD-R-046,HD,32613239,geography,HD-R-046-G01,affiliation,"Taufkirchen (Vils), Germany",81,108,high
ndro-mvp-v0.1.2-20260823,2026-08-23,HD-R-046,HD,32613239,geography,HD-R-046-G02,affiliation,"Charles University and General University Hospital, Prague, Czech Republic",200,274,high
ndro-mvp-v0.1.2-20260823,2026-08-23,HD-R-046,HD,32613239,method_model,HD-R-046-M01,abstract,a cognitive battery with six tests,142,176,high
ndro-mvp-v0.1.2-20260823,2026-08-23,HD-R-046,HD,32613239,method_model,HD-R-046-M02,abstract,area under the receiver-operating characteristic curve (AUC),843,903,high
ndro-mvp-v0.1.2-20260823,2026-08-23,HD-R-046,HD,32613239,method_model,HD-R-046-M03,abstract,"cognitive, motor, and functional assessments",511,555,high
ndro-mvp-v0.1.2-20260823,2026-08-23,HD-R-046,HD,32613239,outcome,HD-R-046-O01,abstract,AUC ranging from 0.809 to 0.862,1023,1054,high
ndro-mvp-v0.1.2-20260823,2026-08-23,HD-R-046,HD,32613239,outcome,HD-R-046-O02,abstract,AUC ranging from 0.833 to 0.899,1112,1143,high
ndro-mvp-v0.1.2-20260823,2026-08-23,HD-R-046,HD,32613239,outcome,HD-R-046-O03,abstract,cognitive performance correlated with the severity of motor and functional impairment,1358,1443,high
ndro-mvp-v0.1.2-20260823,2026-08-23,HD-R-046,HD,32613239,population,HD-R-046-P01,abstract,106 HD patients,266,281,high
ndro-mvp-v0.1.2-20260823,2026-08-23,HD-R-046,HD,32613239,population,HD-R-046-P02,abstract,HD-CD,321,326,high
ndro-mvp-v0.1.2-20260823,2026-08-23,HD-R-046,HD,32613239,population,HD-R-046-P03,abstract,HD-NC,368,373,high
ndro-mvp-v0.1.2-20260823,2026-08-23,HD-R-046,HD,32613239,population,HD-R-046-P04,abstract,100 healthy controls,387,407,high
ndro-mvp-v0.1.2-20260823,2026-08-23,HD-R-048,HD,30517595,geography,HD-R-048-G01,affiliation,"Department of Psychology, Washington State University, Pullman, WA, USA.",0,72,high
ndro-mvp-v0.1.2-20260823,2026-08-23,HD-R-048,HD,30517595,method_model,HD-R-048-M01,abstract,"Individuals with HD also completed a self-report medication management measure and neuropsychological tests assessing executive function, retrospective memory, and prospective memory.",348,531,high
ndro-mvp-v0.1.2-20260823,2026-08-23,HD-R-048,HD,30517595,outcome,HD-R-048-O01,abstract,RESULTS: Individuals with HD performed significantly poorer and made more undertaking errors on the MMAA as compared to HA.,532,655,high
ndro-mvp-v0.1.2-20260823,2026-08-23,HD-R-048,HD,30517595,outcome,HD-R-048-O02,abstract,"In the HD group, significant associations were found between undertaking errors and perceived medication management ability as well as between MMAA task performance and measures assessing prospective memory and executive functions.",710,941,high
ndro-mvp-v0.1.2-20260823,2026-08-23,HD-R-048,HD,30517595,outcome,HD-R-048-O03,abstract,CONCLUSIONS: Medication management capacity was negatively affected in individuals with HD and may be associated with difficulty remembering to take medications in the future.,942,1117,medium
ndro-mvp-v0.1.2-20260823,2026-08-23,HD-R-048,HD,30517595,population,HD-R-048-P01,abstract,"OBJECTIVE: Although medication management is a necessary daily activity for individuals with Huntington's disease (HD), medication management abilities and their relation to cognitive functioning have not been evaluated.",0,220,medium
ndro-mvp-v0.1.2-20260823,2026-08-23,HD-R-050,HD,29688337,entity,HD-R-050-E01,abstract,"Such beneficial effects were associated with activation of pro-survival pathways (BDNF, AKT and ERK) and with reduction of mutant huntingtin aggregation.",815,968,high
ndro-mvp-v0.1.2-20260823,2026-08-23,HD-R-050,HD,29688337,entity,HD-R-050-E02,abstract,"Such beneficial effects were associated with activation of pro-survival pathways (BDNF, AKT and ERK) and with reduction of mutant huntingtin aggregation.",815,968,high
ndro-mvp-v0.1.2-20260823,2026-08-23,HD-R-050,HD,29688337,entity,HD-R-050-E03,abstract,"Such beneficial effects were associated with activation of pro-survival pathways (BDNF, AKT and ERK) and with reduction of mutant huntingtin aggregation.",815,968,high
ndro-mvp-v0.1.2-20260823,2026-08-23,HD-R-050,HD,29688337,entity,HD-R-050-E04,title,"Stimulation of S1PR5 with A-971432, a selective agonist, preserves blood-brain barrier integrity and exerts therapeutic effect in an animal model of Huntington's disease.",0,170,high
ndro-mvp-v0.1.2-20260823,2026-08-23,HD-R-050,HD,29688337,geography,HD-R-050-G01,affiliation,"IRCCS Neuromed, Localitá Camerelle, Pozzilli (IS), Italy.",0,57,high
ndro-mvp-v0.1.2-20260823,2026-08-23,HD-R-050,HD,29688337,geography,HD-R-050-G02,affiliation,"AbbVie Deutschland GmbH & Co KG, Knollstrasse 50, Ludwigshafen, Germany.",60,132,high
ndro-mvp-v0.1.2-20260823,2026-08-23,HD-R-050,HD,29688337,intervention,HD-R-050-I01,title,"Stimulation of S1PR5 with A-971432, a selective agonist, preserves blood-brain barrier integrity and exerts therapeutic effect in an animal model of Huntington's disease.",0,170,high
ndro-mvp-v0.1.2-20260823,2026-08-23,HD-R-050,HD,29688337,intervention,HD-R-050-I02,abstract,Chronic administration of low-dose (0.1 mg/kg) A-971432 slowed down the progression of the disease and significantly prolonged lifespan in symptomatic R6/2 mice.,653,814,medium
ndro-mvp-v0.1.2-20260823,2026-08-23,HD-R-050,HD,29688337,method_model,HD-R-050-M01,abstract,"In this study, we investigated the therapeutic potential of stimulating sphingosine-1-phosphate (S1P) receptor 5 by the new selective agonist A-971432 (provided by AbbVie) in R6/2 mice, a widely used HD animal model.",436,652,high
ndro-mvp-v0.1.2-20260823,2026-08-23,HD-R-050,HD,29688337,outcome,HD-R-050-O01,abstract,Huntington's disease (HD) is the most common neurodegenerative disorder for which no effective cure is yet available.,0,117,medium
ndro-mvp-v0.1.2-20260823,2026-08-23,HD-R-050,HD,29688337,outcome,HD-R-050-O02,abstract,Chronic administration of low-dose (0.1 mg/kg) A-971432 slowed down the progression of the disease and significantly prolonged lifespan in symptomatic R6/2 mice.,653,814,high
ndro-mvp-v0.1.2-20260823,2026-08-23,HD-R-050,HD,29688337,outcome,HD-R-050-O03,abstract,"Such beneficial effects were associated with activation of pro-survival pathways (BDNF, AKT and ERK) and with reduction of mutant huntingtin aggregation.",815,968,medium
ndro-mvp-v0.1.2-20260823,2026-08-23,HD-R-050,HD,29688337,outcome,HD-R-050-O04,abstract,A-971432 also protected blood-brain barrier (BBB) homeostasis in the same mice.,969,1048,medium
ndro-mvp-v0.1.2-20260823,2026-08-23,HD-R-050,HD,29688337,population,HD-R-050-P01,abstract,"In this study, we investigated the therapeutic potential of stimulating sphingosine-1-phosphate (S1P) receptor 5 by the new selective agonist A-971432 (provided by AbbVie) in R6/2 mice, a widely used HD animal model.",436,652,high
ndro-mvp-v0.1.2-20260823,2026-08-23,HD-R-051,HD,32043503,entity,HD-R-051-E01,title,Ellagic acid rescues motor and cognitive deficits in the R6/2 mouse model of Huntington's disease by lowering mutant huntingtin protein.,0,136,high
ndro-mvp-v0.1.2-20260823,2026-08-23,HD-R-051,HD,32043503,entity,HD-R-051-E02,title,Ellagic acid rescues motor and cognitive deficits in the R6/2 mouse model of Huntington's disease by lowering mutant huntingtin protein.,0,136,high
ndro-mvp-v0.1.2-20260823,2026-08-23,HD-R-051,HD,32043503,entity,HD-R-051-E03,abstract,Huntington's disease (HD) is a genetic neurodegenerative disorder caused by a highly polymorphic CAG trinucleotide repeat expansion encoding an extended polyglutamine (polyQ) tract at the N-terminus of huntingtin protein (HTT).,0,227,high
ndro-mvp-v0.1.2-20260823,2026-08-23,HD-R-051,HD,32043503,entity,HD-R-051-E04,abstract,"Moreover, EA significantly lowered mHTT levels, reduced neuroinflammation, rescued synapse loss, and decreased oxidative stress in R6/2 mouse brains.",760,909,high
ndro-mvp-v0.1.2-20260823,2026-08-23,HD-R-051,HD,32043503,entity,HD-R-051-E05,abstract,"Moreover, EA significantly lowered mHTT levels, reduced neuroinflammation, rescued synapse loss, and decreased oxidative stress in R6/2 mouse brains.",760,909,high
ndro-mvp-v0.1.2-20260823,2026-08-23,HD-R-051,HD,32043503,geography,HD-R-051-G01,affiliation,"State Key Laboratory of Biochemical Engineering, Institute of Process Engineering, Chinese Academy of Sciences, Beijing 100190, China. [email redacted from public snapshot] [email redacted from public snapshot].",0,171,high
ndro-mvp-v0.1.2-20260823,2026-08-23,HD-R-051,HD,32043503,intervention,HD-R-051-I01,title,Ellagic acid rescues motor and cognitive deficits in the R6/2 mouse model of Huntington's disease by lowering mutant huntingtin protein.,0,136,high
ndro-mvp-v0.1.2-20260823,2026-08-23,HD-R-051,HD,32043503,method_model,HD-R-051-M01,title,Ellagic acid rescues motor and cognitive deficits in the R6/2 mouse model of Huntington's disease by lowering mutant huntingtin protein.,0,136,high
ndro-mvp-v0.1.2-20260823,2026-08-23,HD-R-051,HD,32043503,outcome,HD-R-051-O01,title,Ellagic acid rescues motor and cognitive deficits in the R6/2 mouse model of Huntington's disease by lowering mutant huntingtin protein.,0,136,medium
ndro-mvp-v0.1.2-20260823,2026-08-23,HD-R-051,HD,32043503,outcome,HD-R-051-O02,abstract,"Ellagic acid (EA) has been marketed as a dietary supplement with various claimed benefits and neuroprotective effects on several neurodegenerative disorders, while its effect on mHTT pathology is still unknown.",456,666,medium
ndro-mvp-v0.1.2-20260823,2026-08-23,HD-R-051,HD,32043503,outcome,HD-R-051-O03,abstract,Here we reported that EA significantly attenuated motor and cognitive deficits in R6/2 mice.,667,759,high
ndro-mvp-v0.1.2-20260823,2026-08-23,HD-R-051,HD,32043503,outcome,HD-R-051-O04,abstract,"Moreover, EA significantly lowered mHTT levels, reduced neuroinflammation, rescued synapse loss, and decreased oxidative stress in R6/2 mouse brains.",760,909,high
ndro-mvp-v0.1.2-20260823,2026-08-23,HD-R-051,HD,32043503,population,HD-R-051-P01,abstract,Here we reported that EA significantly attenuated motor and cognitive deficits in R6/2 mice.,667,759,high
ndro-mvp-v0.1.2-20260823,2026-08-23,HD-R-055,HD,32436573,entity,HD-R-055-E01,abstract,"arginine, a chemical chaperone",734,764,high
ndro-mvp-v0.1.2-20260823,2026-08-23,HD-R-055,HD,32436573,entity,HD-R-055-E02,abstract,polyQ protein aggregation,865,890,high
ndro-mvp-v0.1.2-20260823,2026-08-23,HD-R-055,HD,32436573,geography,HD-R-055-G01,affiliation,"National Center of Neurology and Psychiatry, Kodaira, Tokyo, Japan",86,152,high
ndro-mvp-v0.1.2-20260823,2026-08-23,HD-R-055,HD,32436573,intervention,HD-R-055-I01,abstract,"identified arginine, a chemical chaperone",723,764,high
ndro-mvp-v0.1.2-20260823,2026-08-23,HD-R-055,HD,32436573,method_model,HD-R-055-M01,abstract,an in vitro polyQ aggregation assay,997,1032,high
ndro-mvp-v0.1.2-20260823,2026-08-23,HD-R-055,HD,32436573,method_model,HD-R-055-M02,abstract,Our in vitro and cellular assays,1099,1131,high
ndro-mvp-v0.1.2-20260823,2026-08-23,HD-R-055,HD,32436573,method_model,HD-R-055-M03,abstract,Caenorhabditis elegans,1435,1457,high
ndro-mvp-v0.1.2-20260823,2026-08-23,HD-R-055,HD,32436573,method_model,HD-R-055-M04,abstract,Drosophila,1459,1469,high
ndro-mvp-v0.1.2-20260823,2026-08-23,HD-R-055,HD,32436573,method_model,HD-R-055-M05,abstract,two different mouse models of polyQ diseases,1475,1519,high
ndro-mvp-v0.1.2-20260823,2026-08-23,HD-R-055,HD,32436573,outcome,HD-R-055-O01,abstract,inhibiting the toxic β-sheet conformational transition and oligomerization,1195,1269,high
ndro-mvp-v0.1.2-20260823,2026-08-23,HD-R-055,HD,32436573,outcome,HD-R-055-O02,abstract,therapeutic effects on neurological symptoms,1353,1397,high
ndro-mvp-v0.1.2-20260823,2026-08-23,HD-R-055,HD,32436573,outcome,HD-R-055-O03,abstract,and protein aggregation pathology,1398,1431,high
ndro-mvp-v0.1.2-20260823,2026-08-23,HD-R-055,HD,32436573,outcome,HD-R-055-O04,abstract,effective in a polyQ mouse model when administered after symptom onset,1539,1609,high
ndro-mvp-v0.1.2-20260823,2026-08-23,HD-R-056,HD,31968243,entity,HD-R-056-E01,title,Striatal Projection Neurons Require Huntingtin for Synaptic Connectivity and Survival.,0,86,high
ndro-mvp-v0.1.2-20260823,2026-08-23,HD-R-056,HD,31968243,entity,HD-R-056-E02,abstract,Huntington's disease (HD) is caused by an autosomal dominant polyglutamine expansion mutation of Huntingtin (HTT).,0,114,high
ndro-mvp-v0.1.2-20260823,2026-08-23,HD-R-056,HD,31968243,geography,HD-R-056-G01,affiliation,"Department of Neurobiology, Duke University Medical Center, Durham, NC 27710, USA; Department of Cell Biology, Duke University Medical Center, Durham, NC 27710, USA.",0,165,high
ndro-mvp-v0.1.2-20260823,2026-08-23,HD-R-056,HD,31968243,outcome,HD-R-056-O01,abstract,"HD patients suffer from progressive motor, cognitive, and psychiatric impairments, along with significant degeneration of the striatal projection neurons (SPNs) of the striatum.",115,292,high
ndro-mvp-v0.1.2-20260823,2026-08-23,HD-R-056,HD,31968243,outcome,HD-R-056-O02,abstract,Our results suggest that loss of HTT function in SPNs could play a critical role in HD pathogenesis.,757,857,medium
ndro-mvp-v0.1.2-20260823,2026-08-23,HD-R-056,HD,31968243,population,HD-R-056-P01,abstract,"HD patients suffer from progressive motor, cognitive, and psychiatric impairments, along with significant degeneration of the striatal projection neurons (SPNs) of the striatum.",115,292,medium
ndro-mvp-v0.1.2-20260823,2026-08-23,HD-R-059,HD,33940564,entity,HD-R-059-E01,title,"Plasma neurofilament light in Huntington's disease: A marker for disease onset, but not symptom progression.",0,108,high
ndro-mvp-v0.1.2-20260823,2026-08-23,HD-R-059,HD,33940564,geography,HD-R-059-G01,affiliation,"Department of Epidemiology, University of California Irvine, Irvine, CA, USA; Institute for Interdisciplinary Salivary Bioscience Research, University of California Irvine, Irvine, CA, USA. Electronic address: [email redacted from public snapshot].",0,229,high
ndro-mvp-v0.1.2-20260823,2026-08-23,HD-R-059,HD,33940564,method_model,HD-R-059-M01,abstract,"METHOD: 98 participants (33 control, 26 PM, 39 HD), underwent blood sample collection and clinical assessment, using both UHDRS and non-UHDRS measures, at one academic HD Center.",239,417,high
ndro-mvp-v0.1.2-20260823,2026-08-23,HD-R-059,HD,33940564,outcome,HD-R-059-O01,abstract,"Years to onset (YTO), probability of disease onset in 5 years, and predicted years until 60% onset probability were also calculated.",418,550,high
ndro-mvp-v0.1.2-20260823,2026-08-23,HD-R-059,HD,33940564,outcome,HD-R-059-O02,abstract,RESULTS: Cohorts differed by age.,612,645,medium
ndro-mvp-v0.1.2-20260823,2026-08-23,HD-R-059,HD,33940564,outcome,HD-R-059-O03,abstract,NfL levels differed significantly across diagnostic groups and were significantly correlated with age.,646,748,high
ndro-mvp-v0.1.2-20260823,2026-08-23,HD-R-059,HD,33940564,outcome,HD-R-059-O04,abstract,"Age-adjusted NfL levels were not correlated with clinical measures in either HD or PM cohorts, but were correlated when cohorts were combined.",749,891,medium
ndro-mvp-v0.1.2-20260823,2026-08-23,HD-R-059,HD,33940564,population,HD-R-059-P01,abstract,"METHOD: 98 participants (33 control, 26 PM, 39 HD), underwent blood sample collection and clinical assessment, using both UHDRS and non-UHDRS measures, at one academic HD Center.",239,417,high
ndro-mvp-v0.1.2-20260823,2026-08-23,HD-R-059,HD,33940564,population,HD-R-059-P02,abstract,"METHOD: 98 participants (33 control, 26 PM, 39 HD), underwent blood sample collection and clinical assessment, using both UHDRS and non-UHDRS measures, at one academic HD Center.",239,417,high
ndro-mvp-v0.1.2-20260823,2026-08-23,HD-R-060,HD,34093422,entity,HD-R-060-E01,abstract,"The highest-ranked variables included novel predictors of progression-being accompanied at clinical visit, cognitive impairment, age at diagnosis and tetrabenazine or antipsychotics use-in addition to established predictors, cytosine adenine guanine (CAG) repeat length and CAG-age product.",695,985,high
ndro-mvp-v0.1.2-20260823,2026-08-23,HD-R-060,HD,34093422,geography,HD-R-060-G01,affiliation,"F. Hoffmann-La Roche Ltd., Basel, Switzerland.",0,46,high
ndro-mvp-v0.1.2-20260823,2026-08-23,HD-R-060,HD,34093422,geography,HD-R-060-G02,affiliation,"Department of Computer Science, Centre for Medical Imaging Computing, University College London, London, United Kingdom.",49,169,high
ndro-mvp-v0.1.2-20260823,2026-08-23,HD-R-060,HD,34093422,method_model,HD-R-060-M01,abstract,"A random forest regression model was trained to predict change of clinical outcomes based on the variables, which were ranked based on their contribution to the prediction.",522,694,high
ndro-mvp-v0.1.2-20260823,2026-08-23,HD-R-060,HD,34093422,outcome,HD-R-060-O01,title,Ranking the Predictive Power of Clinical and Biological Features Associated With Disease Progression in Huntington's Disease.,0,125,medium
ndro-mvp-v0.1.2-20260823,2026-08-23,HD-R-060,HD,34093422,outcome,HD-R-060-O02,abstract,"With potential disease-modifying therapies in development, there is interest in accurately measuring HD progression and characterising prognostic variables to improve efficiency of clinical trials.",159,356,medium
ndro-mvp-v0.1.2-20260823,2026-08-23,HD-R-060,HD,34093422,outcome,HD-R-060-O03,abstract,"A random forest regression model was trained to predict change of clinical outcomes based on the variables, which were ranked based on their contribution to the prediction.",522,694,medium
ndro-mvp-v0.1.2-20260823,2026-08-23,HD-R-060,HD,34093422,outcome,HD-R-060-O04,abstract,"The highest-ranked variables included novel predictors of progression-being accompanied at clinical visit, cognitive impairment, age at diagnosis and tetrabenazine or antipsychotics use-in addition to established predictors, cytosine adenine guanine (CAG) repeat length and CAG-age product.",695,985,medium
ndro-mvp-v0.1.2-20260823,2026-08-23,HD-R-060,HD,34093422,population,HD-R-060-P01,abstract,"Using the large, prospective Enroll-HD cohort, we investigated the relative contribution and ranking of potential prognostic variables in patients with manifest HD.",357,521,medium
ndro-mvp-v0.1.2-20260823,2026-08-23,HD-R-062,HD,41424860,entity,HD-R-062-E01,abstract,"Background: Huntington's disease (HD) is a devastating neurodegenerative disorder caused by CAG repeat expansion in the HTT gene, resulting in a polyglutamine-expanded huntingtin (HTT) protein that forms toxic aggregates.",0,221,high
ndro-mvp-v0.1.2-20260823,2026-08-23,HD-R-062,HD,41424860,entity,HD-R-062-E02,abstract,"Background: Huntington's disease (HD) is a devastating neurodegenerative disorder caused by CAG repeat expansion in the HTT gene, resulting in a polyglutamine-expanded huntingtin (HTT) protein that forms toxic aggregates.",0,221,high
ndro-mvp-v0.1.2-20260823,2026-08-23,HD-R-062,HD,41424860,entity,HD-R-062-E03,title,Neuronal mitochondrial disaggregase CLPB ameliorates Huntington's disease pathology in mice.,0,92,high
ndro-mvp-v0.1.2-20260823,2026-08-23,HD-R-062,HD,41424860,entity,HD-R-062-E04,title,Neuronal mitochondrial disaggregase CLPB ameliorates Huntington's disease pathology in mice.,0,92,high
ndro-mvp-v0.1.2-20260823,2026-08-23,HD-R-062,HD,41424860,geography,HD-R-062-G01,affiliation,"Department of Brain Sciences, Daegu Gyeongbuk Institute of Science and Technology (DGIST), Daegu 42988, Korea.",0,110,high
ndro-mvp-v0.1.2-20260823,2026-08-23,HD-R-062,HD,41424860,intervention,HD-R-062-I01,title,Neuronal mitochondrial disaggregase CLPB ameliorates Huntington's disease pathology in mice.,0,92,high
ndro-mvp-v0.1.2-20260823,2026-08-23,HD-R-062,HD,41424860,method_model,HD-R-062-M01,abstract,"Aggregate burden was quantified via immunostaining, and inhibitory synapse density was evaluated using VGAT immunohistochemistry and electrophysiological recordings.",931,1096,high
ndro-mvp-v0.1.2-20260823,2026-08-23,HD-R-062,HD,41424860,method_model,HD-R-062-M02,abstract,"Aggregate burden was quantified via immunostaining, and inhibitory synapse density was evaluated using VGAT immunohistochemistry and electrophysiological recordings.",931,1096,high
ndro-mvp-v0.1.2-20260823,2026-08-23,HD-R-062,HD,41424860,outcome,HD-R-062-O01,title,Neuronal mitochondrial disaggregase CLPB ameliorates Huntington's disease pathology in mice.,0,92,medium
ndro-mvp-v0.1.2-20260823,2026-08-23,HD-R-062,HD,41424860,outcome,HD-R-062-O02,abstract,"Results: In HEK293T cells, CLPB knockout led to abnormal aggregation of HTT-Q23 while CLPB overexpression reduced the size of HTT-Q79 aggregates.",1097,1242,medium
ndro-mvp-v0.1.2-20260823,2026-08-23,HD-R-062,HD,41424860,outcome,HD-R-062-O03,abstract,"In the mouse striatum, ClpB knockdown increased HTT-Q23 aggregate numbers and altered HTT-Q79 aggregation morphology, whereas CLPB overexpression restored the density and size of VGAT-positive inhibitory synapses and improved inhibitory synaptic transmission in HD model mice.",1243,1519,medium
ndro-mvp-v0.1.2-20260823,2026-08-23,HD-R-062,HD,41424860,outcome,HD-R-062-O04,abstract,"These effects of CLPB overexpression were associated with a reduced mitochondrial aggregation burden, suggesting that ClpB contributes to mitochondrial protein quality control.",1520,1696,medium
ndro-mvp-v0.1.2-20260823,2026-08-23,HD-R-062,HD,41424860,population,HD-R-062-P01,abstract,"Here, we explore the function of caseinolytic peptidase B (ClpB), a mitochondrial AAA+ ATPase and heat-shock protein, in maintaining proteostasis and synaptic integrity in HD.",401,576,medium
ndro-mvp-v0.1.2-20260823,2026-08-23,HD-R-063,HD,40090469,geography,HD-R-063-G01,affiliation,"Univ. Bordeaux, CNRS, IMN, UMR 5293, F-33000 Bordeaux, France.",0,62,high
ndro-mvp-v0.1.2-20260823,2026-08-23,HD-R-063,HD,40090469,method_model,HD-R-063-M01,abstract,We found that D2 receptor-expressing indirect-pathway medium spiny neurons (D2-MSNs) present in the matrix striatal compartment undergo early morphological and electrophysiological maturation.,564,756,high
ndro-mvp-v0.1.2-20260823,2026-08-23,HD-R-063,HD,40090469,outcome,HD-R-063-O01,abstract,We found that D2 receptor-expressing indirect-pathway medium spiny neurons (D2-MSNs) present in the matrix striatal compartment undergo early morphological and electrophysiological maturation.,564,756,medium
ndro-mvp-v0.1.2-20260823,2026-08-23,HD-R-063,HD,40090469,outcome,HD-R-063-O02,abstract,"Additionally, we also observed a D2-MSN-selective reduction in glutamatergic cortico-striatal transmission at the beginning of the second postnatal week as well as a reduced projection of D2-MSNs onto the GPe at birth in R6/1 mice.",840,1071,medium
ndro-mvp-v0.1.2-20260823,2026-08-23,HD-R-063,HD,40090469,outcome,HD-R-063-O03,abstract,"These results identify a compartment- and cell-type specific defect in D2-MSNs maturation, which can contribute in their latter vulnerability, as this cell-type is the first to degenerate in HD during adulthood.",1171,1382,medium
ndro-mvp-v0.1.2-20260823,2026-08-23,HD-R-063,HD,40090469,population,HD-R-063-P01,abstract,"To fill this gap, we examined striatal development in newborn R6/1 mice.",491,563,high
ndro-mvp-v0.1.2-20260823,2026-08-23,HD-R-063,HD,40090469,population,HD-R-063-P02,abstract,Altered electrophysiological properties were also observed in newborn CAG140 mice.,757,839,high
ndro-mvp-v0.1.2-20260823,2026-08-23,HD-R-066,HD,36092363,entity,HD-R-066-E01,abstract,Huntington's disease (HD) is caused by an expanded CAG repeat in huntingtin (HTT).,0,82,high
ndro-mvp-v0.1.2-20260823,2026-08-23,HD-R-066,HD,36092363,entity,HD-R-066-E02,abstract,Huntington's disease (HD) is caused by an expanded CAG repeat in huntingtin (HTT).,0,82,high
ndro-mvp-v0.1.2-20260823,2026-08-23,HD-R-066,HD,36092363,geography,HD-R-066-G01,affiliation,"Center for Genomic Medicine, Massachusetts General Hospital, Boston, MA 02114, USA.",0,83,high
ndro-mvp-v0.1.2-20260823,2026-08-23,HD-R-066,HD,36092363,intervention,HD-R-066-I01,title,PAM-altering SNP-based allele-specific CRISPR-Cas9 therapeutic strategies for Huntington's disease.,0,99,high
ndro-mvp-v0.1.2-20260823,2026-08-23,HD-R-066,HD,36092363,method_model,HD-R-066-M01,abstract,RNA-seq and off-target analysis confirmed high levels of allele specificity and the lack of recurrent off-targeting.,1032,1148,high
ndro-mvp-v0.1.2-20260823,2026-08-23,HD-R-066,HD,36092363,outcome,HD-R-066-O01,abstract,RNA-seq and off-target analysis confirmed high levels of allele specificity and the lack of recurrent off-targeting.,1032,1148,medium
ndro-mvp-v0.1.2-20260823,2026-08-23,HD-R-066,HD,36092363,outcome,HD-R-066-O02,abstract,"Approximately 60% of HD subjects are eligible for mutant-specific CRISPR-Cas9 strategies of targeting one of these three PAS in conjunction with one non-allele-specific site, supporting high applicability of PAS-based allele-specific CRISPR approaches in the HD patient population.",1149,1430,high
ndro-mvp-v0.1.2-20260823,2026-08-23,HD-R-066,HD,36092363,population,HD-R-066-P01,abstract,"The gRNAs based on the PAM sites generated by rs2857935, rs16843804, and rs16843836 showed high levels of allele specificity in patient-derived cells.",573,723,medium
ndro-mvp-v0.1.2-20260823,2026-08-23,HD-R-070,HD,39651151,method_model,HD-R-070-M01,abstract,"Magnetic resonance imaging, while accurate in measurement of brain region structure volumes, is prohibitively expensive.",447,567,high
ndro-mvp-v0.1.2-20260823,2026-08-23,HD-R-070,HD,39651151,outcome,HD-R-070-O01,abstract,"The NAT will increase efficiency of preclinical neuropathology assessment, allowing for a greater number of experimental therapies to be tested and facilitating drug discovery intractable neurodegenerative diseases.",1554,1769,medium
ndro-mvp-v0.1.2-20260823,2026-08-23,HD-R-070,HD,39651151,population,HD-R-070-P01,abstract,"Conversely, stereological volume assessment, the process of estimating the volume of individual 3D brain regions from imaged 2D brain sections, is more commonly used.",568,734,medium
ndro-mvp-v0.1.2-20260823,2026-08-23,HD-R-076,HD,35671556,geography,HD-R-076-G01,affiliation,"Department of Neurological Surgery, University of Pittsburgh, UPMC, Pittsburgh, PA, USA.",0,88,high
ndro-mvp-v0.1.2-20260823,2026-08-23,HD-R-076,HD,35671556,geography,HD-R-076-G02,affiliation,"Department of Neurosurgery, University of Bristol, Southmead Hospital, Bristol, UK.",91,174,high
ndro-mvp-v0.1.2-20260823,2026-08-23,HD-R-076,HD,35671556,method_model,HD-R-076-M01,abstract,"We recruited sixteen patients scanned at 0-, 6-, and 12-month intervals by diffusion MRI scans for differential tractography assessment and correlated its volumetric findings with the Unified Huntington's Disease Rating Scale (UHDRS).",610,844,high
ndro-mvp-v0.1.2-20260823,2026-08-23,HD-R-076,HD,35671556,method_model,HD-R-076-M02,abstract,"We recruited sixteen patients scanned at 0-, 6-, and 12-month intervals by diffusion MRI scans for differential tractography assessment and correlated its volumetric findings with the Unified Huntington's Disease Rating Scale (UHDRS).",610,844,high
ndro-mvp-v0.1.2-20260823,2026-08-23,HD-R-076,HD,35671556,outcome,HD-R-076-O01,abstract,Differential tractography is a novel tractography modality that maps pathways with axonal injury characterized by a decrease of anisotropic diffusion pattern.,451,609,medium
ndro-mvp-v0.1.2-20260823,2026-08-23,HD-R-076,HD,35671556,outcome,HD-R-076-O02,abstract,"We recruited sixteen patients scanned at 0-, 6-, and 12-month intervals by diffusion MRI scans for differential tractography assessment and correlated its volumetric findings with the Unified Huntington's Disease Rating Scale (UHDRS).",610,844,medium
ndro-mvp-v0.1.2-20260823,2026-08-23,HD-R-076,HD,35671556,outcome,HD-R-076-O03,abstract,"Longitudinal data was modeled using the generalized estimating equation (GEE) model and correlated with UHDRS scores, in addition to Spearman correlation for cross-sectional data.",897,1076,medium
ndro-mvp-v0.1.2-20260823,2026-08-23,HD-R-076,HD,35671556,outcome,HD-R-076-O04,abstract,"Our results show that volumes of affected pathways revealed by differential tractography significantly correlated with UHDRS scores in longitudinal data (p-value < 0.001), and chronological changes in differential tractography also correlated with the changes in UHDRS (p-value < 0.001).",1077,1364,high
ndro-mvp-v0.1.2-20260823,2026-08-23,HD-R-076,HD,35671556,population,HD-R-076-P01,abstract,"Due to its diverse manifestations, the scientific community has long recognized the need for sensitive, objective, individualized, and dynamic disease assessment tools.",119,287,medium
ndro-mvp-v0.1.2-20260823,2026-08-23,HD-R-077,HD,41928095,entity,HD-R-077-E01,abstract,decreased expression of Rbfox1,1530,1560,high
ndro-mvp-v0.1.2-20260823,2026-08-23,HD-R-077,HD,41928095,entity,HD-R-077-E02,abstract,HTT itself,431,441,high
ndro-mvp-v0.1.2-20260823,2026-08-23,HD-R-077,HD,41928095,entity,HD-R-077-E03,abstract,MAPT,443,447,high
ndro-mvp-v0.1.2-20260823,2026-08-23,HD-R-077,HD,41928095,entity,HD-R-077-E04,abstract,TAF1,452,456,high
ndro-mvp-v0.1.2-20260823,2026-08-23,HD-R-077,HD,41928095,geography,HD-R-077-G01,affiliation,"Madrid, 28049, Spain",94,114,high
ndro-mvp-v0.1.2-20260823,2026-08-23,HD-R-077,HD,41928095,intervention,HD-R-077-I01,abstract,moderate neuronal RBFOX1 overexpression in HD mice,2029,2079,high
ndro-mvp-v0.1.2-20260823,2026-08-23,HD-R-077,HD,41928095,method_model,HD-R-077-M01,abstract,RT-PCR,1046,1052,high
ndro-mvp-v0.1.2-20260823,2026-08-23,HD-R-077,HD,41928095,method_model,HD-R-077-M02,abstract,Western blot analyses,1057,1078,high
ndro-mvp-v0.1.2-20260823,2026-08-23,HD-R-077,HD,41928095,method_model,HD-R-077-M03,abstract,HD mice,1323,1330,high
ndro-mvp-v0.1.2-20260823,2026-08-23,HD-R-077,HD,41928095,method_model,HD-R-077-M04,abstract,transgenic mouse lines overexpressing RBFOX1,1157,1201,high
ndro-mvp-v0.1.2-20260823,2026-08-23,HD-R-077,HD,41928095,method_model,HD-R-077-M05,abstract,performed RNA-seq,1227,1244,high
ndro-mvp-v0.1.2-20260823,2026-08-23,HD-R-077,HD,41928095,method_model,HD-R-077-M06,abstract,histopathological and motor behavioral analyses,1455,1502,high
ndro-mvp-v0.1.2-20260823,2026-08-23,HD-R-077,HD,41928095,outcome,HD-R-077-O01,abstract,correction of several HD-associated mis-splicing events,2091,2146,high
ndro-mvp-v0.1.2-20260823,2026-08-23,HD-R-077,HD,41928095,outcome,HD-R-077-O02,abstract,attenuation of neurodegeneration,2154,2186,high
ndro-mvp-v0.1.2-20260823,2026-08-23,HD-R-077,HD,41928095,outcome,HD-R-077-O03,abstract,and motor symptoms,2187,2205,high
ndro-mvp-v0.1.2-20260823,2026-08-23,HD-R-077,HD,41928095,population,HD-R-077-P01,abstract,post-mortem brain samples from HD patients,1091,1133,high
ndro-mvp-v0.1.2-20260823,2026-08-23,HD-R-078,HD,35238684,entity,HD-R-078-E01,title,"Suppression of toxicity of the mutant huntingtin protein by its interacting compound, desonide.",0,95,high
ndro-mvp-v0.1.2-20260823,2026-08-23,HD-R-078,HD,35238684,entity,HD-R-078-E02,title,"Suppression of toxicity of the mutant huntingtin protein by its interacting compound, desonide.",0,95,high
ndro-mvp-v0.1.2-20260823,2026-08-23,HD-R-078,HD,35238684,geography,HD-R-078-G01,affiliation,"Neurology Department at Huashan Hospital, State Key Laboratory of Medical Neurobiology and MOE Frontiers Center for Brain Science, School of Life Sciences, Fudan University, Shanghai 200438, China.",0,197,high
ndro-mvp-v0.1.2-20260823,2026-08-23,HD-R-078,HD,35238684,geography,HD-R-078-G02,affiliation,"Molecular and Human Genetics, Baylor College of Medicine, Houston, TX 77030.",564,640,high
ndro-mvp-v0.1.2-20260823,2026-08-23,HD-R-078,HD,35238684,intervention,HD-R-078-I01,title,"Suppression of toxicity of the mutant huntingtin protein by its interacting compound, desonide.",0,95,high
ndro-mvp-v0.1.2-20260823,2026-08-23,HD-R-078,HD,35238684,outcome,HD-R-078-O01,abstract,We further tested these compounds using secondary phenotypic screens for their effects on mHTT-induced toxicity and revealed four potential mHTT-binding compounds that may rescue HD-relevant phenotypes.,640,842,medium
ndro-mvp-v0.1.2-20260823,2026-08-23,HD-R-079,HD,40348200,entity,HD-R-079-E01,abstract,The mechanisms underlying detrimental effects of mutant Huntingtin on striatal dysfunction in Huntington's disease (HD) are not well understood.,0,144,high
ndro-mvp-v0.1.2-20260823,2026-08-23,HD-R-079,HD,40348200,entity,HD-R-079-E02,abstract,The mechanisms underlying detrimental effects of mutant Huntingtin on striatal dysfunction in Huntington's disease (HD) are not well understood.,0,144,high
ndro-mvp-v0.1.2-20260823,2026-08-23,HD-R-079,HD,40348200,geography,HD-R-079-G01,affiliation,"Institut de Génétique et de Biologie Moléculaire et Cellulaire, INSERM U1258, CNRS UMR 7104, Université de Strasbourg, Illkirch, France.",0,136,high
ndro-mvp-v0.1.2-20260823,2026-08-23,HD-R-079,HD,40348200,outcome,HD-R-079-O01,abstract,"Using a series of genetic mouse models, we investigated whether genetically reduced Rarβ expression synergizes with disease- causing mutant huntingtin (mHTT) fragment in R6/1 mice to accelerate HD-like behavioral, cellular and molecular striatal deregulations.",472,732,medium
ndro-mvp-v0.1.2-20260823,2026-08-23,HD-R-079,HD,40348200,population,HD-R-079-P01,abstract,"Using a series of genetic mouse models, we investigated whether genetically reduced Rarβ expression synergizes with disease- causing mutant huntingtin (mHTT) fragment in R6/1 mice to accelerate HD-like behavioral, cellular and molecular striatal deregulations.",472,732,high
ndro-mvp-v0.1.2-20260823,2026-08-23,HD-R-080,HD,37315450,entity,HD-R-080-E01,abstract,"FINDINGS: Cohorts differed by age, cognitive function, CAG repeat length, and select UHDRS measures.",1413,1513,high
ndro-mvp-v0.1.2-20260823,2026-08-23,HD-R-080,HD,37315450,entity,HD-R-080-E02,title,Plasma NfL as a prognostic biomarker for enriching HD-ISS stage 1 categorisation: a cross-sectional study.,0,106,high
ndro-mvp-v0.1.2-20260823,2026-08-23,HD-R-080,HD,37315450,geography,HD-R-080-G01,affiliation,"Department of Neurosciences, University of California San Diego, San Diego, CA 92093, USA; Institute for Interdisciplinary Salivary Bioscience Research, University of California Irvine, Irvine, CA 92697, USA. Electronic address: [email redacted from public snapshot].",0,253,high
ndro-mvp-v0.1.2-20260823,2026-08-23,HD-R-080,HD,37315450,method_model,HD-R-080-M01,abstract,"FINDINGS: Cohorts differed by age, cognitive function, CAG repeat length, and select UHDRS measures.",1413,1513,high
ndro-mvp-v0.1.2-20260823,2026-08-23,HD-R-080,HD,37315450,outcome,HD-R-080-O01,abstract,"We have previously shown that levels of plasma neurofilament light (NfL), a neuronal marker associated with axonal injury, are associated with predicted years to clinical motor diagnosis (CMD).",746,939,medium
ndro-mvp-v0.1.2-20260823,2026-08-23,HD-R-080,HD,37315450,outcome,HD-R-080-O02,abstract,"Our objective in the current study was to determine whether HD-ISS categorisation, particularly for stages prior to CMD, could be improved with consideration of plasma NfL levels.",940,1119,medium
ndro-mvp-v0.1.2-20260823,2026-08-23,HD-R-080,HD,37315450,outcome,HD-R-080-O03,abstract,Plasma NfL levels also differed significantly across cohorts.,1514,1575,high
ndro-mvp-v0.1.2-20260823,2026-08-23,HD-R-080,HD,37315450,outcome,HD-R-080-O04,abstract,Approximately 50% of Stage 1 participants had plasma NfL levels indicative of predicted CMD within ten years.,1576,1685,high
ndro-mvp-v0.1.2-20260823,2026-08-23,HD-R-080,HD,37315450,population,HD-R-080-P01,abstract,Approximately 50% of Stage 1 participants had plasma NfL levels indicative of predicted CMD within ten years.,1576,1685,high
ndro-mvp-v0.1.2-20260823,2026-08-23,PD-R-002,PD,21454118,geography,PD-R-002-G01,affiliation,"Institute for Ageing and Health, Newcastle University, Campus for Ageing and Vitality, Newcastle upon Tyne, UK. [email redacted from public snapshot]",0,129,high
ndro-mvp-v0.1.2-20260823,2026-08-23,PD-R-002,PD,21454118,outcome,PD-R-002-O01,abstract,"RESULTS: Despite a reduction in both visual acuity and contrast sensitivity in the residual evaluable Parkinson's disease cohort, we did not detect any differences between the two study groups for any measures of retinal thickness, in contrast to previously published work.",1206,1479,medium
ndro-mvp-v0.1.2-20260823,2026-08-23,PD-R-002,PD,21454118,outcome,PD-R-002-O02,abstract,"CONCLUSIONS: In addition to technical problems inherent in the evaluation, the lack of difference between Parkinson's disease and healthy control subjects suggests longitudinal studies, employing newer techniques, will be required to define the role of optical coherence tomography as a potential diagnostic biomarker.",1480,1798,medium
ndro-mvp-v0.1.2-20260823,2026-08-23,PD-R-002,PD,21454118,population,PD-R-002-P01,abstract,Our aim was to examine the retinal thickness of a cohort of Parkinson's disease subjects (and age-matched controls) to establish the practical utility of optical coherence tomography in a representative older Parkinson's disease group.,437,672,medium
ndro-mvp-v0.1.2-20260823,2026-08-23,PD-R-003,PD,20188092,entity,PD-R-003-E01,title,Caffeine protects against combined paraquat and maneb-induced dopaminergic neuron degeneration.,0,95,high
ndro-mvp-v0.1.2-20260823,2026-08-23,PD-R-003,PD,20188092,geography,PD-R-003-G01,affiliation,"MassGeneral Institute for Neurodegenerative Disease, Department of Neurology, Massachusetts General Hospital and Harvard Medical School, Boston, MA 02129, USA.",0,159,high
ndro-mvp-v0.1.2-20260823,2026-08-23,PD-R-003,PD,20188092,intervention,PD-R-003-I01,title,Caffeine protects against combined paraquat and maneb-induced dopaminergic neuron degeneration.,0,95,high
ndro-mvp-v0.1.2-20260823,2026-08-23,PD-R-003,PD,20188092,method_model,PD-R-003-M01,title,Caffeine protects against combined paraquat and maneb-induced dopaminergic neuron degeneration.,0,95,high
ndro-mvp-v0.1.2-20260823,2026-08-23,PD-R-003,PD,20188092,outcome,PD-R-003-O01,title,Caffeine protects against combined paraquat and maneb-induced dopaminergic neuron degeneration.,0,95,medium
ndro-mvp-v0.1.2-20260823,2026-08-23,PD-R-003,PD,20188092,outcome,PD-R-003-O02,abstract,"Environmental exposures suspected of contributing to the pathophysiology of Parkinson's disease (PD) include potentially neurotoxic pesticides, which have been linked to an increased risk of PD.",0,194,medium
ndro-mvp-v0.1.2-20260823,2026-08-23,PD-R-003,PD,20188092,outcome,PD-R-003-O03,abstract,"Conversely, possible protective factors such as the adenosine antagonist caffeine have been linked to a reduced risk of the disease.",195,327,medium
ndro-mvp-v0.1.2-20260823,2026-08-23,PD-R-003,PD,20188092,outcome,PD-R-003-O04,abstract,The number of nigral neurons positive for tyrosine hydroxylase immunoreactivity (TH+) was assessed using stereological methods and found to be significantly reduced (to 60% of control) by combined pesticide treatment.,487,704,high
ndro-mvp-v0.1.2-20260823,2026-08-23,PD-R-006,PD,20213822,geography,PD-R-006-G01,affiliation,"Department of Pharmacy, National University of Singapore, Republic of Singapore.",0,80,high
ndro-mvp-v0.1.2-20260823,2026-08-23,PD-R-006,PD,20213822,method_model,PD-R-006-M01,abstract,"Cox regression analysis revealed that older age-at-diagnosis, longer PD duration, and higher Unified Parkinson's Disease Rating Scale (UPDRS) motor scores at baseline were associated with a significantly faster progression through various H&Y stages.",1035,1285,high
ndro-mvp-v0.1.2-20260823,2026-08-23,PD-R-006,PD,20213822,method_model,PD-R-006-M02,title,Progression of Parkinson's disease as evaluated by Hoehn and Yahr stage transition times.,0,89,high
ndro-mvp-v0.1.2-20260823,2026-08-23,PD-R-006,PD,20213822,method_model,PD-R-006-M03,abstract,Kaplan-Meier (KM) survival analysis was adopted to investigate the time taken to progress through various H&Y stages.,438,555,high
ndro-mvp-v0.1.2-20260823,2026-08-23,PD-R-006,PD,20213822,outcome,PD-R-006-O01,abstract,This study was carried out to evaluate progression in Parkinson's disease (PD) by analyzing time taken to transit from one Hoehn and Yahr (H&Y) stage to the next stage and to investigate the variables that would be associated with H&Y transition times using a large PD database that contained prospectively collected information.,0,329,medium
ndro-mvp-v0.1.2-20260823,2026-08-23,PD-R-006,PD,20213822,outcome,PD-R-006-O02,abstract,"Cox regression analysis revealed that older age-at-diagnosis, longer PD duration, and higher Unified Parkinson's Disease Rating Scale (UPDRS) motor scores at baseline were associated with a significantly faster progression through various H&Y stages.",1035,1285,high
ndro-mvp-v0.1.2-20260823,2026-08-23,PD-R-006,PD,20213822,outcome,PD-R-006-O03,abstract,Gender and ethnicity were not associated with disease progression.,1286,1352,medium
ndro-mvp-v0.1.2-20260823,2026-08-23,PD-R-006,PD,20213822,outcome,PD-R-006-O04,abstract,"In conclusion, H&Y transition time is a useful measure of disease progression in PD and may be utilized in clinical studies evaluating therapeutic interventions and prognostic factors in PD.",1353,1543,medium
ndro-mvp-v0.1.2-20260823,2026-08-23,PD-R-006,PD,20213822,population,PD-R-006-P01,abstract,"A total of 695 patients (mean age: 65.2, male: 57.3%) were studied.",723,790,high
ndro-mvp-v0.1.2-20260823,2026-08-23,PD-R-011,PD,22539619,entity,PD-R-011-E01,title,Modulation of PC12 cell viability by forskolin-induced cyclic AMP levels through ERK and JNK pathways: an implication for L-DOPA-induced cytotoxicity in nigrostriatal dopamine neurons.,0,184,high
ndro-mvp-v0.1.2-20260823,2026-08-23,PD-R-011,PD,22539619,geography,PD-R-011-G01,affiliation,"College of Pharmacy and Research Center for Bioresource and Health, Chungbuk National University, Cheongju, Republic of Korea.",0,126,high
ndro-mvp-v0.1.2-20260823,2026-08-23,PD-R-011,PD,22539619,method_model,PD-R-011-M01,title,Modulation of PC12 cell viability by forskolin-induced cyclic AMP levels through ERK and JNK pathways: an implication for L-DOPA-induced cytotoxicity in nigrostriatal dopamine neurons.,0,184,high
ndro-mvp-v0.1.2-20260823,2026-08-23,PD-R-011,PD,22539619,outcome,PD-R-011-O01,abstract,"The intracellular levels of cyclic AMP (cAMP) increase in response to cytotoxic concentrations of L-DOPA in PC12 cells, and forskolin that induces intracellular cAMP levels either protects PC12 cells from L-DOPA-induced cytotoxicity or enhances cytotoxicity in a concentration-dependent manner.",0,294,medium
ndro-mvp-v0.1.2-20260823,2026-08-23,PD-R-011,PD,22539619,outcome,PD-R-011-O02,abstract,"The low levels of forskolin (0.01 and 0.1 μM)-induced cAMP increased dopamine biosynthesis and tyrosine hydroxylase (TH) phosphorylation, and induced transient phosphorylation of ERK1/2 within 1 h.",465,662,medium
ndro-mvp-v0.1.2-20260823,2026-08-23,PD-R-011,PD,22539619,outcome,PD-R-011-O03,abstract,"However, at the high levels of forskolin (1.0 and 10 μM)-induced cAMP, dopamine biosynthesis and TH phosphorylation did not increase, but rapid differentiation in neurite-like formation was observed with a steady state.",663,882,medium
ndro-mvp-v0.1.2-20260823,2026-08-23,PD-R-011,PD,22539619,outcome,PD-R-011-O04,abstract,"The high levels of forskolin-induced cAMP also induced sustained increase in ERK1/2 phosphorylation within 0.25-6 h and then led to apoptosis, which was apparently mediated by JNK1/2 and caspase-3 activation.",883,1091,medium
ndro-mvp-v0.1.2-20260823,2026-08-23,PD-R-016,PD,23368940,entity,PD-R-016-E01,abstract,CONTEXT: Neuroprotective therapy to rescue dopaminergic neurons is an important trait in the management of Parkinson's disease (PD).,0,132,high
ndro-mvp-v0.1.2-20260823,2026-08-23,PD-R-016,PD,23368940,geography,PD-R-016-G01,affiliation,"Department of Pharmacology, Poona College of Pharmacy, Bharati Vidyapeeth Deemed University, Pune, Maharashtra, India. [email redacted from public snapshot]",0,142,high
ndro-mvp-v0.1.2-20260823,2026-08-23,PD-R-016,PD,23368940,intervention,PD-R-016-I01,title,Neurobehavioral assessment of hydroalcoholic extract of Trigonella foenum-graecum seeds in rodent models of Parkinson's disease.,0,128,high
ndro-mvp-v0.1.2-20260823,2026-08-23,PD-R-016,PD,23368940,method_model,PD-R-016-M01,abstract,The effects of SFSE-T on monoamino oxidase (MAO) enzyme in vitro as well as possible side effects of SFSE-T in vivo were also evaluated.,736,872,high
ndro-mvp-v0.1.2-20260823,2026-08-23,PD-R-016,PD,23368940,method_model,PD-R-016-M02,abstract,"The effects of single dose oral treatment of SFSE-T (10, 30 or 100 mg/kg) were studied using animal models of PD, namely, 6-hydroxydopamine (6-OHDA)-induced unilateral lesions in rats, and 4-phenyl-1,2,3,6-tetrahydropyridine (MPTP)-induced neurodegeneration in C57BL/6 mice.",461,735,high
ndro-mvp-v0.1.2-20260823,2026-08-23,PD-R-016,PD,23368940,method_model,PD-R-016-M03,abstract,"The effects of single dose oral treatment of SFSE-T (10, 30 or 100 mg/kg) were studied using animal models of PD, namely, 6-hydroxydopamine (6-OHDA)-induced unilateral lesions in rats, and 4-phenyl-1,2,3,6-tetrahydropyridine (MPTP)-induced neurodegeneration in C57BL/6 mice.",461,735,high
ndro-mvp-v0.1.2-20260823,2026-08-23,PD-R-016,PD,23368940,outcome,PD-R-016-O01,abstract,CONTEXT: Neuroprotective therapy to rescue dopaminergic neurons is an important trait in the management of Parkinson's disease (PD).,0,132,medium
ndro-mvp-v0.1.2-20260823,2026-08-23,PD-R-016,PD,23368940,outcome,PD-R-016-O02,abstract,RESULTS: The concentration of TGN in a test sample of SFSE-T was found to be 82%.,873,954,high
ndro-mvp-v0.1.2-20260823,2026-08-23,PD-R-016,PD,23368940,outcome,PD-R-016-O03,abstract,"SFSE-T (30 mg/kg, oral) showed a significant increase in the number of ipsilateral rotations (45.67 rotations in 30-min period) as compared with vehicle control group (no rotations) when tested in 6-OHDA-induced unilateral lesioned rats.",955,1192,high
ndro-mvp-v0.1.2-20260823,2026-08-23,PD-R-016,PD,23368940,outcome,PD-R-016-O04,abstract,"SFSE-T (30 mg/kg, oral) showed significant reversal of motor dysfunction (spontaneous motor activity scores, speed, distance traveled and number of square crossed) caused by MPTP induced lesions in C57BL/6 mice in pretreatment (1 h) schedule but not in post-treatment (1 h) schedule.",1193,1476,high
ndro-mvp-v0.1.2-20260823,2026-08-23,PD-R-016,PD,23368940,population,PD-R-016-P01,abstract,"The effects of single dose oral treatment of SFSE-T (10, 30 or 100 mg/kg) were studied using animal models of PD, namely, 6-hydroxydopamine (6-OHDA)-induced unilateral lesions in rats, and 4-phenyl-1,2,3,6-tetrahydropyridine (MPTP)-induced neurodegeneration in C57BL/6 mice.",461,735,high
ndro-mvp-v0.1.2-20260823,2026-08-23,PD-R-017,PD,20123040,entity,PD-R-017-E01,abstract,"Genipin, the aglycon of geniposide",529,563,high
ndro-mvp-v0.1.2-20260823,2026-08-23,PD-R-017,PD,20123040,entity,PD-R-017-E02,abstract,NF-kappaB activation,1202,1222,high
ndro-mvp-v0.1.2-20260823,2026-08-23,PD-R-017,PD,20123040,entity,PD-R-017-E03,abstract,nitric oxide (NO) release,974,999,high
ndro-mvp-v0.1.2-20260823,2026-08-23,PD-R-017,PD,20123040,geography,PD-R-017-G01,affiliation,"Kyung Hee University, Yongin-si 446-701, South Korea",77,129,high
ndro-mvp-v0.1.2-20260823,2026-08-23,PD-R-017,PD,20123040,intervention,PD-R-017-I01,abstract,Genipin was effective at inhibiting,926,961,high
ndro-mvp-v0.1.2-20260823,2026-08-23,PD-R-017,PD,20123040,method_model,PD-R-017-M01,abstract,cultured rat brain microglial cells,1005,1040,high
ndro-mvp-v0.1.2-20260823,2026-08-23,PD-R-017,PD,20123040,method_model,PD-R-017-M02,abstract,LPS-stimulated microglia,1381,1405,high
ndro-mvp-v0.1.2-20260823,2026-08-23,PD-R-017,PD,20123040,method_model,PD-R-017-M03,abstract,a mouse model of brain inflammation,1515,1550,high
ndro-mvp-v0.1.2-20260823,2026-08-23,PD-R-017,PD,20123040,outcome,PD-R-017-O01,abstract,inhibiting LPS-induced nitric oxide (NO) release,951,999,high
ndro-mvp-v0.1.2-20260823,2026-08-23,PD-R-017,PD,20123040,outcome,PD-R-017-O02,abstract,reduced the LPS-stimulated production of tumor necrosis factor-alpha,1050,1118,high
ndro-mvp-v0.1.2-20260823,2026-08-23,PD-R-017,PD,20123040,outcome,PD-R-017-O03,abstract,effectively inhibited microglial activation in a mouse model,1468,1528,high
ndro-mvp-v0.1.2-20260823,2026-08-23,PD-R-018,PD,19681683,geography,PD-R-018-G01,affiliation,"Department of Neurosurgery, University of California, San Francisco, California 94143, USA. [email redacted from public snapshot]",0,117,high
ndro-mvp-v0.1.2-20260823,2026-08-23,PD-R-018,PD,19681683,intervention,PD-R-018-I01,abstract,"OBJECT: The authors discuss their method for placement of deep brain stimulation (DBS) electrodes using interventional MR (iMR) imaging and report on the accuracy of the technique, its initial clinical efficacy, and associated complications in a consecutive series of subthalamic nucleus (STN) DBS implants to treat Parkinson disease (PD).",0,339,high
ndro-mvp-v0.1.2-20260823,2026-08-23,PD-R-018,PD,19681683,method_model,PD-R-018-M01,title,Subthalamic nucleus deep brain stimulator placement using high-field interventional magnetic resonance imaging and a skull-mounted aiming device: technique and application accuracy.,0,181,high
ndro-mvp-v0.1.2-20260823,2026-08-23,PD-R-018,PD,19681683,method_model,PD-R-018-M02,abstract,"Clinical outcome was assessed using the Unified Parkinson's Disease Rating Scale part III (UPDRS III), in the off-medication state.",1124,1255,high
ndro-mvp-v0.1.2-20260823,2026-08-23,PD-R-018,PD,19681683,outcome,PD-R-018-O01,abstract,"OBJECT: The authors discuss their method for placement of deep brain stimulation (DBS) electrodes using interventional MR (iMR) imaging and report on the accuracy of the technique, its initial clinical efficacy, and associated complications in a consecutive series of subthalamic nucleus (STN) DBS implants to treat Parkinson disease (PD).",0,339,medium
ndro-mvp-v0.1.2-20260823,2026-08-23,PD-R-018,PD,19681683,outcome,PD-R-018-O02,abstract,RESULTS: Twenty-nine patients with PD underwent iMR imaging-guided placement of 53 DBS electrodes into the STN.,1256,1367,medium
ndro-mvp-v0.1.2-20260823,2026-08-23,PD-R-018,PD,19681683,outcome,PD-R-018-O03,abstract,The tip error was significantly smaller than for STN DBS electrodes implanted using traditional frame-based stereotaxy (3.1 +/- 1.41 mm).,1473,1610,high
ndro-mvp-v0.1.2-20260823,2026-08-23,PD-R-018,PD,19681683,outcome,PD-R-018-O04,abstract,"In bilaterally implanted patients, the mean improvement on the UPDRS III at 9 months postimplantation was 60%.",1778,1888,high
ndro-mvp-v0.1.2-20260823,2026-08-23,PD-R-018,PD,19681683,population,PD-R-018-P01,abstract,"Preoperative imaging, DBS implantation, and postimplantation MR imaging were integrated into a single procedure performed with the patient in a state of general anesthesia.",473,645,medium
ndro-mvp-v0.1.2-20260823,2026-08-23,PD-R-019,PD,20488273,entity,PD-R-019-E01,abstract,Hamilton Depression Rating Scale (HAMD),62,101,high
ndro-mvp-v0.1.2-20260823,2026-08-23,PD-R-019,PD,20488273,entity,PD-R-019-E02,abstract,Montgomery-Asberg Depression Rating Scale (MADRS),106,155,high
ndro-mvp-v0.1.2-20260823,2026-08-23,PD-R-019,PD,20488273,geography,PD-R-019-G01,affiliation,The Netherlands,79,94,high
ndro-mvp-v0.1.2-20260823,2026-08-23,PD-R-019,PD,20488273,method_model,PD-R-019-M01,abstract,Structured Clinical Interview for DSM-IV depressive disorder (SCID-D),349,418,high
ndro-mvp-v0.1.2-20260823,2026-08-23,PD-R-019,PD,20488273,method_model,PD-R-019-M02,abstract,Hamilton Depression Rating Scale (HAMD),62,101,high
ndro-mvp-v0.1.2-20260823,2026-08-23,PD-R-019,PD,20488273,method_model,PD-R-019-M03,abstract,Montgomery-Asberg Depression Rating Scale (MADRS),106,155,high
ndro-mvp-v0.1.2-20260823,2026-08-23,PD-R-019,PD,20488273,method_model,PD-R-019-M04,abstract,receiver operating characteristic (ROC) curves,686,732,high
ndro-mvp-v0.1.2-20260823,2026-08-23,PD-R-019,PD,20488273,outcome,PD-R-019-O01,abstract,resulted in a reduced specificity of both the HAMD and the MADRS,872,936,high
ndro-mvp-v0.1.2-20260823,2026-08-23,PD-R-019,PD,20488273,outcome,PD-R-019-O02,abstract,and an increased sensitivity of the MADRS,938,979,high
ndro-mvp-v0.1.2-20260823,2026-08-23,PD-R-019,PD,20488273,population,PD-R-019-P01,abstract,A total of 224 patients,255,278,high
ndro-mvp-v0.1.2-20260823,2026-08-23,PD-R-020,PD,23675438,entity,PD-R-020-E01,abstract,"A multiple dosing regimen by weekly intravenous administration of the nanoparticles could reduce activated casapse-3 levels, significantly improve locomotor activity and rescue dopaminergic neuronal loss and in Parkinson's disease rats' brain.",983,1226,high
ndro-mvp-v0.1.2-20260823,2026-08-23,PD-R-020,PD,23675438,geography,PD-R-020-G01,affiliation,"Key Laboratory of Smart Drug Delivery, Ministry of Education and PLA, School of Pharmacy, Fudan University, Shanghai, People's Republic of China.",0,145,high
ndro-mvp-v0.1.2-20260823,2026-08-23,PD-R-020,PD,23675438,intervention,PD-R-020-I01,title,Targeting caspase-3 as dual therapeutic benefits by RNAi facilitating brain-targeted nanoparticles in a rat model of Parkinson's disease.,0,137,high
ndro-mvp-v0.1.2-20260823,2026-08-23,PD-R-020,PD,23675438,outcome,PD-R-020-O01,abstract,"As a result, inhibition the activation of caspase-3 would exert synergistic dual effect in brain in order to prevent the progress of Parkinson's disease.",161,314,medium
ndro-mvp-v0.1.2-20260823,2026-08-23,PD-R-020,PD,23675438,outcome,PD-R-020-O02,abstract,"The resultant brain-targeted vector was complexed with caspase-3 short hairpin RNA coding plasmid DNA, yielding nanoparticles.",727,853,medium
ndro-mvp-v0.1.2-20260823,2026-08-23,PD-R-020,PD,23675438,outcome,PD-R-020-O03,abstract,"A multiple dosing regimen by weekly intravenous administration of the nanoparticles could reduce activated casapse-3 levels, significantly improve locomotor activity and rescue dopaminergic neuronal loss and in Parkinson's disease rats' brain.",983,1226,high
ndro-mvp-v0.1.2-20260823,2026-08-23,PD-R-020,PD,23675438,outcome,PD-R-020-O04,abstract,These results indicated the rabies virus glycoprotein peptide modified brain-targeted nanoparticles were promising gene delivery system for RNA interference to achieve anti-apoptotic and anti-inflammation synergistic therapeutic effects by down-regulation the expression and activation of caspase-3.,1227,1526,medium
ndro-mvp-v0.1.2-20260823,2026-08-23,PD-R-021,PD,26671120,entity,PD-R-021-E01,abstract,cardiac MIBG uptake,302,321,high
ndro-mvp-v0.1.2-20260823,2026-08-23,PD-R-021,PD,26671120,entity,PD-R-021-E02,abstract,Washout-rate (WR),1027,1044,high
ndro-mvp-v0.1.2-20260823,2026-08-23,PD-R-021,PD,26671120,geography,PD-R-021-G01,affiliation,"Toyoake, Aichi 470-1192, Japan",70,100,high
ndro-mvp-v0.1.2-20260823,2026-08-23,PD-R-021,PD,26671120,method_model,PD-R-021-M01,abstract,cardiac MIBG scintigraphy,1151,1176,high
ndro-mvp-v0.1.2-20260823,2026-08-23,PD-R-021,PD,26671120,method_model,PD-R-021-M02,abstract,Unified Parkinson's Disease Rating Scale (UPDRS) motor score,495,555,high
ndro-mvp-v0.1.2-20260823,2026-08-23,PD-R-021,PD,26671120,method_model,PD-R-021-M03,abstract,clinically followed up during 29.9 ± 27.6 months,335,383,medium
ndro-mvp-v0.1.2-20260823,2026-08-23,PD-R-021,PD,26671120,outcome,PD-R-021-O01,abstract,significantly lower cardiac MIBG H/M ratio in the delayed phase,942,1005,high
ndro-mvp-v0.1.2-20260823,2026-08-23,PD-R-021,PD,26671120,outcome,PD-R-021-O02,abstract,Washout-rate (WR) was significantly higher in probable PD cases,1027,1090,high
ndro-mvp-v0.1.2-20260823,2026-08-23,PD-R-021,PD,26671120,outcome,PD-R-021-O03,abstract,H/M ratio showed a significant decrease and WR significantly increased,1209,1279,high
ndro-mvp-v0.1.2-20260823,2026-08-23,PD-R-021,PD,26671120,population,PD-R-021-P01,abstract,154 non-demented patients showing parkinsonism,243,289,high
ndro-mvp-v0.1.2-20260823,2026-08-23,PD-R-021,PD,26671120,population,PD-R-021-P02,abstract,probable PD group (N=37),717,741,high
ndro-mvp-v0.1.2-20260823,2026-08-23,PD-R-021,PD,26671120,population,PD-R-021-P03,abstract,other groups (N=117),746,766,high
ndro-mvp-v0.1.2-20260823,2026-08-23,PD-R-021,PD,26671120,population,PD-R-021-P04,abstract,Among 16 probable PD patients undergoing serial cardiac MIBG scintigraphy,1103,1176,high
ndro-mvp-v0.1.2-20260823,2026-08-23,PD-R-023,PD,27356592,geography,PD-R-023-G01,affiliation,"a Neurological Rehabilitation Unit , IRCCS National Neurological Institute ""C. Mondino"" Foundation , Pavia , Italy.",0,115,high
ndro-mvp-v0.1.2-20260823,2026-08-23,PD-R-023,PD,27356592,outcome,PD-R-023-O01,abstract,AIM: Evidence suggests that falls and associated bone fractures are more frequent in patients suffering from Parkinson's disease (PD) than in the general population.,0,165,medium
ndro-mvp-v0.1.2-20260823,2026-08-23,PD-R-023,PD,27356592,outcome,PD-R-023-O02,abstract,"In this cross-sectional study we evaluated the clinical and biochemical characteristics that are associated to falls, fractures and bone health in a population of PD subjects.",166,341,medium
ndro-mvp-v0.1.2-20260823,2026-08-23,PD-R-023,PD,27356592,outcome,PD-R-023-O03,abstract,"RESULTS: We detected a greater degree of osteoporosis in PD subjects as compared to controls, more pronounced in males than in females (Z-score: M -3.8 ± 1.6, F -2.28 ± 0.92, p = 0.0006).",742,929,high
ndro-mvp-v0.1.2-20260823,2026-08-23,PD-R-023,PD,27356592,outcome,PD-R-023-O04,abstract,These were associated to post-traumatic fractures in 16 subjects (59% of fallers).,1094,1176,high
ndro-mvp-v0.1.2-20260823,2026-08-23,PD-R-023,PD,27356592,population,PD-R-023-P01,abstract,These were associated to post-traumatic fractures in 16 subjects (59% of fallers).,1094,1176,high
ndro-mvp-v0.1.2-20260823,2026-08-23,PD-R-027,PD,25537852,entity,PD-R-027-E01,abstract,"Ex vivo studies indicated that both acute and chronic administration of salsolinol did not affect the dopamine metabolism, its striatal concentration or α-synuclein and tyrosine hydroxylase protein level in the rat substantia nigra and striatum.",1634,1879,high
ndro-mvp-v0.1.2-20260823,2026-08-23,PD-R-027,PD,25537852,entity,PD-R-027-E02,abstract,"Ex vivo studies indicated that both acute and chronic administration of salsolinol did not affect the dopamine metabolism, its striatal concentration or α-synuclein and tyrosine hydroxylase protein level in the rat substantia nigra and striatum.",1634,1879,high
ndro-mvp-v0.1.2-20260823,2026-08-23,PD-R-027,PD,25537852,entity,PD-R-027-E03,abstract,"In this study, we evaluated the effect of different (50, 100, and 500 µM) concentrations of salsolinol on markers of glutamate-induced apoptotic and neurotoxic cell damage, such as caspase-3 activity, lactate dehydrogenase (LDH) release, and the loss of mitochondrial membrane potential.",245,532,high
ndro-mvp-v0.1.2-20260823,2026-08-23,PD-R-027,PD,25537852,geography,PD-R-027-G01,affiliation,"Department of Neurochemistry, Institute of Pharmacology Polish Academy of Sciences, 12 Smętna Street, 31-343, Kraków, Poland, [email redacted from public snapshot].",0,151,high
ndro-mvp-v0.1.2-20260823,2026-08-23,PD-R-027,PD,25537852,method_model,PD-R-027-M01,abstract,The assessment of all investigated parameters was performed in primary cultures of rat or mouse hippocampal and striatum cells.,729,856,high
ndro-mvp-v0.1.2-20260823,2026-08-23,PD-R-027,PD,25537852,method_model,PD-R-027-M02,abstract,"In this study, we evaluated the effect of different (50, 100, and 500 µM) concentrations of salsolinol on markers of glutamate-induced apoptotic and neurotoxic cell damage, such as caspase-3 activity, lactate dehydrogenase (LDH) release, and the loss of mitochondrial membrane potential.",245,532,high
ndro-mvp-v0.1.2-20260823,2026-08-23,PD-R-027,PD,25537852,outcome,PD-R-027-O01,abstract,"Our study showed that salsolinol had biphasic effects, namely, at lower concentrations (50 and 100 µM), it demonstrated a distinct neuroprotective activity, whereas in the highest one (500 µM) caused neurotoxic effect.",857,1075,medium
ndro-mvp-v0.1.2-20260823,2026-08-23,PD-R-027,PD,25537852,outcome,PD-R-027-O02,abstract,Salsolinol in concentrations of 50 and 100 µM significantly antagonized the pro-apoptotic and neurotoxic effects caused by 1 mM glutamate.,1076,1214,high
ndro-mvp-v0.1.2-20260823,2026-08-23,PD-R-027,PD,25537852,outcome,PD-R-027-O03,abstract,Salsolinol diminished the number of bright fragmented nuclei with condensed chromatin and increased cell survival in Hoechst 33342 and calcein AM staining in hippocampal cultures.,1215,1394,medium
ndro-mvp-v0.1.2-20260823,2026-08-23,PD-R-027,PD,25537852,outcome,PD-R-027-O04,abstract,"Additionally, in the low 50 µM concentration, it produced a significant inhibition of glutamate-induced loss of membrane mitochondrial potential.",1395,1540,high
ndro-mvp-v0.1.2-20260823,2026-08-23,PD-R-029,PD,24700259,geography,PD-R-029-G01,affiliation,"Research Service, Michael E. DeBakey Veterans Affairs Medical Center, Houston, TX.",0,82,high
ndro-mvp-v0.1.2-20260823,2026-08-23,PD-R-029,PD,24700259,outcome,PD-R-029-O01,abstract,RESULTS: Frequent fallers had more ADL limitations than nonfallers (p < .001) and rare fallers (p = .004).,500,606,high
ndro-mvp-v0.1.2-20260823,2026-08-23,PD-R-029,PD,24700259,outcome,PD-R-029-O02,abstract,CONCLUSIONS: Falls and fear of falling were associated with more ADL limitations and less physical activity after adjusting for physical impairments.,955,1104,medium
ndro-mvp-v0.1.2-20260823,2026-08-23,PD-R-029,PD,24700259,population,PD-R-029-P01,abstract,"AIM: To investigate the relationships between falls, fear of falling, and activity limitations in individuals with Parkinson's disease (PD).",0,140,medium
ndro-mvp-v0.1.2-20260823,2026-08-23,PD-R-030,PD,26797368,geography,PD-R-030-G01,affiliation,"1 Department of Neurology, First Affiliated Hospital of Fujian Medical University, No. 20, Chazhong Rd, Fuzhou City, Fuzhou Province 350005, China.",0,147,high
ndro-mvp-v0.1.2-20260823,2026-08-23,PD-R-030,PD,26797368,method_model,PD-R-030-M01,abstract,MATERIALS AND METHODS: Thirty patients with PD who underwent proton MR spectroscopy ((1)H-MRS) and for whom a Hoehn-Yahr stage and a UPDRS score for PD were determined were retrospectively reviewed.,317,515,high
ndro-mvp-v0.1.2-20260823,2026-08-23,PD-R-030,PD,26797368,method_model,PD-R-030-M02,abstract,OBJECTIVE: This retrospective study aimed to examine the relationship between the ratio of N-acetyl aspartate (NAA) to creatine in the substantia nigra (SN) and globus pallidus (GP) and the Hoehn-Yahr stage and Unified Parkinson Disease Rating Scale (UPDRS) score determined for patients with Parkinson disease (PD).,0,316,high
ndro-mvp-v0.1.2-20260823,2026-08-23,PD-R-030,PD,26797368,outcome,PD-R-030-O01,abstract,RESULTS: The mean (± SD) age of the patients was 67.7 (± 10.6) years.,601,670,medium
ndro-mvp-v0.1.2-20260823,2026-08-23,PD-R-030,PD,26797368,outcome,PD-R-030-O02,abstract,The NC ratio (the NAA-to-creatine ratio for the initially symptomatic side or the body divided by the NAA-to-creatine ratio for the contralateral side) for the bilateral GP (BGPNC) was significantly lower in the patients with stages 1-2 PD than in the patients with stages 3-5 PD (0.68 ± 0.23 vs 0.84 ± 0.11; p = 0.023).,809,1129,high
ndro-mvp-v0.1.2-20260823,2026-08-23,PD-R-030,PD,26797368,outcome,PD-R-030-O03,abstract,The NAA-to-creatine ratio for the initially symptomatic side of the SN was negatively correlated with the UPDRS score (r = -0.379; p = 0.039).,1130,1272,high
ndro-mvp-v0.1.2-20260823,2026-08-23,PD-R-030,PD,26797368,outcome,PD-R-030-O04,abstract,"CONCLUSION: In early PD, the changes in the GP are more pronounced on the side affected at the onset of PD, which may contribute to the development of asymmetric symptoms and signs.",1273,1454,medium
ndro-mvp-v0.1.2-20260823,2026-08-23,PD-R-030,PD,26797368,population,PD-R-030-P01,abstract,"Fourteen patients had PD of Hoehn-Yahr stages 1-2, and 16 patients had PD of Hoehn-Yahr stages 3-5.",709,808,high
ndro-mvp-v0.1.2-20260823,2026-08-23,PD-R-031,PD,27812756,geography,PD-R-031-G01,affiliation,"Anatomy and Histology Section, Department of Neurosciences, Biomedicine and Movement Sciences, University of Verona, Strada le Grazie, 37134, Verona, Italy.",0,156,high
ndro-mvp-v0.1.2-20260823,2026-08-23,PD-R-031,PD,27812756,geography,PD-R-031-G02,affiliation,"Division of Neurology, Morton and Gloria Shulman Movement Disorders Clinic and the Edmond J. Safra Program in Parkinson's Disease, Toronto Western Hospital, UHN, University of Toronto, Toronto, ON, Canada.",290,495,high
ndro-mvp-v0.1.2-20260823,2026-08-23,PD-R-031,PD,27812756,geography,PD-R-031-G03,affiliation,"Krembil Research Institute, Toronto, ON, Canada.",498,546,high
ndro-mvp-v0.1.2-20260823,2026-08-23,PD-R-031,PD,27812756,outcome,PD-R-031-O01,abstract,"Although scores decreased over time, no significant difference was found between global taste scores of first and second evaluation, neither comparing every single taste quality (WMT: p = 0.234, Mann-Whitney U test; TST: p = 0.747, Mann-Whitney U test; McNemar chi-square in the range of 0-1.455).",868,1165,high
ndro-mvp-v0.1.2-20260823,2026-08-23,PD-R-031,PD,27812756,outcome,PD-R-031-O02,abstract,"These results confirm a persistent but slight and stable taste impairment, in patients with Parkinson's disease.",1166,1278,medium
ndro-mvp-v0.1.2-20260823,2026-08-23,PD-R-031,PD,27812756,population,PD-R-031-P01,abstract,"A group of 26 patients was re-examined (16 males and 10 females; mean age 70.9 ± 8.4 years, range 54-88 years).",426,537,high
ndro-mvp-v0.1.2-20260823,2026-08-23,PD-R-031,PD,27812756,population,PD-R-031-P02,abstract,"A group of 26 patients was re-examined (16 males and 10 females; mean age 70.9 ± 8.4 years, range 54-88 years).",426,537,medium
ndro-mvp-v0.1.2-20260823,2026-08-23,PD-R-038,PD,24753662,geography,PD-R-038-G01,affiliation,"Department of Neurology, Institute of Neurology, Madras Medical College, Chennai, Tamil Nadu, India.",0,100,high
ndro-mvp-v0.1.2-20260823,2026-08-23,PD-R-038,PD,24753662,outcome,PD-R-038-O01,abstract,RESULTS: All of them completed the task of swallowing.,810,864,medium
ndro-mvp-v0.1.2-20260823,2026-08-23,PD-R-038,PD,24753662,outcome,PD-R-038-O02,abstract,"The PD patients showed decreased swallowing speed (7.15 ml/s in males and 6.61 ml/s in females), decreased swallowing volume (14.59 ml/swallow and 14 ml/swallow in females), and increased swallowing duration (2.37 s/swallow and 2.42 s/swallow) which are statistically significant.",1013,1293,high
ndro-mvp-v0.1.2-20260823,2026-08-23,PD-R-038,PD,24753662,outcome,PD-R-038-O03,abstract,"There was a significant positive correlation between the severity, duration, and staging of the disease with the swallowing performance and a poor correlation between the subjective reports of dysphagia and the objective performance on water swallow test.",1294,1549,high
ndro-mvp-v0.1.2-20260823,2026-08-23,PD-R-038,PD,24753662,outcome,PD-R-038-O04,abstract,CONCLUSION: The water swallowing test is a simple bedside test to identify the swallowing changes early in PD.,1550,1660,medium
ndro-mvp-v0.1.2-20260823,2026-08-23,PD-R-038,PD,24753662,population,PD-R-038-P01,abstract,OBJECTIVES: To evaluate the swallowing ability of the PD patients and to correlate it with the indicators of disease progression.,143,272,medium
ndro-mvp-v0.1.2-20260823,2026-08-23,PD-R-039,PD,24357102,geography,PD-R-039-G01,affiliation,"Department of Neurology, School of Medicine, University of Washington, Seattle, WA, USA.",0,88,high
ndro-mvp-v0.1.2-20260823,2026-08-23,PD-R-039,PD,24357102,method_model,PD-R-039-M01,abstract,"We used logistic regression models and controlled for age, sex, African American race, and education.",788,889,high
ndro-mvp-v0.1.2-20260823,2026-08-23,PD-R-039,PD,24357102,outcome,PD-R-039-O01,abstract,PURPOSE: We sought to improve a previous algorithm to ascertain Parkinson's disease (PD) in the Cardiovascular Health Study by incorporating additional data from Medicare outpatient claims.,0,189,medium
ndro-mvp-v0.1.2-20260823,2026-08-23,PD-R-039,PD,24357102,outcome,PD-R-039-O02,abstract,"We compared our results to the previous algorithm in terms of baseline prevalence and incidence of PD, as well as associations with baseline smoking characteristics.",190,355,medium
ndro-mvp-v0.1.2-20260823,2026-08-23,PD-R-039,PD,24357102,outcome,PD-R-039-O03,abstract,RESULTS: We identified 75 additional cases but reclassified 80 previously identified cases as not having PD.,890,998,medium
ndro-mvp-v0.1.2-20260823,2026-08-23,PD-R-039,PD,24357102,outcome,PD-R-039-O04,abstract,"We observed significant inverse association with smoking status (odds ratio = 0.42; 95% confidence interval (CI) = 0.22, 0.79), and inverse linear trends with pack-years (p = 0.005), and cigarettes per day (p = 0.019) with incident PD.",999,1234,high
ndro-mvp-v0.1.2-20260823,2026-08-23,PD-R-039,PD,24357102,population,PD-R-039-P01,title,Enhancing case ascertainment of Parkinson's disease using Medicare claims data in a population-based cohort: the Cardiovascular Health Study.,0,141,medium
ndro-mvp-v0.1.2-20260823,2026-08-23,PD-R-044,PD,34512944,geography,PD-R-044-G01,affiliation,"Department of Functional Neurosurgery, The Affiliated Brain Hospital of Nanjing Medical University, Nanjing 210029, China.",0,122,high
ndro-mvp-v0.1.2-20260823,2026-08-23,PD-R-044,PD,34512944,intervention,PD-R-044-I01,title,Altered Regional Homogeneity and Functional Connectivity during Microlesion Period after Deep Brain Stimulation in Parkinson's Disease.,0,135,high
ndro-mvp-v0.1.2-20260823,2026-08-23,PD-R-044,PD,34512944,method_model,PD-R-044-M01,abstract,METHOD: Resting-state functional MRI data were collected from 27 PD patients before and after the first day of DBS and 12 healthy controls (HCs) in this study.,558,717,high
ndro-mvp-v0.1.2-20260823,2026-08-23,PD-R-044,PD,34512944,outcome,PD-R-044-O01,abstract,"RESULTS: There were increased ReHo in the basal ganglia-thalamocortical circuit (left supplementary motor area and bilateral paracentral lobule), whereas decreased ReHo in the default mode network (DMN) (left angular gyrus, bilateral precuneus), prefrontal cortex (bilateral middle frontal gyrus), and the cerebello-thalamocortical (CTC) circuit (Cerebellum_crus2/1_L) after DBS.",847,1226,medium
ndro-mvp-v0.1.2-20260823,2026-08-23,PD-R-044,PD,34512944,outcome,PD-R-044-O02,abstract,"CONCLUSION: Microlesion of the thalamus caused by electrode implantation can alter the activity of the basal ganglia-thalamocortical circuit, prefrontal cortex, DMN, and CTC circuit and induce abnormal FC in the lingual gyrus, cerebellum, prefrontal cortex, and DMN among PD patients.",1309,1593,medium
ndro-mvp-v0.1.2-20260823,2026-08-23,PD-R-044,PD,34512944,population,PD-R-044-P01,abstract,BACKGROUND: Patients with Parkinson's disease (PD) undergoing deep brain electrode implantation experience a temporary improvement in motor symptoms before the electrical stimulation begins.,0,190,medium
ndro-mvp-v0.1.2-20260823,2026-08-23,PD-R-047,PD,31995497,outcome,PD-R-047-O01,title,Prediction of Freezing of Gait in Patients With Parkinson's Disease by Identifying Impaired Gait Patterns.,0,106,medium
ndro-mvp-v0.1.2-20260823,2026-08-23,PD-R-047,PD,31995497,outcome,PD-R-047-O02,abstract,"Freezing of gait (FoG) prediction, combined with rhythmic laser cues, may help Parkinson's disease (PD) patients overcome FoG episodes.",0,135,medium
ndro-mvp-v0.1.2-20260823,2026-08-23,PD-R-047,PD,31995497,outcome,PD-R-047-O03,abstract,This study aimed to utilize the impaired gait patterns preceding FoG to build a machine-learning-based model for FoG prediction.,136,264,medium
ndro-mvp-v0.1.2-20260823,2026-08-23,PD-R-047,PD,31995497,outcome,PD-R-047-O04,abstract,"Step-based impaired gait features and conventional FoG detection features were extracted from the signals, based on which two FoG prediction models were built using AdaBoost to validate if the use of the impaired gait features can better predict FoG.",443,693,medium
ndro-mvp-v0.1.2-20260823,2026-08-23,PD-R-047,PD,31995497,population,PD-R-047-P01,title,Prediction of Freezing of Gait in Patients With Parkinson's Disease by Identifying Impaired Gait Patterns.,0,106,medium
ndro-mvp-v0.1.2-20260823,2026-08-23,PD-R-048,PD,30069080,geography,PD-R-048-G01,affiliation,"Parkinson's Clinic of Eastern Toronto and Movement Disorders Centre, Toronto, Ontario, Canada.",0,94,high
ndro-mvp-v0.1.2-20260823,2026-08-23,PD-R-048,PD,30069080,method_model,PD-R-048-M01,abstract,"Our study strives to fulfill these deficits in the literature as we set out to determine the impact of progression of PD, age, gender, and Hoehn and Yahr (H and Y) staging of PD on generalized anxiety.",291,492,high
ndro-mvp-v0.1.2-20260823,2026-08-23,PD-R-048,PD,30069080,outcome,PD-R-048-O01,abstract,RESULTS: This study consisted of 310 patients with PD among whom 12% had generalized anxiety.,670,763,high
ndro-mvp-v0.1.2-20260823,2026-08-23,PD-R-048,PD,30069080,outcome,PD-R-048-O02,abstract,Neither age nor gender was significant onset predictors at P = 0.05.,764,832,high
ndro-mvp-v0.1.2-20260823,2026-08-23,PD-R-048,PD,30069080,outcome,PD-R-048-O03,abstract,The impact of progression of H and Y Stages 2-3 and 2-4 increased the odds of generalized anxiety disorder (GAD) prevalence though it was statistically insignificant at P = 0.05.,833,1011,high
ndro-mvp-v0.1.2-20260823,2026-08-23,PD-R-048,PD,30069080,outcome,PD-R-048-O04,abstract,CONCLUSIONS: Clinicians should not expect the risk of developing anxiety to depend on gender nor change as a function of age though it may increase with symptomatic progression of PD as outlined by H and Y.,1012,1218,medium
ndro-mvp-v0.1.2-20260823,2026-08-23,PD-R-048,PD,30069080,population,PD-R-048-P01,abstract,RESULTS: This study consisted of 310 patients with PD among whom 12% had generalized anxiety.,670,763,high
ndro-mvp-v0.1.2-20260823,2026-08-23,PD-R-050,PD,29307561,entity,PD-R-050-E01,abstract,Both ageing and Parkinson's disease have an impact on dopamine neurotransmission.,116,197,high
ndro-mvp-v0.1.2-20260823,2026-08-23,PD-R-050,PD,29307561,geography,PD-R-050-G01,affiliation,"Department of Psychiatry, Stellenbosch University, South Africa. Electronic address: [email redacted from public snapshot].",0,105,high
ndro-mvp-v0.1.2-20260823,2026-08-23,PD-R-050,PD,29307561,geography,PD-R-050-G02,affiliation,"University of Amsterdam, The Netherlands. Electronic address: [email redacted from public snapshot].",108,194,high
ndro-mvp-v0.1.2-20260823,2026-08-23,PD-R-050,PD,29307561,outcome,PD-R-050-O01,abstract,"RESULTS: Relative to the two control groups, Parkinson's disease patients had abnormal task related activity during both reward anticipation in the ventral striatum and reward outcome in the orbitofrontal cortex.",1132,1344,medium
ndro-mvp-v0.1.2-20260823,2026-08-23,PD-R-050,PD,29307561,outcome,PD-R-050-O02,abstract,There were no effects of ageing.,1345,1377,medium
ndro-mvp-v0.1.2-20260823,2026-08-23,PD-R-050,PD,29307561,outcome,PD-R-050-O03,abstract,CONCLUSION: These findings demonstrate abnormalities in anticipatory as well as reward outcome processing while treated primarily with levodopa.,1378,1522,medium
ndro-mvp-v0.1.2-20260823,2026-08-23,PD-R-050,PD,29307561,population,PD-R-050-P01,abstract,"Abnormal responses during reward processing have previously been demonstrated in whole-brain analysis of Parkinson's patients with mild lateralized disease, but the exact impact in regions specific to reward processing is still unknown.",424,660,medium
ndro-mvp-v0.1.2-20260823,2026-08-23,PD-R-054,PD,33004605,entity,PD-R-054-E01,abstract,Dopamine agonist use was higher in people with only ICD compared to people with only apathy.,942,1034,high
ndro-mvp-v0.1.2-20260823,2026-08-23,PD-R-054,PD,33004605,outcome,PD-R-054-O01,abstract,"RESULTS: Prevalence rates included 29.0% of patients with PD with depression, 40.7% with anxiety, 41.3% with apathy, 27.6% with ICDs, and 17.0% with both apathy and ICD.",498,667,high
ndro-mvp-v0.1.2-20260823,2026-08-23,PD-R-054,PD,33004605,outcome,PD-R-054-O02,abstract,"The majority (61.6%) of people reporting clinically significant ICDs also reported clinically significant apathy, and more than a third of patients with apathy (41.3%) also reported elevated ICD.",668,863,high
ndro-mvp-v0.1.2-20260823,2026-08-23,PD-R-054,PD,33004605,outcome,PD-R-054-O03,abstract,Mood significantly interacted with demographic variables to predict motivational disturbances.,1035,1129,high
ndro-mvp-v0.1.2-20260823,2026-08-23,PD-R-054,PD,33004605,outcome,PD-R-054-O04,abstract,CONCLUSIONS: Motivational disturbances are common comorbid conditions in patients with PD.,1130,1220,medium
ndro-mvp-v0.1.2-20260823,2026-08-23,PD-R-054,PD,33004605,population,PD-R-054-P01,abstract,"METHODS: In this single-center, cross-sectional study, we obtained retrospective demographics and clinical data for 887 patients with idiopathic Parkinson disease (PD) seen at a tertiary care center.",148,347,high
ndro-mvp-v0.1.2-20260823,2026-08-23,PD-R-055,PD,35082741,entity,PD-R-055-E01,abstract,freezing of gait (FOG),55,77,high
ndro-mvp-v0.1.2-20260823,2026-08-23,PD-R-055,PD,35082741,geography,PD-R-055-G01,affiliation,"Amsterdam, Netherlands",144,166,high
ndro-mvp-v0.1.2-20260823,2026-08-23,PD-R-055,PD,35082741,intervention,PD-R-055-I01,abstract,wearing the unfamiliar HoloLens,702,733,high
ndro-mvp-v0.1.2-20260823,2026-08-23,PD-R-055,PD,35082741,intervention,PD-R-055-I02,abstract,Holocue on alleviating FOG,591,617,high
ndro-mvp-v0.1.2-20260823,2026-08-23,PD-R-055,PD,35082741,method_model,PD-R-055-M01,abstract,Three sessions were conducted,643,672,high
ndro-mvp-v0.1.2-20260823,2026-08-23,PD-R-055,PD,35082741,method_model,PD-R-055-M02,abstract,HoloLens 1 mixed-reality headset,175,207,high
ndro-mvp-v0.1.2-20260823,2026-08-23,PD-R-055,PD,35082741,method_model,PD-R-055-M03,abstract,number and duration of FOG episodes,1089,1124,high
ndro-mvp-v0.1.2-20260823,2026-08-23,PD-R-055,PD,35082741,outcome,PD-R-055-O01,abstract,did significantly increase the number and duration of FOG episodes,1058,1124,high
ndro-mvp-v0.1.2-20260823,2026-08-23,PD-R-055,PD,35082741,outcome,PD-R-055-O02,abstract,this unfamiliarity effect disappeared with habituation over sessions,1130,1198,high
ndro-mvp-v0.1.2-20260823,2026-08-23,PD-R-055,PD,35082741,outcome,PD-R-055-O03,abstract,Holocue had overall no immediate effect on FOG,1434,1480,high
ndro-mvp-v0.1.2-20260823,2026-08-23,PD-R-055,PD,35082741,outcome,PD-R-055-O04,abstract,objective and subjective benefits were observed for some individuals,1491,1559,high
ndro-mvp-v0.1.2-20260823,2026-08-23,PD-R-055,PD,35082741,population,PD-R-055-P01,abstract,"24 Parkinson's disease patients with dopaminergic ""ON state"" FOG",357,421,high
ndro-mvp-v0.1.2-20260823,2026-08-23,PD-R-056,PD,31946640,method_model,PD-R-056-M01,title,A 3D Deep Residual Convolutional Neural Network for Differential Diagnosis of Parkinsonian Syndromes on 18F-FDG PET Images.,0,123,high
ndro-mvp-v0.1.2-20260823,2026-08-23,PD-R-056,PD,31946640,method_model,PD-R-056-M02,title,A 3D Deep Residual Convolutional Neural Network for Differential Diagnosis of Parkinsonian Syndromes on 18F-FDG PET Images.,0,123,high
ndro-mvp-v0.1.2-20260823,2026-08-23,PD-R-056,PD,31946640,outcome,PD-R-056-O01,abstract,"Unlike these conventional machine learning methods relying on hand-crafted features, the deep convolutional neural networks, which have achieved significant success in medical applications recently, have the advantage of learning salient feature representations automatically and effectively.",482,774,high
ndro-mvp-v0.1.2-20260823,2026-08-23,PD-R-056,PD,31946640,outcome,PD-R-056-O02,abstract,"In addition to improving the accuracy in the differential diagnosis of parkinsonism compared to state-of-the-art approaches, the deep learning methods also discovered saliency features in a number of critical regions (e.g., midbrain), which are widely accepted as characteristic pathological regions for movement disorders but were ignored in the conventional analysis of FDG PET images.",1262,1649,medium
ndro-mvp-v0.1.2-20260823,2026-08-23,PD-R-056,PD,31946640,population,PD-R-056-P01,abstract,The proposed method was evaluated on a dataset with 920 patients.,1196,1261,high
ndro-mvp-v0.1.2-20260823,2026-08-23,PD-R-062,PD,38815233,entity,PD-R-062-E01,title,Differential Vulnerability of Hippocampal Subfields to Amyloid and Tau Deposition in the Lewy Body Diseases.,0,108,high
ndro-mvp-v0.1.2-20260823,2026-08-23,PD-R-062,PD,38815233,method_model,PD-R-062-M01,abstract,Participants underwent neuropsychological testing and 3T-MRI with hippocampal segmentation using FreeSurferV7.,527,637,high
ndro-mvp-v0.1.2-20260823,2026-08-23,PD-R-062,PD,38815233,method_model,PD-R-062-M02,abstract,PiB-PET and flortaucipir-PET imaging of comorbid β-amyloid (A) and tau (T) were acquired.,638,727,high
ndro-mvp-v0.1.2-20260823,2026-08-23,PD-R-062,PD,38815233,method_model,PD-R-062-M03,abstract,Participants underwent neuropsychological testing and 3T-MRI with hippocampal segmentation using FreeSurferV7.,527,637,high
ndro-mvp-v0.1.2-20260823,2026-08-23,PD-R-062,PD,38815233,method_model,PD-R-062-M04,abstract,The effects of AD-related deposits on the rate of subregion atrophy were evaluated with mixed-effects models.,985,1094,high
ndro-mvp-v0.1.2-20260823,2026-08-23,PD-R-062,PD,38815233,outcome,PD-R-062-O01,abstract,"RESULTS: Of 103 participants (mean age: 70.3 years; 37.3% female), 52 had LBD with impaired cognition (LBD-I), 26 had normal cognition (LBD-N), and 25 were A- healthy controls (HCs).",1095,1277,high
ndro-mvp-v0.1.2-20260823,2026-08-23,PD-R-062,PD,38815233,outcome,PD-R-062-O02,abstract,"Volumes of hippocampal subregions prone to AD copathologies, including subiculum (F = 6.9, p = 0.002), presubiculum (F = 7.3, p = 0.001), and parasubiculum (F = 5.9, p = 0.004), were reduced in LBD-I compared with LBD-N and HC.",1278,1505,high
ndro-mvp-v0.1.2-20260823,2026-08-23,PD-R-062,PD,38815233,outcome,PD-R-062-O03,abstract,"In LBD-I, reduced CA1, subiculum, and presubiculum volumes were associated with greater functional cognitive impairment (all p < 0.05).",1576,1711,high
ndro-mvp-v0.1.2-20260823,2026-08-23,PD-R-062,PD,38815233,outcome,PD-R-062-O04,abstract,"Compared with HC, subiculum volume was reduced in A+T+ but not A-T- participants (F = 2.62, p = 0.043).",1712,1815,high
ndro-mvp-v0.1.2-20260823,2026-08-23,PD-R-062,PD,38815233,population,PD-R-062-P01,abstract,"RESULTS: Of 103 participants (mean age: 70.3 years; 37.3% female), 52 had LBD with impaired cognition (LBD-I), 26 had normal cognition (LBD-N), and 25 were A- healthy controls (HCs).",1095,1277,high
ndro-mvp-v0.1.2-20260823,2026-08-23,PD-R-063,PD,37983933,geography,PD-R-063-G01,affiliation,"Department of Pharmacy, Peking University Third Hospital, Beijing, China.",0,73,high
ndro-mvp-v0.1.2-20260823,2026-08-23,PD-R-063,PD,37983933,geography,PD-R-063-G02,affiliation,"Department of Health Research Methods, Evidence, and Impact, McMaster University, Hamilton, Ontario, Canada.",269,377,high
ndro-mvp-v0.1.2-20260823,2026-08-23,PD-R-063,PD,37983933,intervention,PD-R-063-I01,title,"Comparison of the effectiveness, safety, and costs of anti-Parkinson drugs: A multiple-center retrospective study.",0,114,high
ndro-mvp-v0.1.2-20260823,2026-08-23,PD-R-063,PD,37983933,outcome,PD-R-063-O01,abstract,RESULTS: A total of 384 patients with eligible medical records for three consecutive years were enrolled.,578,683,medium
ndro-mvp-v0.1.2-20260823,2026-08-23,PD-R-063,PD,37983933,outcome,PD-R-063-O02,abstract,"Patients treated with carbidopa/levodopa or levodopa/benserazide had significantly lower mean ΔLEDs than other groups (p < 0.01), followed by pramipexole and selegiline.",684,853,high
ndro-mvp-v0.1.2-20260823,2026-08-23,PD-R-063,PD,37983933,outcome,PD-R-063-O03,abstract,"Meanwhile, LEDc in the levodopa/benserazide, carbidopa/levodopa, and piribedil groups were significantly lower than those in pramipexole or selegiline groups ($0.088-0.135/day for levodopa/benserazide; $0.070-0.126/day for carbidopa/levodopa; $0.112-0.138/day for piribedil; $0.290-0.332/day for pramipexole; $0.229-0.544/day for selegiline; p < 0.01).",976,1328,high
ndro-mvp-v0.1.2-20260823,2026-08-23,PD-R-063,PD,37983933,outcome,PD-R-063-O04,abstract,"CONCLUSIONS: Carbidopa/levodopa or levodopa/benserazide might exhibit better clinical improvement with less medical cost, while piribedil presented less clinical improvement but a higher risk of headache/dizziness, gastrointestinal, and neuropsychiatric symptoms.",1726,1989,medium
ndro-mvp-v0.1.2-20260823,2026-08-23,PD-R-063,PD,37983933,population,PD-R-063-P01,abstract,RESULTS: A total of 384 patients with eligible medical records for three consecutive years were enrolled.,578,683,high
ndro-mvp-v0.1.2-20260823,2026-08-23,PD-R-064,PD,40280955,geography,PD-R-064-G01,affiliation,"Department of Radiology, The Second Affiliated Hospital, Zhejiang University School of Medicine, Hangzhou, China.",0,113,high
ndro-mvp-v0.1.2-20260823,2026-08-23,PD-R-064,PD,40280955,method_model,PD-R-064-M01,title,Identifying brain degeneration patterns in early-stage Parkinson's disease: a multimodal MRI study.,0,99,high
ndro-mvp-v0.1.2-20260823,2026-08-23,PD-R-064,PD,40280955,outcome,PD-R-064-O01,abstract,"Two subtypes were identified: the early-deterioration subtype, characterized by fronto-temporal atrophy, parietal thickening, widespread reductions in fractional anisotropy (FA) values, and increased subcortical iron content, which exhibited more severe baseline symptoms and a trend of faster memory decline; and the early-compensatory subtype, characterized by rostral middle frontal atrophy, parietal-occipital thickening, increased FA values, and normal iron content, which exhibited milder symptoms initially but experienced faster progression of both motor and non-motor symptoms.",475,1061,medium
ndro-mvp-v0.1.2-20260823,2026-08-23,PD-R-064,PD,40280955,population,PD-R-064-P01,abstract,This study aimed to identify different patterns of early brain degeneration in PD patients and investigate their clinical relevance.,79,211,medium
ndro-mvp-v0.1.2-20260823,2026-08-23,PD-R-067,PD,41177132,entity,PD-R-067-E01,abstract,Study results highlight dopaminergic mechanisms underlying PI in PD.,1417,1485,high
ndro-mvp-v0.1.2-20260823,2026-08-23,PD-R-067,PD,41177132,geography,PD-R-067-G01,affiliation,"Department of Medical, Surgical Sciences and Advanced Technologies ""G.F. Ingrassia"", University of Catania, Catania, Italy; Oasi Research Institute - IRCCS, Troina, Italy.",0,171,high
ndro-mvp-v0.1.2-20260823,2026-08-23,PD-R-067,PD,41177132,method_model,PD-R-067-M01,abstract,"Two groups were identified according to the score of the ""postural instability"" MDS-UPDRS item: 15 PD with Postural Stability (PD-PS) and 13 PD with PI.",447,599,high
ndro-mvp-v0.1.2-20260823,2026-08-23,PD-R-067,PD,41177132,outcome,PD-R-067-O01,abstract,RESULTS: TT values were significantly different when comparing HC to PD and PD-PS to PD-PI.,956,1047,high
ndro-mvp-v0.1.2-20260823,2026-08-23,PD-R-067,PD,41177132,outcome,PD-R-067-O02,abstract,"Significant differences were also found when comparing TT values among ""stable"" vs ""unstable"" trials, as well as when comparing TT values before and after LD administration.",1048,1221,high
ndro-mvp-v0.1.2-20260823,2026-08-23,PD-R-067,PD,41177132,outcome,PD-R-067-O03,abstract,"CONCLUSIONS: TT may represent a reliable biomarker of PI in PD, resulting modified by LD.",1327,1416,medium
ndro-mvp-v0.1.2-20260823,2026-08-23,PD-R-067,PD,41177132,outcome,PD-R-067-O04,abstract,Study results highlight dopaminergic mechanisms underlying PI in PD.,1417,1485,medium
ndro-mvp-v0.1.2-20260823,2026-08-23,PD-R-067,PD,41177132,population,PD-R-067-P01,abstract,"METHODS: We enrolled N = 28 patients diagnosed with ""clinically definite"" PD.",369,446,high
ndro-mvp-v0.1.2-20260823,2026-08-23,PD-R-068,PD,37839283,geography,PD-R-068-G01,affiliation,"James J. and Joan A. Gardner Family Center for Parkinson's Disease and Movement Disorders, Department of Neurology, University of Cincinnati, 260 Stetson St., Suite 2300, Cincinnati, OH 45267-0525, USA; Edmond J. Safra Program in Parkinson's disease and Morton and Gloria Shulman Movement Disorders Clinic, Toronto Western Hospital, University of Toronto, 399 Bathurst St, Toronto, ON M5T 2S6, Canada. Electronic address: [email redacted from public snapshot].",0,447,high
ndro-mvp-v0.1.2-20260823,2026-08-23,PD-R-068,PD,37839283,geography,PD-R-068-G02,affiliation,"Toronto Psychology Centre, 131 Bloor St W #410, Toronto, ON M5S 1R1, Canada.",632,708,high
ndro-mvp-v0.1.2-20260823,2026-08-23,PD-R-068,PD,37839283,intervention,PD-R-068-I01,title,Non-steroidal anti-inflammatory drug use and markers of Parkinson's disease progression: A retrospective cohort study.,0,118,high
ndro-mvp-v0.1.2-20260823,2026-08-23,PD-R-068,PD,37839283,outcome,PD-R-068-O01,abstract,"RESULTS: Total CET median and interquartile range (years) for ibuprofen, non-aspirin NSAID, and aspirin were respectively 0.9 (0.3-2.9), 1.1 (0.3-2.6), and 1.5 (0.4-2.8) for DATATOP and 0.4 (0.01-2.2), 1.4 (0.3-4.4), and 5.5 (2.6-7.1) for PPMI.",1059,1303,medium
ndro-mvp-v0.1.2-20260823,2026-08-23,PD-R-068,PD,37839283,outcome,PD-R-068-O02,abstract,There was no significant association between NSAID recent exposure or CET and primary outcome measures in either cohort.,1387,1507,high
ndro-mvp-v0.1.2-20260823,2026-08-23,PD-R-068,PD,37839283,outcome,PD-R-068-O03,abstract,CONCLUSIONS: NSAID exposure in established PD does not appear to provide protective effect although exposure may not have occurred continuously enough in these two cohorts to provide benefit.,1508,1699,medium
ndro-mvp-v0.1.2-20260823,2026-08-23,PD-R-068,PD,37839283,population,PD-R-068-P01,title,Non-steroidal anti-inflammatory drug use and markers of Parkinson's disease progression: A retrospective cohort study.,0,118,medium
ndro-mvp-v0.1.2-20260823,2026-08-23,PD-R-069,PD,39229982,entity,PD-R-069-E01,abstract,"BACKGROUND: Parkinson's disease is an illness marked by a gradual mitigation of dopamine neurons within the substantia nigra, which eventually leads to a deficiency of dopamine that further gives rise to mobility as well as cognitive impairments.",0,246,high
ndro-mvp-v0.1.2-20260823,2026-08-23,PD-R-069,PD,39229982,geography,PD-R-069-G01,affiliation,"Institute of Pharmaceutical Research, GLA University, Mathura, Uttar Pradesh, India.",0,84,high
ndro-mvp-v0.1.2-20260823,2026-08-23,PD-R-069,PD,39229982,intervention,PD-R-069-I01,title,Plumbagin's Healing Effect on Motor Impairment in Rotenone-toxified Rodents.,0,76,high
ndro-mvp-v0.1.2-20260823,2026-08-23,PD-R-069,PD,39229982,method_model,PD-R-069-M01,abstract,"Also, through molecular docking, the binding effectiveness of plumbagin was assessed for human MAO-B.",1156,1257,high
ndro-mvp-v0.1.2-20260823,2026-08-23,PD-R-069,PD,39229982,method_model,PD-R-069-M02,title,Plumbagin's Healing Effect on Motor Impairment in Rotenone-toxified Rodents.,0,76,high
ndro-mvp-v0.1.2-20260823,2026-08-23,PD-R-069,PD,39229982,outcome,PD-R-069-O01,abstract,RESULTS: Plumbagin was found to alleviate rotenone-induced motor abnormalities and restore brain dopamine levels.,1485,1598,medium
ndro-mvp-v0.1.2-20260823,2026-08-23,PD-R-069,PD,39229982,outcome,PD-R-069-O02,abstract,CONCLUSION: These findings underscore the potential therapeutic efficacy of plumbagin in mitigating behavioural deficits in rotenone-induced rodents.,1758,1907,medium
ndro-mvp-v0.1.2-20260823,2026-08-23,PD-R-071,PD,35628808,geography,PD-R-071-G01,affiliation,"Service de Neurochirurgie, Hôpital Laennec, CHU, 44093 Nantes, France.",0,70,high
ndro-mvp-v0.1.2-20260823,2026-08-23,PD-R-071,PD,35628808,geography,PD-R-071-G02,affiliation,"EA4391, Excitabilité Nerveuse et Thérapeutique, Université Paris Est Créteil, 94000 Créteil, France.",73,173,high
ndro-mvp-v0.1.2-20260823,2026-08-23,PD-R-071,PD,35628808,intervention,PD-R-071-I01,title,Additional Benefit of Intraoperative Electroacupuncture in Improving Tolerance of Deep Brain Stimulation Surgical Procedure in Parkinsonian Patients.,0,149,high
ndro-mvp-v0.1.2-20260823,2026-08-23,PD-R-071,PD,35628808,intervention,PD-R-071-I02,title,Additional Benefit of Intraoperative Electroacupuncture in Improving Tolerance of Deep Brain Stimulation Surgical Procedure in Parkinsonian Patients.,0,149,high
ndro-mvp-v0.1.2-20260823,2026-08-23,PD-R-071,PD,35628808,intervention,PD-R-071-I03,abstract,"In the first group, DBS implantation was performed under local anesthesia alone, while the second group received EA in addition.",698,826,medium
ndro-mvp-v0.1.2-20260823,2026-08-23,PD-R-071,PD,35628808,outcome,PD-R-071-O01,title,Additional Benefit of Intraoperative Electroacupuncture in Improving Tolerance of Deep Brain Stimulation Surgical Procedure in Parkinsonian Patients.,0,149,medium
ndro-mvp-v0.1.2-20260823,2026-08-23,PD-R-071,PD,35628808,outcome,PD-R-071-O02,abstract,RESULTS: The data of nine patients were analyzed in each group.,1067,1130,medium
ndro-mvp-v0.1.2-20260823,2026-08-23,PD-R-071,PD,35628808,outcome,PD-R-071-O03,abstract,"Although pain and tiredness increased in both groups after placement of the stereotactic frame, the ESAS item ""lack of appetite"", as well as the ESAS total score and physical subscore increased after completion of the first burr hole until the end of the surgical procedure in the control group only.",1131,1431,medium
ndro-mvp-v0.1.2-20260823,2026-08-23,PD-R-071,PD,35628808,outcome,PD-R-071-O04,abstract,ESAS total score and physical subscore were significantly higher at the end of the intervention in the control group compared to the EA group.,1432,1574,high
ndro-mvp-v0.1.2-20260823,2026-08-23,PD-R-071,PD,35628808,population,PD-R-071-P01,title,Additional Benefit of Intraoperative Electroacupuncture in Improving Tolerance of Deep Brain Stimulation Surgical Procedure in Parkinsonian Patients.,0,149,medium
ndro-mvp-v0.1.2-20260823,2026-08-23,PD-R-073,PD,41051687,geography,PD-R-073-G01,affiliation,"Department of Laboratory Medicine, Shanghai East Hospital, Tongji University School of Medicine, 1800 Yuntai Road, Shanghai, 200123, China. [email redacted from public snapshot].",0,158,high
ndro-mvp-v0.1.2-20260823,2026-08-23,PD-R-073,PD,41051687,method_model,PD-R-073-M01,title,Machine learning-based non-invasive Parkinson's disease diagnostic model using clinical blood biomarkers.,0,105,high
ndro-mvp-v0.1.2-20260823,2026-08-23,PD-R-073,PD,41051687,method_model,PD-R-073-M02,abstract,"Five machine learning models-logistic regression (LR), support vector machine (SVM), decision tree (DT), Naive Bayes (NB) and K-Nearest Neighbor (KNN)-were constructed and compared.",725,906,high
ndro-mvp-v0.1.2-20260823,2026-08-23,PD-R-073,PD,41051687,outcome,PD-R-073-O01,abstract,"RESULTS: The SVM model demonstrated the best external validation performance (AUC = 0.916, recall = 0.949, F1-score = 0.843).",1036,1161,medium
ndro-mvp-v0.1.2-20260823,2026-08-23,PD-R-073,PD,41051687,outcome,PD-R-073-O02,abstract,"SHAP analysis revealed superoxide dismutase (SOD) contributed the most to the model prediction, followed by gender and uric acid (UA).",1162,1296,medium
ndro-mvp-v0.1.2-20260823,2026-08-23,PD-R-073,PD,41051687,outcome,PD-R-073-O03,abstract,"Furthermore, albumin (ALB) and SOD showed significant negative correlations with PD severity.",1297,1390,high
ndro-mvp-v0.1.2-20260823,2026-08-23,PD-R-073,PD,41051687,outcome,PD-R-073-O04,abstract,"CONCLUSION: The SVM-based diagnostic model effectively differentiates PD from controls using readily obtainable clinical biomarkers, offering promising clinical utility for PD screening, diagnosis, and progression monitoring.",1391,1616,medium
ndro-mvp-v0.1.2-20260823,2026-08-23,PD-R-073,PD,41051687,population,PD-R-073-P01,abstract,METHODS: A total of 920 participants (428 PD and 492 non-PD) from two medical centers were included as training and validation sets.,473,605,high
ndro-mvp-v0.1.2-20260823,2026-08-23,PD-R-074,PD,36637746,entity,PD-R-074-E01,abstract,The glymphatic system contributes to the clearance of amyloid-β from the brain and is disrupted in Alzheimer's disease.,0,119,high
ndro-mvp-v0.1.2-20260823,2026-08-23,PD-R-074,PD,36637746,entity,PD-R-074-E02,title,Interaction Between the Glymphatic System and α-Synuclein in Parkinson's Disease.,0,81,high
ndro-mvp-v0.1.2-20260823,2026-08-23,PD-R-074,PD,36637746,entity,PD-R-074-E03,abstract,"In mice overexpressing the human A53T-α-syn, we revealed that AQP4 deficiency accelerated the accumulation of α-syn, facilitated the loss of dopaminergic neurons, and accelerated PD-like symptoms.",512,708,high
ndro-mvp-v0.1.2-20260823,2026-08-23,PD-R-074,PD,36637746,geography,PD-R-074-G01,affiliation,"Department of Physiology and Neurobiology, Suzhou Medical College of Soochow University, 199 Ren-Ai Road, Suzhou, 215123, People's Republic of China.",0,149,high
ndro-mvp-v0.1.2-20260823,2026-08-23,PD-R-074,PD,36637746,outcome,PD-R-074-O01,abstract,"In mice receiving the intranigral injection of recombinant human α-syn, we found that the glymphatic suppression via aquaporin-4 (AQP4) gene deletion or acetazolamide treatment reduced the clearance of injected α-syn from the brain.",279,511,medium
ndro-mvp-v0.1.2-20260823,2026-08-23,PD-R-074,PD,36637746,outcome,PD-R-074-O02,abstract,We also found that the overexpression of A53T-α-syn reduced the expression/polarization of AQP4 and suppressed the glymphatic activity of mice.,709,852,medium
ndro-mvp-v0.1.2-20260823,2026-08-23,PD-R-075,PD,40456474,entity,PD-R-075-E01,abstract,Salvia miltiorrhiza Bunge extract (SME),577,616,high
ndro-mvp-v0.1.2-20260823,2026-08-23,PD-R-075,PD,40456474,entity,PD-R-075-E02,title,PINK1/Parkin pathway,97,117,high
ndro-mvp-v0.1.2-20260823,2026-08-23,PD-R-075,PD,40456474,entity,PD-R-075-E03,abstract,induces mitophagy,1459,1476,high
ndro-mvp-v0.1.2-20260823,2026-08-23,PD-R-075,PD,40456474,geography,PD-R-075-G01,affiliation,PR China,75,83,high
ndro-mvp-v0.1.2-20260823,2026-08-23,PD-R-075,PD,40456474,intervention,PD-R-075-I01,abstract,Salvia miltiorrhiza Bunge extract (SME),577,616,high
ndro-mvp-v0.1.2-20260823,2026-08-23,PD-R-075,PD,40456474,method_model,PD-R-075-M01,abstract,PC12,692,696,high
ndro-mvp-v0.1.2-20260823,2026-08-23,PD-R-075,PD,40456474,method_model,PD-R-075-M02,abstract,rotenone-induced PD rat model,472,501,high
ndro-mvp-v0.1.2-20260823,2026-08-23,PD-R-075,PD,40456474,method_model,PD-R-075-M03,abstract,Proteomic analysis,822,840,high
ndro-mvp-v0.1.2-20260823,2026-08-23,PD-R-075,PD,40456474,method_model,PD-R-075-M04,abstract,molecular docking experiments,845,874,high
ndro-mvp-v0.1.2-20260823,2026-08-23,PD-R-075,PD,40456474,method_model,PD-R-075-M05,abstract,Immunofluorescence and Western blotting,942,981,high
ndro-mvp-v0.1.2-20260823,2026-08-23,PD-R-075,PD,40456474,method_model,PD-R-075-M06,abstract,transmission electron microscopy (TEM),1033,1071,high
ndro-mvp-v0.1.2-20260823,2026-08-23,PD-R-075,PD,40456474,outcome,PD-R-075-O01,abstract,significantly improved motor dysfunction,1163,1203,high
ndro-mvp-v0.1.2-20260823,2026-08-23,PD-R-075,PD,40456474,outcome,PD-R-075-O02,abstract,mitigated dopaminergic neuron degeneration,1208,1250,high
ndro-mvp-v0.1.2-20260823,2026-08-23,PD-R-075,PD,40456474,outcome,PD-R-075-O03,abstract,significant activation of the PINK1/Parkin pathway,1329,1379,high
ndro-mvp-v0.1.2-20260823,2026-08-23,PD-R-075,PD,40456474,outcome,PD-R-075-O04,abstract,induces mitophagy,1459,1476,high
ndro-mvp-v0.1.2-20260823,2026-08-23,PD-R-077,PD,36939184,entity,PD-R-077-E01,title,SERS-based detection of 5-S-cysteinyl-dopamine as a novel biomarker of Parkinson's disease in artificial biofluids.,0,115,high
ndro-mvp-v0.1.2-20260823,2026-08-23,PD-R-077,PD,36939184,geography,PD-R-077-G01,affiliation,"Center for Intelligent Drug Delivery and Sensing Using Microcontainers and Nanomechanics (IDUN), Department of Health Technology, Technical University of Denmark, Kongens Lyngby 2800, Denmark. [email redacted from public snapshot].",0,206,high
ndro-mvp-v0.1.2-20260823,2026-08-23,PD-R-077,PD,36939184,geography,PD-R-077-G02,affiliation,"Facultad de Química, Departamento de Química Inorgánica y Nuclear, Universidad Nacional Autónoma de México, Circuito exterior S/N, Ciudad Universitaria, 04510, Ciudad de México, Mexico.",209,394,high
ndro-mvp-v0.1.2-20260823,2026-08-23,PD-R-077,PD,36939184,geography,PD-R-077-G03,affiliation,"Friedrich Schiller University Jena, Institute of Physical Chemistry and Abbe Center of Photonics, Helmholtzweg 4, 07743 Jena, Germany.",564,698,high
ndro-mvp-v0.1.2-20260823,2026-08-23,PD-R-077,PD,36939184,outcome,PD-R-077-O01,abstract,The early detection of Parkinson's disease (PD) can significantly improve treatment and quality of life in patients.,0,116,high
ndro-mvp-v0.1.2-20260823,2026-08-23,PD-R-077,PD,36939184,outcome,PD-R-077-O02,abstract,"Therefore, its sensitive detection with fast and robust methods can improve its use as a biomarker.",215,314,medium
ndro-mvp-v0.1.2-20260823,2026-08-23,PD-R-077,PD,36939184,outcome,PD-R-077-O03,abstract,"Moreover, we showed that SERS can allow us to identify CDA in aqueous media at low concentration, leading to the identification of some of its characteristic bands in pure water and in synthetic cerebrospinal fluid (SCSF) below 1 × 10-8 M, while its band identification in simulated urine (SUR) can be reached at 1 × 10-7 M.",872,1196,medium
ndro-mvp-v0.1.2-20260823,2026-08-23,PD-R-077,PD,36939184,outcome,PD-R-077-O04,abstract,"In conclusion, we show that CDA can be suitably detected by means of label-free SERS spectroscopy, which can significantly improve its sensitive detection for further analytical studies as a novel biomarker and further clinical diagnosis in PD patients.",1197,1450,high
ndro-mvp-v0.1.2-20260823,2026-08-23,PD-R-077,PD,36939184,population,PD-R-077-P01,abstract,The early detection of Parkinson's disease (PD) can significantly improve treatment and quality of life in patients.,0,116,medium
ndro-mvp-v0.1.2-20260823,2026-08-23,PD-R-080,PD,36718788,geography,PD-R-080-G01,affiliation,"Movement Disorder and Neuromodulation Unit, Department of Neurology, Charité-Universitätsmedizin Berlin, Berlin, Germany.",0,121,high
ndro-mvp-v0.1.2-20260823,2026-08-23,PD-R-080,PD,36718788,geography,PD-R-080-G02,affiliation,"Department of Neurology, Harvard Medical School, Boston, Massachusetts, USA.",357,433,high
ndro-mvp-v0.1.2-20260823,2026-08-23,PD-R-080,PD,36718788,intervention,PD-R-080-I01,abstract,"Adaptive deep brain stimulation (DBS) aims to use beta activity for therapeutic adjustments, but many aspects of beta activity in real-life situations are unknown.",132,295,high
ndro-mvp-v0.1.2-20260823,2026-08-23,PD-R-080,PD,36718788,outcome,PD-R-080-O01,title,Christmas-Related Reduction in Beta Activity in Parkinson's Disease.,0,68,medium
ndro-mvp-v0.1.2-20260823,2026-08-23,PD-R-080,PD,36718788,outcome,PD-R-080-O02,abstract,"RESULTS: Beta activity was significantly reduced on Christmas Eve in all patients (4.00-9.00 p.m.: -12.30 ± 10.78%, P = 0.015).",645,772,high
ndro-mvp-v0.1.2-20260823,2026-08-23,PD-R-080,PD,36718788,outcome,PD-R-080-O03,abstract,CONCLUSIONS: We demonstrate that festive events can reduce beta biomarker activity.,890,973,medium
ndro-mvp-v0.1.2-20260823,2026-08-23,PD-R-080,PD,36718788,population,PD-R-080-P01,abstract,METHODS: Differences in Christmas Day to nonfestive daily averages in chronic biomarker recordings in 4 PD patients with a sensing-enabled STN DBS implant were retrospectively analyzed.,387,572,medium
