snapshot_version,cutoff_date,association_id,disease_code,pmid,corpus_status,intervention_id,intervention_name,intervention_type,therapeutic_intent,dose,route,duration,intervention_comparator,intervention_confidence,outcome_id,outcome_name,outcome_domain,effect_direction,reported_significance,outcome_comparator,result_summary,outcome_confidence
ndro-mvp-v0.1.2-20260823,2026-08-23,AD-R-001,AD,21514441,core,,,,,,,,,,AD-R-001-O01,molecular_cellular result 1,molecular_cellular,not_reported,not_reported,,"The Arctic mutation of Aβ precursor protein (APP) results in AD, and Arctic Aβ is more prone to form Aβ protofibrils and extracellular deposits.",medium
ndro-mvp-v0.1.2-20260823,2026-08-23,AD-R-001,AD,21514441,core,,,,,,,,,,AD-R-001-O02,biomarker result 2,biomarker,increase,not_reported,,Herein is demonstrated that the burden of diffuse Aβ deposits but not compact plaques is increased when tg-Swe mice are crossed with tg-ArcSwe mice synthesizing low levels of Arctic Aβ.,medium
ndro-mvp-v0.1.2-20260823,2026-08-23,AD-R-001,AD,21514441,core,,,,,,,,,,AD-R-001-O03,other result 3,other,increase,not_reported,,"Thus, the increased number of diffuse deposits is likely due to physical interactions between Arctic Aβ and wild-type Aβ42.",medium
ndro-mvp-v0.1.2-20260823,2026-08-23,AD-R-001,AD,21514441,core,,,,,,,,,,AD-R-001-O04,molecular_cellular result 4,molecular_cellular,increase,not_reported,,The selective increase of a single type of parenchymal Aβ deposit suggests that different pathways lead to formation of diffuse and compact plaques.,medium
ndro-mvp-v0.1.2-20260823,2026-08-23,AD-R-002,AD,21996001,core,AD-R-002-I01,rivastigmine,drug,t,,,,,high,AD-R-002-O01,other result 1,other,beneficial,significant,,"RESULTS: At baseline, RMT was significantly lower in patients than in controls whereas CSP duration and single MEP amplitude were similar in both groups.",high
ndro-mvp-v0.1.2-20260823,2026-08-23,AD-R-002,AD,21996001,core,AD-R-002-I01,rivastigmine,drug,t,,,,,high,AD-R-002-O02,other result 2,other,no_effect,not_reported,,"In patients, rTMS failed to induce the normal MEP facilitation during the trains.",medium
ndro-mvp-v0.1.2-20260823,2026-08-23,AD-R-002,AD,21996001,core,AD-R-002-I01,rivastigmine,drug,t,,,,,high,AD-R-002-O03,other result 3,other,no_effect,significant,,"Chronic rivastigmine intake significantly increased MEP amplitude after a single stimulus, whereas it left the other neurophysiological variables studied unchanged.",high
ndro-mvp-v0.1.2-20260823,2026-08-23,AD-R-002,AD,21996001,core,AD-R-002-I01,rivastigmine,drug,t,,,,,high,AD-R-002-O04,other result 4,other,no_effect,not_significant,,No significant correlation was found between patients' neuropsychological test scores and TMS measures.,high
ndro-mvp-v0.1.2-20260823,2026-08-23,AD-R-005,AD,24300799,core,,,,,,,,,,AD-R-005-O01,other result 1,other,not_reported,not_reported,,The comparison of results of the quantitative assessment of neuropsychological functions (total parameters of three blocks of the brain according to A.R.,medium
ndro-mvp-v0.1.2-20260823,2026-08-23,AD-R-005,AD,24300799,core,,,,,,,,,,AD-R-005-O02,other result 2,other,not_reported,significant,,Luria) in mixed dementia and AD revealed significant between-group differences at the stage of mild dementia.,high
ndro-mvp-v0.1.2-20260823,2026-08-23,AD-R-005,AD,24300799,core,,,,,,,,,,AD-R-005-O03,other result 3,other,no_effect,not_reported,,No differences was found between AD and moderate dementia.,medium
ndro-mvp-v0.1.2-20260823,2026-08-23,AD-R-006,AD,26049091,core,,,,,,,,,,AD-R-006-O01,Metamemory accuracy versus right insular volume,cognition,positive_association,significant,,Less accurate metamemory was associated with reduced right insular volume.,high
ndro-mvp-v0.1.2-20260823,2026-08-23,AD-R-007,AD,26890786,core,AD-R-007-I01,TAT-haFGF,biologic,t,,,,,high,AD-R-007-O01,cognition result 1,cognition,beneficial,not_reported,,Intranasal TAT-haFGF Improves Cognition and Amyloid-β Pathology in an AβPP/PS1 Mouse Model of Alzheimer's Disease.,medium
ndro-mvp-v0.1.2-20260823,2026-08-23,AD-R-007,AD,26890786,core,AD-R-007-I01,TAT-haFGF,biologic,t,,,,,high,AD-R-007-O02,cognition result 2,cognition,beneficial,significant,,"Our results showed that IN administration of TAT-haFGF improved cognition and reduced Aβ plaques more significantly in AβPP/PS1 mice, when compared with IV injection.",high
ndro-mvp-v0.1.2-20260823,2026-08-23,AD-R-009,AD,28503138,core,,,,,,,,,,AD-R-009-O01,other result 1,other,harmful,not_reported,,"Alzheimer's disease (AD), the most common cause of dementia in the elderly, results in the impairment of executive function, including that of performance monitoring.",medium
ndro-mvp-v0.1.2-20260823,2026-08-23,AD-R-009,AD,28503138,core,,,,,,,,,,AD-R-009-O02,other result 2,other,decrease,not_reported,,"Based on prior aging studies, we hypothesized that FRN would decrease in AD patients.",medium
ndro-mvp-v0.1.2-20260823,2026-08-23,AD-R-009,AD,28503138,core,,,,,,,,,,AD-R-009-O03,other result 3,other,increase,not_reported,,"Contrary to our hypothesis, FRN amplitude increased in AD patients, compared with the healthy elderly.",medium
ndro-mvp-v0.1.2-20260823,2026-08-23,AD-R-009,AD,28503138,core,,,,,,,,,,AD-R-009-O04,behavior result 4,behavior,increase,significant,,"Also, there was a significant association between FRN amplitude and depression scores in AD, and the FRN amplitude tended to increase insomuch as the Self-rating Depression Scale (SDS) was higher.",high
ndro-mvp-v0.1.2-20260823,2026-08-23,AD-R-012,AD,31378059,core,AD-R-012-I01,dual sEH/p38 inhibitor,drug,t,,,,,high,AD-R-012-O01,molecular_cellular result 1,molecular_cellular,beneficial,not_reported,,"To further elucidate the molecular mechanisms, differentiated SH-SY5Y human neuroblastoma cells were used as an AD cell model, and we investigated the neuroprotection of TPPU against amyloid oligomers.",medium
ndro-mvp-v0.1.2-20260823,2026-08-23,AD-R-012,AD,31378059,core,AD-R-012-I01,dual sEH/p38 inhibitor,drug,t,,,,,high,AD-R-012-O02,survival result 2,survival,harmful,not_reported,,"We found that TPPU effectively prevents neuronal death by mitigating amyloid neurotoxicity, tau hyperphosphorylation, and mitochondrial dysfunction, promoting neurite outgrowth and suppressing activation and nuclear translocation of NF-κB for inflammatory responses in human nerve cells.",medium
ndro-mvp-v0.1.2-20260823,2026-08-23,AD-R-012,AD,31378059,core,AD-R-012-I01,dual sEH/p38 inhibitor,drug,t,,,,,high,AD-R-012-O03,molecular_cellular result 3,molecular_cellular,not_reported,not_reported,,"The results indicate that TPPU is a potent and selective dual inhibitor of sEH and p38β kinase, showing a synergistic action in multiple AD signaling pathways.",medium
ndro-mvp-v0.1.2-20260823,2026-08-23,AD-R-015,AD,34118592,core,,,,,,,,,,AD-R-015-O01,cognition result 1,cognition,not_reported,not_reported,,Cross-cohort generalizability of deep and conventional machine learning for MRI-based diagnosis and prediction of Alzheimer's disease.,medium
ndro-mvp-v0.1.2-20260823,2026-08-23,AD-R-015,AD,34118592,core,,,,,,,,,,AD-R-015-O02,cognition result 2,cognition,harmful,not_reported,,This work validates the generalizability of MRI-based classification of Alzheimer's disease (AD) patients and controls (CN) to an external data set and to the task of prediction of conversion to AD in individuals with mild cognitive impairment (MCI).,medium
ndro-mvp-v0.1.2-20260823,2026-08-23,AD-R-015,AD,34118592,core,,,,,,,,,,AD-R-015-O03,molecular_cellular result 3,molecular_cellular,not_reported,not_reported,,"Trained classifiers were subsequently applied to predict conversion to AD in ADNI MCI patients (231 converters, 628 non-converters) and in the independent Health-RI Parelsnoer Neurodegenerative Diseases Biobank data set.",medium
ndro-mvp-v0.1.2-20260823,2026-08-23,AD-R-015,AD,34118592,core,,,,,,,,,,AD-R-015-O04,diagnostic_performance result 4,diagnostic_performance,not_reported,not_reported,,AD-CN classification based on modulated GM maps resulted in a similar area-under-the-curve (AUC) for SVM (0.940; 95%CI: 0.924-0.955) and CNN (0.933; 95%CI: 0.918-0.948).,high
ndro-mvp-v0.1.2-20260823,2026-08-23,AD-R-017,AD,35344200,core,,,,,,,,,,AD-R-017-O01,imaging result 1,imaging,not_reported,not_reported,,"Thus, a reliable prediction of the conversion from MCI to AD based on three-dimensional (3D) texture features of MRI images could help doctors in developing effective treatment protocols.",medium
ndro-mvp-v0.1.2-20260823,2026-08-23,AD-R-017,AD,35344200,core,,,,,,,,,,AD-R-017-O02,diagnostic_performance result 2,diagnostic_performance,positive_association,not_reported,,"RESULTS: The accuracy and the selected features are the focus of clinical diagnosis reports, indicating that the feature selection algorithm is effective.",medium
ndro-mvp-v0.1.2-20260823,2026-08-23,AD-R-018,AD,38306048,core,,,,,,,,,,AD-R-018-O01,molecular_cellular result 1,molecular_cellular,positive_association,not_reported,,Codon Pattern and Context Analysis in Genes Triggering Alzheimer's Disease and Latent Tau Protein Aggregation Post-Anesthesia Exhibited Unique Molecular Patterns Associated with Functional Aspects.,medium
ndro-mvp-v0.1.2-20260823,2026-08-23,AD-R-018,AD,38306048,core,,,,,,,,,,AD-R-018-O02,other result 2,other,not_reported,not_reported,,"RESULTS: The sequences' composition was G/C rich, influencing dinucleotide preference, codon preference, codon usage, and codon context.",medium
ndro-mvp-v0.1.2-20260823,2026-08-23,AD-R-018,AD,38306048,core,,,,,,,,,,AD-R-018-O03,other result 3,other,positive_association,not_reported,,"Contrarily, it correlated with the sequence lengths.",medium
ndro-mvp-v0.1.2-20260823,2026-08-23,AD-R-018,AD,38306048,core,,,,,,,,,,AD-R-018-O04,molecular_cellular result 4,molecular_cellular,beneficial,not_reported,,"The sequences were leucine-rich, and multiple leucine repeats were present, exhibiting the functional role of neuroprotection from neuroinflammation post-anesthesia.",medium
ndro-mvp-v0.1.2-20260823,2026-08-23,AD-R-019,AD,40084666,core,,,,,,,,,,AD-R-019-O01,disease_progression result 1,disease_progression,positive_association,not_reported,,"Hierarchical regression models investigated linear and nonlinear relationships between age, genetic risk, and Aβ42:40.ResultsWe observed a curvilinear relationship between age and Aβ42:40 in individuals with higher genetic risk, characterized by an increase in the Aβ42:40 during midlife followed by a decrease in older age.ConclusionsThese findings highlight distinct patterns in Aβ metabolism among genetically predisposed individuals, suggesting that early metabolic shifts may play a role in the progression of AD.",medium
ndro-mvp-v0.1.2-20260823,2026-08-23,AD-R-041,AD,20888846,core,,,,,,,,,,AD-R-041-O01,Verbal communication in Alzheimer disease,communication,decrease,significant,,AD participants showed prominent verbal comprehension and word-finding impairment.,high
ndro-mvp-v0.1.2-20260823,2026-08-23,AD-R-041,AD,20888846,core,,,,,,,,,,AD-R-041-O02,Non-verbal communication in Alzheimer disease,communication,no_effect,not_reported,,Non-verbal communication was mostly preserved in AD.,high
ndro-mvp-v0.1.2-20260823,2026-08-23,AD-R-041,AD,20888846,core,,,,,,,,,,AD-R-041-O03,Communication profile across dementia groups,communication,mixed,not_reported,,"The profiles differed among AD, FTD and DLB.",high
ndro-mvp-v0.1.2-20260823,2026-08-23,AD-R-043,AD,22551949,core,AD-R-043-I01,diazoxide,drug,t,,,,,high,AD-R-043-O01,molecular_cellular result 1,molecular_cellular,beneficial,not_reported,,Protective effects of diazoxide against Aβ₂₅₋₃₅-induced PC12 cell apoptosis due to prevention of endoplasmic reticulum stress.,medium
ndro-mvp-v0.1.2-20260823,2026-08-23,AD-R-043,AD,22551949,core,AD-R-043-I01,diazoxide,drug,t,,,,,high,AD-R-043-O02,molecular_cellular result 2,molecular_cellular,beneficial,not_reported,,"Previous studies have suggested a neuroprotective role for mitochondrial ATP-sensitive potassium (KATP) channel openers against Aβ damages, but the molecular details were unclear.",medium
ndro-mvp-v0.1.2-20260823,2026-08-23,AD-R-043,AD,22551949,core,AD-R-043-I01,diazoxide,drug,t,,,,,high,AD-R-043-O03,molecular_cellular result 3,molecular_cellular,beneficial,not_reported,,It remains to be determined whether KATP channel openers mediate their potential neuroprotective role by inhibiting ER stress pathways.,medium
ndro-mvp-v0.1.2-20260823,2026-08-23,AD-R-043,AD,22551949,core,AD-R-043-I01,diazoxide,drug,t,,,,,high,AD-R-043-O04,biomarker result 4,biomarker,increase,significant,,"Here we showed that in response to the treatment with Aβ₂₅₋₃₅ (10 μM) for 24 h the mRNA and protein expression levels of caspase-12 were significantly upregulated; however, this change could be partly reversed by pretreatment with diazoxide (1 mM) for 1 h.",high
ndro-mvp-v0.1.2-20260823,2026-08-23,AD-R-043,AD,22551949,core,AD-R-043-I02,Aβ₂₅₋₃₅ (10 μM),experimental_exposure,f,,,,,medium,,,,,,,,
ndro-mvp-v0.1.2-20260823,2026-08-23,AD-R-052,AD,30832390,core,,,,,,,,,,AD-R-052-O01,service_delivery result 1,service_delivery,positive_association,not_reported,,"More recently, caregiving has been associated with high rates of suicidal and homicidal ideation, but the research on these phenomena is limited.",medium
ndro-mvp-v0.1.2-20260823,2026-08-23,AD-R-052,AD,30832390,core,,,,,,,,,,AD-R-052-O02,survival result 2,survival,not_reported,not_reported,,RESULTS: Five themes related to thoughts of suicide and homicide by caregivers and people with ADRD were derived from the analysis: (1) end-of-life care; (2) thoughts of death and euthanasia by the person with ADRD; (3) surrogate decision making; (4) thoughts of suicide by the caregiver; and (5) thoughts of homicide and euthanasia by the caregiver.,medium
ndro-mvp-v0.1.2-20260823,2026-08-23,AD-R-052,AD,30832390,core,,,,,,,,,,AD-R-052-O03,behavior result 3,behavior,not_reported,not_reported,,"CONCLUSIONS: The results capture the reality of suicidal and homicidal thoughts among family caregivers of people with ADRD, supporting calls for more research on these complex topics and highlighting the need for changes to clinical practice to prevent thoughts from becoming behaviors or actions.",medium
ndro-mvp-v0.1.2-20260823,2026-08-23,AD-R-053,AD,33163613,core,,,,,,,,,,AD-R-053-O01,Association between amyloid and tau PET burden,imaging,positive_association,significant,,In vivo amyloid burden was positively related to tau pathology.,high
ndro-mvp-v0.1.2-20260823,2026-08-23,AD-R-053,AD,33163613,core,,,,,,,,,,AD-R-053-O02,Tau retention in amyloid-positive participants,imaging,increase,not_reported,,Tau tracer retention was higher across Braak regions in PiB-positive participants.,high
ndro-mvp-v0.1.2-20260823,2026-08-23,AD-R-057,AD,37645746,separate,,,,,,,,,,AD-R-057-O01,biomarker result 1,biomarker,positive_association,significant,,"After meta-analysis of three genome-wide association studies, comprising 44,288 participants, cis-Mendelian randomization showed that genes responsible for higher plasma SAP values are significantly associated with AD, Lewy body dementia and plasma tau concentration.",high
ndro-mvp-v0.1.2-20260823,2026-08-23,AD-R-061,AD,20624932,core,,,,,,,,,,AD-R-061-O01,molecular_cellular result 1,molecular_cellular,decrease,not_reported,,GCPII also degrades soluble oligomers and fibrils and can reduce the endogenous plaque size in brain sections obtained from amyloid precursor protein (APP) Swedish/presinilin (PS)-1ΔE9 transgenic mice.,medium
ndro-mvp-v0.1.2-20260823,2026-08-23,AD-R-061,AD,20624932,core,,,,,,,,,,AD-R-061-O02,biomarker result 2,biomarker,decrease,not_reported,,"Overexpression of GCPII in either HEK293-APP Swedish cells or primary neurons and glial cells reduced the levels of secreted or exogenously supplemented Aβs and reduced Aβ-induced neurotoxicity, suggesting the biological significance of GCPII-mediated Aβ cleavage.",medium
ndro-mvp-v0.1.2-20260823,2026-08-23,AD-R-061,AD,20624932,core,,,,,,,,,,AD-R-061-O03,other result 3,other,increase,not_reported,,"Moreover, treatment of 8-mo-old transgenic mice for 1 mo with 2-(phosphonomethyl)-pentanedioic acid (10 mg/kg, intraperitoneally), a specific GCPII inhibitor, increased cerebral Aβ content.",medium
ndro-mvp-v0.1.2-20260823,2026-08-23,AD-R-061,AD,20624932,core,,,,,,,,,,AD-R-061-O04,histopathology result 4,histopathology,positive_association,not_reported,,These results suggest an important physiological role for GCPII in Aβ clearance in brain and provide the evidence that dysregulation of GCPII is involved in Alzheimer's disease pathology.,medium
ndro-mvp-v0.1.2-20260823,2026-08-23,AD-R-063,AD,22112898,core,,,,,,,,,,AD-R-063-O01,biomarker result 1,biomarker,increase,significant,,"RESULTS: Our studies in the AD transgenic mice show significantly higher levels of cyclin E, cyclin D1, E2F1, and P-cdc2 in the cells in the vicinity of the plaques where maximum levels of Threonine 668 (Thr668)-phosphorylated APP accumulation was observed.",high
ndro-mvp-v0.1.2-20260823,2026-08-23,AD-R-063,AD,22112898,core,,,,,,,,,,AD-R-063-O02,molecular_cellular result 2,molecular_cellular,increase,not_reported,,"Also, Thr668 phosphorylation in mitosis correlates with increased processing of APP to generate Aβ and the C-terminal fragment of APP, which is prevented by pharmacological inhibitors of the G1/S transition.",medium
ndro-mvp-v0.1.2-20260823,2026-08-23,AD-R-063,AD,22112898,core,,,,,,,,,,AD-R-063-O03,molecular_cellular result 3,molecular_cellular,not_reported,not_reported,,CONCLUSIONS: The data presented here suggests that cell cycle-dependent phosphorylation of APP may affect its normal cellular function.,medium
ndro-mvp-v0.1.2-20260823,2026-08-23,AD-R-065,AD,23474058,separate,,,,,,,,,,AD-R-065-O01,other result 1,other,not_reported,not_reported,,"RESULTS: 172 cases were identified, of whom 143 (83%) were men.",high
ndro-mvp-v0.1.2-20260823,2026-08-23,AD-R-065,AD,23474058,separate,,,,,,,,,,AD-R-065-O02,molecular_cellular result 2,molecular_cellular,positive_association,not_reported,,"Among the neurodegenerative disorders associated with RBD (n=170), 160 (94%) were synucleinopathies.",high
ndro-mvp-v0.1.2-20260823,2026-08-23,AD-R-065,AD,23474058,separate,,,,,,,,,,AD-R-065-O03,other result 3,other,not_reported,not_reported,,"CONCLUSIONS: In this large series of PSG-confirmed and probable RBD cases that underwent autopsy, the strong association of RBD with the synucleinopathies was further substantiated and a wider spectrum of disorders which can underlie RBD now are more apparent.",medium
ndro-mvp-v0.1.2-20260823,2026-08-23,AD-R-068,AD,27760426,core,AD-R-068-I01,Cl-NQTrp,drug,t,,,,,high,AD-R-068-O01,molecular_cellular result 1,molecular_cellular,beneficial,not_reported,,Cl-NQTrp Alleviates Tauopathy Symptoms in a Model Organism through the Inhibition of Tau Aggregation-Engendered Toxicity.,medium
ndro-mvp-v0.1.2-20260823,2026-08-23,AD-R-068,AD,27760426,core,AD-R-068-I01,Cl-NQTrp,drug,t,,,,,high,AD-R-068-O02,other result 2,other,not_reported,not_reported,,"Alzheimer's disease (AD) is the most abundant tauopathy and is characterized by Aβ-derived plaques and tau-derived tangles, resulting from the unfolding of the corresponding monomeric subunits into ordered β-sheet oligomers and fibrils.",medium
ndro-mvp-v0.1.2-20260823,2026-08-23,AD-R-068,AD,27760426,core,AD-R-068-I01,Cl-NQTrp,drug,t,,,,,high,AD-R-068-O03,molecular_cellular result 3,molecular_cellular,beneficial,not_reported,,"We demonstrate that Cl-NQTrp inhibits the in vitro assembly of PHF6, the aggregation-prone fragment of tau, and alleviates tauopathy symptoms in a transgenic Drosophila model through the inhibition of tau aggregation-engendered toxicity.",medium
ndro-mvp-v0.1.2-20260823,2026-08-23,AD-R-068,AD,27760426,core,AD-R-068-I01,Cl-NQTrp,drug,t,,,,,high,AD-R-068-O04,molecular_cellular result 4,molecular_cellular,not_reported,not_reported,,These results suggest that Cl-NQTrp could be a unique potential therapeutic for AD since it targets aggregation of both Aβ and tau.,medium
ndro-mvp-v0.1.2-20260823,2026-08-23,AD-R-069,AD,28355558,separate,,,,,,,,,,AD-R-069-O01,other result 1,other,beneficial,not_reported,,Neuroprotective Functions for the Histone Deacetylase SIRT6.,medium
ndro-mvp-v0.1.2-20260823,2026-08-23,AD-R-069,AD,28355558,separate,,,,,,,,,,AD-R-069-O02,survival result 2,survival,increase,not_reported,,"Moreover, the brains of these mice show increased signs of DNA damage, cell death, and hyperphosphorylated Tau-a critical mark in several neurodegenerative diseases.",medium
ndro-mvp-v0.1.2-20260823,2026-08-23,AD-R-069,AD,28355558,separate,,,,,,,,,,AD-R-069-O03,molecular_cellular result 3,molecular_cellular,increase,not_reported,,"Mechanistically, SIRT6 regulates Tau protein stability and phosphorylation through increased activation of the kinase GSK3α/β.",medium
ndro-mvp-v0.1.2-20260823,2026-08-23,AD-R-069,AD,28355558,separate,,,,,,,,,,AD-R-069-O04,biomarker result 4,biomarker,decrease,not_reported,,"Finally, SIRT6 mRNA and protein levels are reduced in patients with Alzheimer's disease.",medium
ndro-mvp-v0.1.2-20260823,2026-08-23,AD-R-071,AD,29953668,separate,,,,,,,,,,AD-R-071-O01,CSF Aβ1-42 in chronic depressive symptoms,biomarker,decrease,significant,,The chronic depressive symptom group had lower CSF Aβ1-42.,high
ndro-mvp-v0.1.2-20260823,2026-08-23,AD-R-071,AD,29953668,separate,,,,,,,,,,AD-R-071-O02,CSF tau in chronic depressive symptoms,biomarker,no_association,not_significant,,No group differences were found for total or phosphorylated tau.,high
ndro-mvp-v0.1.2-20260823,2026-08-23,AD-R-071,AD,29953668,separate,,,,,,,,,,AD-R-071-O03,CSF biomarkers and cognition,cognition,mixed,significant,,Amyloid and tau measures were associated with different cognitive domains.,high
ndro-mvp-v0.1.2-20260823,2026-08-23,AD-R-072,AD,30703628,separate,,,,,,,,,,AD-R-072-O01,imaging result 1,imaging,increase,not_reported,,Patients with MCI with high WMH volumes are known to have an increased chance of conversion to Alzheimer's disease compared with those without WMHs.,medium
ndro-mvp-v0.1.2-20260823,2026-08-23,AD-R-072,AD,30703628,separate,,,,,,,,,,AD-R-072-O02,imaging result 2,imaging,increase,significant,,Our results show a significantly greater increase of all regional WMH volumes in the MCI population that converts to dementia (p < 0.001).,high
ndro-mvp-v0.1.2-20260823,2026-08-23,AD-R-072,AD,30703628,separate,,,,,,,,,,AD-R-072-O03,imaging result 3,imaging,decrease,significant,,T1w hypointensity for the juxtacortical WMHs was significantly lower in the converter group (p < 0.0001) and was not affected by age.,high
ndro-mvp-v0.1.2-20260823,2026-08-23,AD-R-072,AD,30703628,separate,,,,,,,,,,AD-R-072-O04,other result 4,other,decrease,significant,,"Conversely, T1w hypointensity in other regions showed a significant decrease with age (p < 0.0001).",high
ndro-mvp-v0.1.2-20260823,2026-08-23,AD-R-074,AD,31846093,core,,,,,,,,,,AD-R-074-O01,other result 1,other,beneficial,not_reported,,"Recently, statins have been linked to the reduced prevalence of AD in statin-prescribed populations yet molecular basis for the neuroprotective action of statins is still under debate.",medium
ndro-mvp-v0.1.2-20260823,2026-08-23,AD-R-074,AD,31846093,core,,,,,,,,,,AD-R-074-O02,molecular_cellular result 2,molecular_cellular,mixed,not_reported,,"KEY FINDINGS/RESULTS: We showed that SESN2 and LC3II expressions were elevated, whereas SIRT1 and TPP1 expressions were decreased in the Aβ1-42 -exposed human neuroblastoma cells (SH-SY5Y).",medium
ndro-mvp-v0.1.2-20260823,2026-08-23,AD-R-074,AD,31846093,core,,,,,,,,,,AD-R-074-O03,disease_progression result 3,disease_progression,beneficial,not_reported,,"Co-administration of atorvastatin with Aβ1-42 compensates SESN2 increase and recovers SIRT1 decline by reducing oxidative stress, decreasing SESN2 expression and increasing SIRT1 expression by its neuroprotective action.",medium
ndro-mvp-v0.1.2-20260823,2026-08-23,AD-R-074,AD,31846093,core,,,,,,,,,,AD-R-074-O04,biomarker result 4,biomarker,mixed,not_reported,,"DISCUSSION AND CONCLUSION: Together, these results indicate that atorvastatin induced SESN2, SIRT1 and LC3II levels play a protective role against Aβ1-42 neurotoxicity.",medium
ndro-mvp-v0.1.2-20260823,2026-08-23,AD-R-076,AD,39026372,core,,,,,,,,,,AD-R-076-O01,biomarker result 1,biomarker,increase,not_reported,,"Our results demonstrate that non-phosphorylated tau profiles differ across tauopathies, generally showing high abundance of microtubule-binding region (MTBR)-containing peptides in insoluble protein fractions compared with controls; the AD group showed 12-72 times higher levels of MTBR-containing aggregates.",medium
ndro-mvp-v0.1.2-20260823,2026-08-23,AD-R-076,AD,39026372,core,,,,,,,,,,AD-R-076-O02,other result 2,other,increase,significant,,All phosphorylated peptides were significantly increased in AD insoluble fraction.,high
ndro-mvp-v0.1.2-20260823,2026-08-23,AD-R-076,AD,39026372,core,,,,,,,,,,AD-R-076-O03,other result 3,other,increase,significant,,"However, doubly and triply phosphorylated peptides were significantly increased in AD even in the soluble fraction.",high
ndro-mvp-v0.1.2-20260823,2026-08-23,AD-R-076,AD,39026372,core,,,,,,,,,,AD-R-076-O04,other result 4,other,not_reported,not_reported,,"Results were replicated using a validation cohort comprising AD (n = 10), CBD (n = 10), and controls (n = 10).",medium
ndro-mvp-v0.1.2-20260823,2026-08-23,AD-R-077,AD,39160609,core,,,,,,,,,,AD-R-077-O01,cognition result 1,cognition,not_reported,significant,,"Notably, not all the people with amyloid-beta (Aβ) pathology will have significant cognitive declines and eventually develop AD.",high
ndro-mvp-v0.1.2-20260823,2026-08-23,AD-R-077,AD,39160609,core,,,,,,,,,,AD-R-077-O02,cognition result 2,cognition,increase,not_reported,,"Additionally, we used the Cochran-Armitage trend test to examine whether the incidence of cognitive decline increased with the number concurrent of risk factors.",medium
ndro-mvp-v0.1.2-20260823,2026-08-23,AD-R-077,AD,39160609,core,,,,,,,,,,AD-R-077-O03,behavior result 3,behavior,not_reported,not_reported,,"RESULTS: Six factors (low diastolic pressure, low body mass index, retired status, a history of drug abuse, Parkinsonism, and depression) were the identified risk factors and four factors (a history of urinary disease, musculoskeletal diseases, no major surgical history, and no prior dermatologic-connective tissue diseases) were found to be suggestive risk factors.",medium
ndro-mvp-v0.1.2-20260823,2026-08-23,AD-R-077,AD,39160609,core,,,,,,,,,,AD-R-077-O04,cognition result 4,cognition,increase,not_reported,,The incidence of cognitive decline in the Aβ-positive participants gradually increased as the number of concurrent risk factors increased (p for trend = 0.0005).,medium
ndro-mvp-v0.1.2-20260823,2026-08-23,AD-R-078,AD,39637799,core,AD-R-078-I01,PM0,experimental_exposure,f,,,,,medium,,,,,,,,
ndro-mvp-v0.1.2-20260823,2026-08-23,AD-R-079,AD,40779804,core,AD-R-079-I01,Dual BChE/p38α MAPK inhibitors,drug,t,,,,vehicle/control not specified,high,AD-R-079-O01,Proinflammatory marker production,molecular_cellular,beneficial,not_reported,,Dual inhibitors reduced proinflammatory markers.,high
ndro-mvp-v0.1.2-20260823,2026-08-23,AD-R-079,AD,40779804,core,AD-R-079-I01,Dual BChE/p38α MAPK inhibitors,drug,t,,,,vehicle/control not specified,high,AD-R-079-O02,Cognition in induced mouse models,cognition,beneficial,significant,,The compounds improved cognition in mouse models.,high
ndro-mvp-v0.1.2-20260823,2026-08-23,AD-R-080,AD,41224995,separate,,,,,,,,,,AD-R-080-O01,other result 1,other,increase,not_reported,,The number of spatial omics technologies being developed is increasing1.,medium
ndro-mvp-v0.1.2-20260823,2026-08-23,AD-R-080,AD,41224995,separate,,,,,,,,,,AD-R-080-O02,diagnostic_performance result 2,diagnostic_performance,increase,not_reported,,"Here we present in situ imaging proteomics via expansion (iPEX), which integrates isotropic tissue magnification2 with matrix-assisted laser desorption/ionization (MALDI) mass spectrometry imaging. iPEX provides scalable spatial resolution down to the micrometre scale and substantially increases the sensitivity of protein identification by 10-100-fold.",medium
ndro-mvp-v0.1.2-20260823,2026-08-23,AD-R-080,AD,41224995,separate,,,,,,,,,,AD-R-080-O03,other result 3,other,not_reported,not_reported,,"Together, these results demonstrate that iPEX facilitates untargeted spatial proteomics at micrometre resolution for diverse applications.",medium
ndro-mvp-v0.1.2-20260823,2026-08-23,ALS-R-007,ALS,22117694,core,,,,,,,,,,ALS-R-007-O01,molecular_cellular result 1,molecular_cellular,harmful,not_reported,,"D-serine is an endogenous neurotransmitter that binds to the NMDA receptor, thereby increasing the affinity for glutamate, and the potential for excitotoxicity.",medium
ndro-mvp-v0.1.2-20260823,2026-08-23,ALS-R-007,ALS,22117694,core,,,,,,,,,,ALS-R-007-O02,other result 2,other,increase,not_reported,,"D-serine is increased two-fold in spinal cords of G93A Cu,Zn-superoxide dismutase (SOD1) mice--the standard model of amyotrophic lateral sclerosis (ALS).",medium
ndro-mvp-v0.1.2-20260823,2026-08-23,ALS-R-007,ALS,22117694,core,,,,,,,,,,ALS-R-007-O03,biomarker result 3,biomarker,increase,not_reported,,D-serine treatment also increases cord levels of the alanine-serine-cysteine transporter 1 (Asc-1).,medium
ndro-mvp-v0.1.2-20260823,2026-08-23,ALS-R-007,ALS,22117694,core,,,,,,,,,,ALS-R-007-O04,disease_progression result 4,disease_progression,harmful,not_reported,,"Although the mechanism by which SOD1 mutations increases D-serine is not known, these results strongly suggest that SR and D-serine are fundamentally involved in both the pre-symptomatic and progression phases of disease, and offer a direct link between mutant SOD1 and a glial-derived toxic mediator.",medium
ndro-mvp-v0.1.2-20260823,2026-08-23,ALS-R-009,ALS,20188146,core,ALS-R-009-I01,VAPBP56S transgenic expression,genetic_manipulation,f,,,,VAPBwt transgenic mice,high,ALS-R-009-O01,Motor phenotype,clinical_motor,no_effect,not_reported,VAPBwt,No overt motor phenotype was observed.,high
ndro-mvp-v0.1.2-20260823,2026-08-23,ALS-R-009,ALS,20188146,core,ALS-R-009-I01,VAPBP56S transgenic expression,genetic_manipulation,f,,,,VAPBwt transgenic mice,high,ALS-R-009-O02,Survival,survival,no_effect,not_reported,VAPBwt,No survival alteration was observed.,high
ndro-mvp-v0.1.2-20260823,2026-08-23,ALS-R-009,ALS,20188146,core,ALS-R-009-I01,VAPBP56S transgenic expression,genetic_manipulation,f,,,,VAPBwt transgenic mice,high,ALS-R-009-O03,Cytoplasmic TDP-43 accumulation,histopathology,increase,not_reported,VAPBwt,VAPBP56S mice developed late TDP-43 accumulations in motor neurons.,high
ndro-mvp-v0.1.2-20260823,2026-08-23,ALS-R-010,ALS,21111718,core,,,,,,,,,,ALS-R-010-O01,molecular_cellular result 1,molecular_cellular,increase,not_reported,,"Exposure of NSC34 and PNC to cobalt chloride or chronic sustained hypoxic conditions showed a dramatic increase of cellular Hif-1α (hypoxia inducing factor-1α), HO-1 (heme oxygenases-1), and UCP4 (uncoupling protein 4) expression by Western blot analysis, accompanied with increasing cellular apoptosis by histone protein release assay.",medium
ndro-mvp-v0.1.2-20260823,2026-08-23,ALS-R-010,ALS,21111718,core,,,,,,,,,,ALS-R-010-O02,disease_progression result 2,disease_progression,increase,significant,,"In an ALS mouse model, the caspase 3 activation, Aif (apoptosis inducing factor), cytochrome c redistribution in MN of spinal cord significantly increased at 70days of disease progression, and Hif-1α expression significantly increased at whole disease stages by an immunohistochemical positive cell counting and Western blot analysis, respectively.",high
ndro-mvp-v0.1.2-20260823,2026-08-23,ALS-R-010,ALS,21111718,core,,,,,,,,,,ALS-R-010-O03,survival result 3,survival,harmful,not_reported,,"The data on this in vitro and in vivo study suggested that oxidative toxicity promoted multiple molecular pathways associated with MN death in ALS and at least were partially associated with the changes of Hif-1α, HO-1, UCP4 expressive increment, caspase 3 activation and Aif, cytochrome c redistribution.",medium
ndro-mvp-v0.1.2-20260823,2026-08-23,ALS-R-011,ALS,22792076,separate,ALS-R-011-I01,Chronic tdp-1 upregulation,genetic_manipulation,f,,,,,high,ALS-R-011-O01,Lifespan after tdp-1 upregulation,survival,harmful,not_reported,,Chronic tdp-1 upregulation decreased lifespan.,high
ndro-mvp-v0.1.2-20260823,2026-08-23,ALS-R-011,ALS,22792076,separate,ALS-R-011-I02,Endogenous tdp-1 deletion,genetic_manipulation,f,,,,mutant TDP-43 or FUS without deletion,high,ALS-R-011-O02,TDP-43/FUS proteotoxicity after tdp-1 deletion,molecular_cellular,beneficial,not_reported,,Deleting endogenous tdp-1 rescued proteotoxicity.,high
ndro-mvp-v0.1.2-20260823,2026-08-23,ALS-R-013,ALS,21554033,core,,,,,,,,,,ALS-R-013-O01,clinical_motor result 1,clinical_motor,positive_association,significant,,Significant differences in motor unit action potential parameters were also noted between ALS and CSM or NC.,high
ndro-mvp-v0.1.2-20260823,2026-08-23,ALS-R-013,ALS,21554033,core,,,,,,,,,,ALS-R-013-O02,other result 2,other,no_effect,not_reported,,"Furthermore, no differences in neurogenic EMG measurements were observed in ALS between the trapezius and sternocleidomastoid muscles (p = 0.22).",high
ndro-mvp-v0.1.2-20260823,2026-08-23,ALS-R-013,ALS,21554033,core,,,,,,,,,,ALS-R-013-O03,clinical_motor result 3,clinical_motor,positive_association,not_reported,,"In conclusion, upper trapezius EMG recordings may provide valuable information for assessing the clinical and subclinical involvement of bulbar lower motor neurons in ALS patients, particularly at early disease stages.",medium
ndro-mvp-v0.1.2-20260823,2026-08-23,ALS-R-014,ALS,20407306,core,,,,,,,,,,ALS-R-014-O01,imaging result 1,imaging,mixed,not_reported,,Cuffless tubes were replaced by cuffed ones when hypoventilation developed despite increasing uTIPPV volumes.,medium
ndro-mvp-v0.1.2-20260823,2026-08-23,ALS-R-014,ALS,20407306,core,,,,,,,,,,ALS-R-014-O02,survival result 2,survival,not_reported,not_reported,,"RESULTS: The survival of 22 patients was prolonged by continuous noninvasive ventilatory support dependence for 7.8 +/- 8.1 mos (range, 1-36 mos; median, 5 mos) after 13.9 +/- 11.2 mos (range, 2-36 mos) of part-time noninvasive ventilatory support.",medium
ndro-mvp-v0.1.2-20260823,2026-08-23,ALS-R-014,ALS,20407306,core,,,,,,,,,,ALS-R-014-O03,other result 3,other,decrease,significant,,Pretracheotomy FVC was significantly lower in the ten patients who eventually required cuffed tubes (0.70 +/- 0.44 vs.,high
ndro-mvp-v0.1.2-20260823,2026-08-23,ALS-R-014,ALS,20407306,core,,,,,,,,,,ALS-R-014-O04,other result 4,other,decrease,significant,,"The bulbar-innervated muscle was significantly lower when the uTIPPV users required cuffed TIPPV than when beginning uTIPPV (Norris scale bulbar-innervated muscle subscore, 3.20 +/- 1.30 vs.",high
ndro-mvp-v0.1.2-20260823,2026-08-23,ALS-R-015,ALS,20206953,core,,,,,,,,,,ALS-R-015-O01,molecular_cellular result 1,molecular_cellular,increase,not_reported,,"INTRODUCTION: An apparent increased risk for developing Amyotrophic Lateral Sclerosis (ALS), a multifactorial neurodegenerative disease, is considered to exist in the military population.",medium
ndro-mvp-v0.1.2-20260823,2026-08-23,ALS-R-015,ALS,20206953,core,,,,,,,,,,ALS-R-015-O02,other result 2,other,not_reported,not_reported,,"RESULTS: We report a series of 73 patients, 69 male and four female, average age of 52.5 years (range 27 to 72 years) with a peak of patients in the 50-59 year age class.",medium
ndro-mvp-v0.1.2-20260823,2026-08-23,ALS-R-015,ALS,20206953,core,,,,,,,,,,ALS-R-015-O03,other result 3,other,not_reported,not_reported,,CONCLUSION: The retrospective nature of the data and the incomplete population with loss of retired military personnel without CNMSS affiliation are limitations of our study.,medium
ndro-mvp-v0.1.2-20260823,2026-08-23,ALS-R-017,ALS,20554027,core,,,,,,,,,,ALS-R-017-O01,biomarker result 1,biomarker,not_reported,significant,,"Although significant effects of interferon-gamma (IFN-gamma) on glial cells are well documented, information on the expression level and localization of glial IFN-gamma receptors (IFN-gamma-R) in the human central nervous system (CNS) is sparse.",high
ndro-mvp-v0.1.2-20260823,2026-08-23,ALS-R-017,ALS,20554027,core,,,,,,,,,,ALS-R-017-O02,molecular_cellular result 2,molecular_cellular,not_reported,not_reported,,We observed a similar pattern of glial IFN-gamma-R expression in non-neurological cases.,medium
ndro-mvp-v0.1.2-20260823,2026-08-23,ALS-R-017,ALS,20554027,core,,,,,,,,,,ALS-R-017-O03,molecular_cellular result 3,molecular_cellular,not_reported,not_reported,,"In contrast to in vivo results, almost all IFN-gamma-R(+) cells were IBA1(+) in microglial cultures, GFAP(+) in astrocytic cultures and MBP(+) in oligodendrocytic cultures.",medium
ndro-mvp-v0.1.2-20260823,2026-08-23,ALS-R-017,ALS,20554027,core,,,,,,,,,,ALS-R-017-O04,molecular_cellular result 4,molecular_cellular,no_effect,not_significant,,"Moreover, no significant difference in IFN-gamma-R mRNA expression was found for these glial cell types by RT-PCR.",high
ndro-mvp-v0.1.2-20260823,2026-08-23,ALS-R-019,ALS,20225928,core,,,,,,,,,,ALS-R-019-O01,histopathology result 1,histopathology,positive_association,not_reported,,We correlated ubiquitinated to TDP-43 aggregates on adjacent histological sections for the lumbar regions.,medium
ndro-mvp-v0.1.2-20260823,2026-08-23,ALS-R-019,ALS,20225928,core,,,,,,,,,,ALS-R-019-O02,clinical_motor result 2,clinical_motor,not_reported,not_reported,,"We found that TDP-43 cytoplasmic aggregates are seen in about 8% of motor neurons but there is marked variability between nervous systems, ranging from 0.4% to 20.6%.",high
ndro-mvp-v0.1.2-20260823,2026-08-23,ALS-R-020,ALS,22350501,core,,,,,,,,,,ALS-R-020-O01,other result 1,other,positive_association,not_reported,,"Three types of EEG features were found to be good predictors of P300 BCI performance: (1) the root-mean-square amplitude and (2) the negative peak amplitude of the event-related potential to target stimuli (target ERP) at Fz, Cz, P3, Pz, and P4; and (3) EEG theta frequency (4.5-8 Hz) power at Fz, Cz, P3, Pz, P4, PO7, PO8 and Oz.",medium
ndro-mvp-v0.1.2-20260823,2026-08-23,ALS-R-020,ALS,22350501,core,,,,,,,,,,ALS-R-020-O02,other result 2,other,positive_association,not_reported,,"A statistical prediction model that used a subset of these features accounted for >60% of the variance in copy-spelling performance (p < 0.001, mean R(2) = 0.6175).",high
ndro-mvp-v0.1.2-20260823,2026-08-23,ALS-R-020,ALS,22350501,core,,,,,,,,,,ALS-R-020-O03,other result 3,other,not_reported,not_reported,,The results enhance understanding of performance differences among P300 BCI users.,medium
ndro-mvp-v0.1.2-20260823,2026-08-23,ALS-R-020,ALS,22350501,core,,,,,,,,,,ALS-R-020-O04,other result 4,other,not_reported,not_reported,,The predictors found in this study might help in: (1) identifying suitable candidates for long-term P300 BCI operation; (2) assessing performance online.,medium
ndro-mvp-v0.1.2-20260823,2026-08-23,ALS-R-021,ALS,29035885,core,,,,,,,,,,ALS-R-021-O01,molecular_cellular result 1,molecular_cellular,not_reported,not_reported,,RESULTS: Fibroblasts from healthy controls and sporadic ALS cases showed a prominent nuclear FUS expression.,medium
ndro-mvp-v0.1.2-20260823,2026-08-23,ALS-R-021,ALS,29035885,core,,,,,,,,,,ALS-R-021-O02,other result 2,other,decrease,not_reported,,"Cytoplasmic FUS was recruited into stress granules, which showed a time-dependent decrease in all subjects.",medium
ndro-mvp-v0.1.2-20260823,2026-08-23,ALS-R-021,ALS,29035885,core,,,,,,,,,,ALS-R-021-O03,molecular_cellular result 3,molecular_cellular,increase,not_reported,,"CONCLUSIONS: We show that in fibroblasts of FUS P525L mutation carriers, FUS mislocalized to the cytoplasm where it redistributed into stress granules with likely a dose effect, i.e. a higher number of cells with granules, which persist longer, than in controls and ALS cases.",medium
ndro-mvp-v0.1.2-20260823,2026-08-23,ALS-R-022,ALS,28566164,core,,,,,,,,,,ALS-R-022-O01,clinical_motor result 1,clinical_motor,positive_association,not_reported,,Cervical spinal cord and motor unit pathology in a canine model of SOD1-associated amyotrophic lateral sclerosis.,medium
ndro-mvp-v0.1.2-20260823,2026-08-23,ALS-R-022,ALS,28566164,core,,,,,,,,,,ALS-R-022-O02,molecular_cellular result 2,molecular_cellular,positive_association,not_reported,,"Degenerative myelopathy (DM), a naturally occurring disease in dogs, is quite similar to forms of ALS associated with SOD1 mutations and is likely to be a good model for these forms of the human disease.",medium
ndro-mvp-v0.1.2-20260823,2026-08-23,ALS-R-022,ALS,28566164,core,,,,,,,,,,ALS-R-022-O03,other result 3,other,positive_association,not_reported,,"Cervical spinal cord and the associated spinal nerve roots, ulnar nerve, and the extensor carpi radialis (ECR) muscle were obtained from Pembroke Welsh Corgi dogs (PWCs) with early and late stage DM and from age-matched unaffected PWCs.",medium
ndro-mvp-v0.1.2-20260823,2026-08-23,ALS-R-022,ALS,28566164,core,,,,,,,,,,ALS-R-022-O04,other result 4,other,increase,not_reported,,In early stage disease there was a substantial change in the ratio of the two main muscle fiber types and an increase in mean muscle fiber area in the ECR.,medium
ndro-mvp-v0.1.2-20260823,2026-08-23,ALS-R-024,ALS,27666978,core,ALS-R-024-I01,bone marrow mononuclear cell transplantation,cell_therapy,t,,,,,high,ALS-R-024-O01,other result 1,other,not_reported,significant,,The effects were more significant for the EGFPBMMC-transplanted mice.,high
ndro-mvp-v0.1.2-20260823,2026-08-23,ALS-R-024,ALS,27666978,core,ALS-R-024-I01,bone marrow mononuclear cell transplantation,cell_therapy,t,,,,,high,ALS-R-024-O02,survival result 2,survival,beneficial,not_reported,,"In late symptomatic mice, EGFPBMMCs promoted a discrete increase in survival, without other clinical improvements.",medium
ndro-mvp-v0.1.2-20260823,2026-08-23,ALS-R-024,ALS,27666978,core,ALS-R-024-I01,bone marrow mononuclear cell transplantation,cell_therapy,t,,,,,high,ALS-R-024-O03,behavior result 3,behavior,not_reported,not_reported,,"Despite positive behavioral effects observed in our study, the limited results we observed for late transplanted mice call for caution before clinical application of BMMCs in ALS.",medium
ndro-mvp-v0.1.2-20260823,2026-08-23,ALS-R-026,ALS,26516189,separate,,,,,,,,,,ALS-R-026-O01,molecular_cellular result 1,molecular_cellular,positive_association,not_reported,,"Folliculin, a tumor suppressor associated with Birt-Hogg-Dubé (BHD) syndrome, is a novel modifier of TDP-43 cytoplasmic translocation and aggregation.",medium
ndro-mvp-v0.1.2-20260823,2026-08-23,ALS-R-026,ALS,26516189,separate,,,,,,,,,,ALS-R-026-O02,molecular_cellular result 2,molecular_cellular,positive_association,not_reported,,"It has been shown that a loss of nuclear TDP-43 in combination with enhanced cytoplasmic mislocalization of TDP-43, which is associated with accumulation of TDP-43 aggregates in the cytosol, is an early and key event in TDP-43-mediated neurodegeneration.",medium
ndro-mvp-v0.1.2-20260823,2026-08-23,ALS-R-030,ALS,25620680,core,,,,,,,,,,ALS-R-030-O01,Runs of homozygosity in ALS cases,biomarker,increase,not_reported,,ROHs were longer and more frequent in ALS cases than controls.,high
ndro-mvp-v0.1.2-20260823,2026-08-23,ALS-R-030,ALS,25620680,core,,,,,,,,,,ALS-R-030-O02,Candidate recessive ALS risk loci,molecular_cellular,positive_association,not_reported,,"Several potential recessive loci were identified, including ARHGEF1.",high
ndro-mvp-v0.1.2-20260823,2026-08-23,ALS-R-031,ALS,25551548,core,,,,,,,,,,ALS-R-031-O01,molecular_cellular result 1,molecular_cellular,positive_association,not_reported,,"We have previously shown that misfolded mutant Cu/Zn superoxide dismutase (SOD1), mutation of which is associated with a subset of ALS cases, can induce endogenous wild-type SOD1 misfolding in the intracellular environment in a templating fashion similar to that of misfolded prion protein.",medium
ndro-mvp-v0.1.2-20260823,2026-08-23,ALS-R-033,ALS,27065942,core,,,,,,,,,,ALS-R-033-O01,other result 1,other,beneficial,not_reported,,Antecedent Disease and Amyotrophic Lateral Sclerosis: What Is Protecting Whom?,medium
ndro-mvp-v0.1.2-20260823,2026-08-23,ALS-R-033,ALS,27065942,core,,,,,,,,,,ALS-R-033-O02,molecular_cellular result 2,molecular_cellular,beneficial,not_reported,,"Multiple studies have shown that antecedent diseases are less prevalent in amyotrophic lateral sclerosis (ALS) patients than the general age-matched population, which suggests possible neuroprotection.",medium
ndro-mvp-v0.1.2-20260823,2026-08-23,ALS-R-033,ALS,27065942,core,,,,,,,,,,ALS-R-033-O03,other result 3,other,beneficial,not_reported,,"Antecedent disease could be protective against ALS or, conversely, the asymptomatic early physiological underpinnings of ALS could be protective against other antecedent disease.",medium
ndro-mvp-v0.1.2-20260823,2026-08-23,ALS-R-033,ALS,27065942,core,,,,,,,,,,ALS-R-033-O04,other result 4,other,positive_association,not_reported,,"When controlled for confounders, antecedent hypertension (high blood pressure), hyperlipidemia (high cholesterol), arthritis, COPD, thyroid disease, and non-ALS neurological disease are found to be statistically associated with a delayed ALS onset age, whereas antecedent obesity [body mass index (BMI) > 30] was correlated to earlier ALS onset age.",medium
ndro-mvp-v0.1.2-20260823,2026-08-23,ALS-R-035,ALS,26003296,core,,,,,,,,,,ALS-R-035-O01,molecular_cellular result 1,molecular_cellular,positive_association,not_reported,,"Particularly, a variation c.1238C>T (p.Pro413Leu) in the chromogranin B gene, CHGB, has been associated with an earlier age at onset in both familial and sporadic ALS in French/French-Canadian populations studied.",medium
ndro-mvp-v0.1.2-20260823,2026-08-23,ALS-R-035,ALS,26003296,core,,,,,,,,,,ALS-R-035-O02,other result 2,other,no_effect,not_reported,,Our study on a cohort of Italian patients with SALS and controls failed to confirm an increased frequency of the 413L variant in SALS patients.,medium
ndro-mvp-v0.1.2-20260823,2026-08-23,ALS-R-035,ALS,26003296,core,,,,,,,,,,ALS-R-035-O03,other result 3,other,not_reported,not_reported,,Our findings do not support the 413L variant as a risk factor for sporadic ALS in the Italian population.,medium
ndro-mvp-v0.1.2-20260823,2026-08-23,ALS-R-039,ALS,25252949,core,,,,,,,,,,ALS-R-039-O01,other result 1,other,no_effect,not_reported,,There were no differences in peak fura-2 ratio at any stimulation frequency at 70 days (early presymptomatic).,medium
ndro-mvp-v0.1.2-20260823,2026-08-23,ALS-R-039,ALS,25252949,core,,,,,,,,,,ALS-R-039-O02,other result 2,other,increase,not_reported,,"However, at 90 days (late presymptomatic) and 120-140 days (symptomatic), fura-2 ratio was increased at 10 Hz in ALS Tg compared with wild-type (WT) fibers (0.670 ± 0.02 vs.",medium
ndro-mvp-v0.1.2-20260823,2026-08-23,ALS-R-039,ALS,25252949,core,,,,,,,,,,ALS-R-039-O03,other result 3,other,increase,significant,,There was also a significant increase in resting fura-2 ratio at 90 days (0.351 ± 0.008 vs.,high
ndro-mvp-v0.1.2-20260823,2026-08-23,ALS-R-039,ALS,25252949,core,,,,,,,,,,ALS-R-039-O04,molecular_cellular result 4,molecular_cellular,positive_association,not_reported,,"These increases in intracellular Ca(2+) in ALS Tg muscle were associated with reductions in the sarcoplasmic/endoplasmic reticulum Ca(2+) ATPase proteins SERCA1 (to 54% and 19% of WT) and SERCA2 (to 56% and 11% of WT) and parvalbumin (to 80 and 62% of WT) in gastrocnemius muscle at 90 and 120-140 days, respectively.",high
ndro-mvp-v0.1.2-20260823,2026-08-23,ALS-R-040,ALS,24946089,core,,,,,,,,,,ALS-R-040-O01,disease_progression result 1,disease_progression,mixed,not_reported,,"SIRT1 decreases in the spinal cord, but increases in muscle during the progression of the disease, and a similar expression pattern is observed in the corresponding cell models (neuroblastoma and myoblasts).",medium
ndro-mvp-v0.1.2-20260823,2026-08-23,ALS-R-040,ALS,24946089,core,,,,,,,,,,ALS-R-040-O02,molecular_cellular result 2,molecular_cellular,no_effect,not_reported,,SIRT2 mRNA expression increases in the spinal cord in both G93A-SOD1 and G86R-SOD1 mice but protein expression is substantially unchanged in all the models examined.,medium
ndro-mvp-v0.1.2-20260823,2026-08-23,ALS-R-041,ALS,29523587,core,ALS-R-041-I01,proinflammatory cytokines,drug,f,,,,,medium,ALS-R-041-O01,biomarker result 1,biomarker,mixed,not_reported,,"RESULTS: MSCs isolated from patients with ALS have a higher differentiation potential into adipocytes, express elevated levels of mRNA for interleukin-6, but produce less hepatocyte growth factor than MSCs from HC.",medium
ndro-mvp-v0.1.2-20260823,2026-08-23,ALS-R-041,ALS,29523587,core,ALS-R-041-I01,proinflammatory cytokines,drug,f,,,,,medium,ALS-R-041-O02,molecular_cellular result 2,molecular_cellular,no_effect,not_significant,,"On the other hand, there were no significant differences between MSCs from patients with ALS and HC in the expression of phenotypic markers, growth properties, metabolic activity, osteogenic differentiation potential and immunoregulatory properties.",high
ndro-mvp-v0.1.2-20260823,2026-08-23,ALS-R-041,ALS,29523587,core,ALS-R-041-I01,proinflammatory cytokines,drug,f,,,,,medium,ALS-R-041-O03,molecular_cellular result 3,molecular_cellular,not_reported,not_reported,,"CONCLUSIONS: The results suggest that, in spite of some differences in cytokine production, MSCs from patients with ALS can be useful as autologous cells in therapy of ALS.",medium
ndro-mvp-v0.1.2-20260823,2026-08-23,ALS-R-045,ALS,34207086,core,,,,,,,,,,ALS-R-045-O01,Activated microglial morphology,histopathology,increase,not_reported,,"Activated microglia with shorter, thicker processes were detected at symptom onset.",high
ndro-mvp-v0.1.2-20260823,2026-08-23,ALS-R-047,ALS,32447552,core,,,,,,,,,,ALS-R-047-O01,molecular_cellular result 1,molecular_cellular,not_reported,not_reported,,The resulting protein alterations were visualized in a crystal structure model.,medium
ndro-mvp-v0.1.2-20260823,2026-08-23,ALS-R-047,ALS,32447552,core,,,,,,,,,,ALS-R-047-O02,molecular_cellular result 2,molecular_cellular,harmful,not_reported,,All detected SPG7 variants affect the AAA+ domain of the encoded mitochondrial metalloprotease paraplegin and impair its stability or function according to predictions from mRNA analysis or crystal structure modeling.,medium
ndro-mvp-v0.1.2-20260823,2026-08-23,ALS-R-047,ALS,32447552,core,,,,,,,,,,ALS-R-047-O03,molecular_cellular result 3,molecular_cellular,not_reported,not_reported,,"Collectively, our findings suggest that SPG7 acts as a genetic risk factor for ALS.",medium
ndro-mvp-v0.1.2-20260823,2026-08-23,ALS-R-048,ALS,30440578,core,,,,,,,,,,ALS-R-048-O01,clinical_motor result 1,clinical_motor,increase,not_reported,,Increased Theta Oscillations During Motor Imagery in a Subject with Late-stage ALS.,medium
ndro-mvp-v0.1.2-20260823,2026-08-23,ALS-R-048,ALS,30440578,core,,,,,,,,,,ALS-R-048-O02,clinical_motor result 2,clinical_motor,increase,not_reported,,Quantification shows that the theta oscillatory power increases during motor imagery tasks compared to idle tasks for both open-loop as well as closed-loop BCI tasks.,medium
ndro-mvp-v0.1.2-20260823,2026-08-23,ALS-R-053,ALS,33621087,core,,,,,,,,,,ALS-R-053-O01,cognition result 1,cognition,harmful,not_reported,,"For example, the TDP-43 protein associated with Amyotrophic Lateral Sclerosis has been found in the brain along with Aβ assemblies associated with Alzheimer's disease, and those patients that show the presence of TDP-43 are 10 times more likely to demonstrate cognitive impairment compared to TDP-43-negative Alzheimer's patients.",medium
ndro-mvp-v0.1.2-20260823,2026-08-23,ALS-R-053,ALS,33621087,core,,,,,,,,,,ALS-R-053-O02,molecular_cellular result 2,molecular_cellular,not_reported,not_reported,,"Utilizing ion mobility mass spectrometry in concert with atomic force microscopy and molecular dynamics simulations, we investigate which oligomers are involved in seeding aggregation across these two different protein systems and gain insight into which structures initiate and result from these interactions.",medium
ndro-mvp-v0.1.2-20260823,2026-08-23,ALS-R-053,ALS,33621087,core,,,,,,,,,,ALS-R-053-O03,molecular_cellular result 3,molecular_cellular,harmful,not_reported,,Our findings identify a strong catalytic effect of TDP-43307-319 WT monomer in the acceleration of Aβ25-35 aggregation to its toxic cylindrin and β barrel forms.,medium
ndro-mvp-v0.1.2-20260823,2026-08-23,ALS-R-054,ALS,30574410,core,,,,,,,,,,ALS-R-054-O01,survival result 1,survival,positive_association,not_reported,,Prognostic Nomogram Associated with Longer Survival in Amyotrophic Lateral Sclerosis Patients.,medium
ndro-mvp-v0.1.2-20260823,2026-08-23,ALS-R-054,ALS,30574410,core,,,,,,,,,,ALS-R-054-O02,survival result 2,survival,positive_association,not_reported,,We conducted a study to evaluate the predictive factors associated with longer survival and construct prognostic nomogram in ALS patients.,medium
ndro-mvp-v0.1.2-20260823,2026-08-23,ALS-R-054,ALS,30574410,core,,,,,,,,,,ALS-R-054-O03,survival result 3,survival,not_reported,not_reported,,"Risk factors for survival were identified using logistic regression analysis, and a nomogram created by R program was performed to predict the probability of longer survival in the training set; then receiver operating characteristic (ROC) analysis was applied to assess predictive value of the nomogram model.",medium
ndro-mvp-v0.1.2-20260823,2026-08-23,ALS-R-054,ALS,30574410,core,,,,,,,,,,ALS-R-054-O04,survival result 4,survival,not_reported,not_reported,,"Multivariate analyses revealed that age of onset, rate of disease progression, hemoglobin A1c (HbA1c) level, body mass index, creatinine, creatine kinase (CK), and non-invasive positive pressure ventilation (NIPPV) were independent predictors of longer survival.",medium
ndro-mvp-v0.1.2-20260823,2026-08-23,ALS-R-057,ALS,31042469,core,,,,,,,,,,ALS-R-057-O01,other result 1,other,positive_association,not_reported,,Loss of Nuclear TDP-43 Is Associated with Decondensation of LINE Retrotransposons.,medium
ndro-mvp-v0.1.2-20260823,2026-08-23,ALS-R-057,ALS,31042469,core,,,,,,,,,,ALS-R-057-O02,other result 2,other,positive_association,not_reported,,The molecular changes associated with the loss of nuclear TDP-43 in human tissues are not entirely known.,medium
ndro-mvp-v0.1.2-20260823,2026-08-23,ALS-R-057,ALS,31042469,core,,,,,,,,,,ALS-R-057-O03,molecular_cellular result 3,molecular_cellular,positive_association,not_reported,,"Nuclear TDP-43 loss is associated with gene expression changes that affect RNA processing, nucleocytoplasmic transport, histone processing, and DNA damage.",medium
ndro-mvp-v0.1.2-20260823,2026-08-23,ALS-R-057,ALS,31042469,core,,,,,,,,,,ALS-R-057-O04,other result 4,other,positive_association,not_reported,,Loss of nuclear TDP-43 is also associated with chromatin decondensation around long interspersed nuclear elements (LINEs) and increased LINE1 DNA content.,medium
ndro-mvp-v0.1.2-20260823,2026-08-23,ALS-R-059,ALS,30564616,core,,,,,,,,,,ALS-R-059-O01,biomarker result 1,biomarker,decrease,not_reported,,RESULTS: ASO treatment lowered hTau mRNA and protein production (measured by 13C6-leucine-labeled hTau protein) earlier than total hTau protein concentration in transgenic mouse cortex.,medium
ndro-mvp-v0.1.2-20260823,2026-08-23,ALS-R-059,ALS,30564616,core,,,,,,,,,,ALS-R-059-O02,biomarker result 2,biomarker,decrease,not_reported,,"In the CSF of hSOD1 transgenic rats, ASO treatment lowered newly generated hSOD1 protein driven by decreases in newly synthesized hSOD1 protein, not overall protein concentration, 30 days after treatment.",medium
ndro-mvp-v0.1.2-20260823,2026-08-23,ALS-R-059,ALS,30564616,core,,,,,,,,,,ALS-R-059-O03,molecular_cellular result 3,molecular_cellular,decrease,not_reported,,"At later time points, decreases in newly generated protein were still observed after mRNA lowering reached a steady state after ASO treatment.",medium
ndro-mvp-v0.1.2-20260823,2026-08-23,ALS-R-059,ALS,30564616,core,,,,,,,,,,ALS-R-059-O04,molecular_cellular result 4,molecular_cellular,decrease,not_reported,,"Early in ASO treatment, decreases in newly generated protein are driven by changes in newly synthesized protein.",medium
ndro-mvp-v0.1.2-20260823,2026-08-23,ALS-R-062,ALS,38050971,core,,,,,,,,,,ALS-R-062-O01,other result 1,other,decrease,significant,,"RESULTS: ALS + bulbar had significantly reduced VSA and F2 slope than ALS-nonbulbar (|d|=0.94 and |d|=1.04, respectively), bvFTD (|d|=0.89 and |d|=1.47), and HC (|d|=0.73 and |d|=0.99).",high
ndro-mvp-v0.1.2-20260823,2026-08-23,ALS-R-062,ALS,38050971,core,,,,,,,,,,ALS-R-062-O02,imaging result 2,imaging,positive_association,not_significant,,"These reductions correlated with worse bulbar clinical scores (VSA: R = 0.33, p = 0.043; F2 slope: R = 0.38, p = 0.011), greater listener effort (VSA: R=-0.43, p = 0.041; F2 slope: p > 0.05), and cortical thinning in oral PMC (F2 slope: β = 0.0026, p = 0.017).",high
ndro-mvp-v0.1.2-20260823,2026-08-23,ALS-R-062,ALS,38050971,core,,,,,,,,,,ALS-R-062-O03,communication result 3,communication,harmful,not_reported,,"CONCLUSION: Automatic vowel measures are easily derived from a brief spontaneous speech sample, are sensitive to mild-moderate stage of bulbar disease in ALS-FTSD, and may present better sensitivity to bulbar impairment compared to traditional assessments such as speaking rate.",medium
ndro-mvp-v0.1.2-20260823,2026-08-23,ALS-R-063,ALS,41850140,core,ALS-R-063-I01,TDPL1,small_molecule_candidate,t,,,,,high,ALS-R-063-O01,other result 1,other,positive_association,not_reported,,In vitro affinity assays confirmed the computational predictions.,medium
ndro-mvp-v0.1.2-20260823,2026-08-23,ALS-R-063,ALS,41850140,core,ALS-R-063-I01,TDPL1,small_molecule_candidate,t,,,,,high,ALS-R-063-O02,molecular_cellular result 2,molecular_cellular,positive_association,not_reported,,"Based on the MD simulation results, we further investigated the binding mode between TDPL1 and TDP-43 amyloid proteins.",medium
ndro-mvp-v0.1.2-20260823,2026-08-23,ALS-R-064,ALS,37178170,core,,,,,,,,,,ALS-R-064-O01,service_delivery result 1,service_delivery,beneficial,not_reported,,"The understanding of disease propagation mechanisms is of considerable conceptual interests, and defining the optimal time of pharmacological intervention is essential for improved clinical trial outcomes.",medium
ndro-mvp-v0.1.2-20260823,2026-08-23,ALS-R-064,ALS,37178170,core,,,,,,,,,,ALS-R-064-O02,imaging result 2,imaging,not_reported,not_reported,,"RESULTS: Asymptomatic GGGGCC hexanucleotide repeat carriers in C9orf72 exhibited early subcortical changes with the preferential involvement of the pulvinar and mediodorsal regions of the thalamus, as well as the lateral aspect of the hippocampus.",medium
ndro-mvp-v0.1.2-20260823,2026-08-23,ALS-R-064,ALS,37178170,core,,,,,,,,,,ALS-R-064-O03,imaging result 3,imaging,not_reported,significant,,SOD1 mutation carriers did not exhibit significant subcortical grey matter alterations.,high
ndro-mvp-v0.1.2-20260823,2026-08-23,ALS-R-064,ALS,37178170,core,,,,,,,,,,ALS-R-064-O04,imaging result 4,imaging,positive_association,not_reported,,DISCUSSION: The presymptomatic radiological signature of C9orf72 is associated with selective thalamic and focal hippocampal degeneration which may be readily detectable before cortical grey matter changes ensue.,medium
ndro-mvp-v0.1.2-20260823,2026-08-23,ALS-R-066,ALS,35379698,core,,,,,,,,,,ALS-R-066-O01,biomarker result 1,biomarker,positive_association,not_reported,,Development of a sensitive trial-ready poly(GP) CSF biomarker assay for C9orf72-associated frontotemporal dementia and amyotrophic lateral sclerosis.,medium
ndro-mvp-v0.1.2-20260823,2026-08-23,ALS-R-066,ALS,35379698,core,,,,,,,,,,ALS-R-066-O02,diagnostic_performance result 2,diagnostic_performance,not_reported,not_reported,,"RESULTS AND CONCLUSIONS: We show the assay to be highly sensitive and robust, passing extensive qualification criteria including low intraplate and interplate variability, a high precision and accuracy in measuring both calibrators and samples, dilutional parallelism, tolerance to sample and standard freeze-thaw and no haemoglobin interference.",medium
ndro-mvp-v0.1.2-20260823,2026-08-23,ALS-R-066,ALS,35379698,core,,,,,,,,,,ALS-R-066-O03,diagnostic_performance result 3,diagnostic_performance,mixed,not_reported,,"We found it had 100% specificity and 100% sensitivity and a large window for detecting target engagement, as the C9orf72 CSF sample with the lowest poly(GP) signal had eightfold higher signal than controls and on average values from C9orf72 samples were 38-fold higher than controls, which all fell below the lower limit of quantification of the assay.",high
ndro-mvp-v0.1.2-20260823,2026-08-23,ALS-R-066,ALS,35379698,core,,,,,,,,,,ALS-R-066-O04,service_delivery result 4,service_delivery,decrease,not_reported,,These data indicate that a Simoa-based poly(GP) DPR assay is suitable for use in clinical trials to determine target engagement of therapeutics aimed at reducing C9orf72 repeat-containing transcripts.,medium
ndro-mvp-v0.1.2-20260823,2026-08-23,ALS-R-068,ALS,42116669,core,,,,,,,,,,ALS-R-068-O01,Motor conduction velocity in ALS,biomarker,decrease,significant,healthy controls,Onset- and offset-MCV were reduced in ALS.,high
ndro-mvp-v0.1.2-20260823,2026-08-23,ALS-R-068,ALS,42116669,core,,,,,,,,,,ALS-R-068-O02,Offset-MCV and survival,survival,negative_association,significant,,Lower offset-MCV was associated with shorter survival.,high
ndro-mvp-v0.1.2-20260823,2026-08-23,ALS-R-068,ALS,42116669,core,,,,,,,,,,ALS-R-068-O03,Tibial offset-MCV prognostic value,biomarker,positive_association,significant,,Tibial offset-MCV independently predicted prognosis.,high
ndro-mvp-v0.1.2-20260823,2026-08-23,ALS-R-069,ALS,39651147,core,,,,,,,,,,ALS-R-069-O01,other result 1,other,mixed,not_reported,,The ALS-associated co-chaperone DNAJC7 mediates neuroprotection against proteotoxic stress by modulating HSF1 activity.,medium
ndro-mvp-v0.1.2-20260823,2026-08-23,ALS-R-069,ALS,39651147,core,,,,,,,,,,ALS-R-069-O02,molecular_cellular result 2,molecular_cellular,positive_association,not_reported,,"The degeneration of neurons in patients with amyotrophic lateral sclerosis (ALS) is commonly associated with accumulation of misfolded, insoluble proteins.",medium
ndro-mvp-v0.1.2-20260823,2026-08-23,ALS-R-069,ALS,39651147,core,,,,,,,,,,ALS-R-069-O03,clinical_motor result 3,clinical_motor,not_reported,not_reported,,"Using mass spectrometry, we found that the DNAJC7 interactome in human motor neurons (MNs) is enriched for RNA binding proteins (RBPs) and stress response chaperones.",medium
ndro-mvp-v0.1.2-20260823,2026-08-23,ALS-R-069,ALS,39651147,core,,,,,,,,,,ALS-R-069-O04,molecular_cellular result 4,molecular_cellular,positive_association,not_reported,,MNs generated from iPSCs with the ALS-associated mutation R156X in DNAJC7 exhibit increased insolubility of its client RBP HNRNPU and associated RNA metabolism alterations.,medium
ndro-mvp-v0.1.2-20260823,2026-08-23,ALS-R-072,ALS,39203762,core,,,,,,,,,,ALS-R-072-O01,molecular_cellular result 1,molecular_cellular,increase,not_reported,,"Amyotrophic Lateral Sclerosis (ALS) is a progressive neurodegenerative disease frequently accompanied by malnutrition due to weight loss, increased energy expenditure, and muscle mass loss.",medium
ndro-mvp-v0.1.2-20260823,2026-08-23,ALS-R-072,ALS,39203762,core,,,,,,,,,,ALS-R-072-O02,other result 2,other,positive_association,not_reported,,This study aimed to evaluate morphofunctional assessment tools as predictors of malnutrition and to investigate their relationship with muscle status and disease severity in ALS patients.,medium
ndro-mvp-v0.1.2-20260823,2026-08-23,ALS-R-072,ALS,39203762,core,,,,,,,,,,ALS-R-072-O03,other result 3,other,not_reported,significant,,Significant differences were observed between malnourished and non-malnourished groups in age (70 ± 9 vs.,high
ndro-mvp-v0.1.2-20260823,2026-08-23,ALS-R-072,ALS,39203762,core,,,,,,,,,,ALS-R-072-O04,other result 4,other,no_effect,not_significant,,No significant differences were found in muscle strength or functional status.,high
ndro-mvp-v0.1.2-20260823,2026-08-23,ALS-R-075,ALS,39291166,core,ALS-R-075-I01,colchicine,drug,t,,,,,high,ALS-R-075-O01,other result 1,other,beneficial,not_reported,,"The number of positive responders, defined as patients with a decrease lesser than 4 points in the Amyotrophic Lateral Sclerosis Functional Rating Scale-Revised total score during the 30-week treatment period, was the primary outcome.",medium
ndro-mvp-v0.1.2-20260823,2026-08-23,ALS-R-075,ALS,39291166,core,ALS-R-075-I01,colchicine,drug,t,,,,,high,ALS-R-075-O02,safety result 2,safety,not_reported,significant,,The differences in adverse events were not statistically significant.,high
ndro-mvp-v0.1.2-20260823,2026-08-23,ALS-R-075,ALS,39291166,core,ALS-R-075-I01,colchicine,drug,t,,,,,high,ALS-R-075-O03,other result 3,other,not_reported,not_reported,,"In conclusion, colchicine treatment was safe for amyotrophic lateral sclerosis patients.",medium
ndro-mvp-v0.1.2-20260823,2026-08-23,ALS-R-075,ALS,39291166,core,ALS-R-075-I02,colchicine 0,drug,t,,,,,medium,,,,,,,,
ndro-mvp-v0.1.2-20260823,2026-08-23,ALS-R-076,ALS,37138766,core,ALS-R-076-I01,type I PRMT inhibitor,drug,t,,,,,high,ALS-R-076-O01,clinical_motor result 1,clinical_motor,harmful,not_reported,,Reduced C9orf72 expression exacerbates polyGR toxicity in patient iPSC-derived motor neurons and a Type I protein arginine methyltransferase inhibitor reduces that toxicity.,medium
ndro-mvp-v0.1.2-20260823,2026-08-23,ALS-R-076,ALS,37138766,core,ALS-R-076-I01,type I PRMT inhibitor,drug,t,,,,,high,ALS-R-076-O02,other result 2,other,harmful,not_reported,,These repeat expansions are believed to result in both loss-of-function and toxic gain-of-function.,medium
ndro-mvp-v0.1.2-20260823,2026-08-23,ALS-R-076,ALS,37138766,core,ALS-R-076-I01,type I PRMT inhibitor,drug,t,,,,,high,ALS-R-076-O03,molecular_cellular result 3,molecular_cellular,harmful,not_reported,,"Gain-of-function results in the production of toxic arginine-rich dipeptide repeat proteins (DPRs), namely polyGR and polyPR.",medium
ndro-mvp-v0.1.2-20260823,2026-08-23,ALS-R-076,ALS,37138766,core,ALS-R-076-I01,type I PRMT inhibitor,drug,t,,,,,high,ALS-R-076-O04,clinical_motor result 4,clinical_motor,mixed,not_reported,,"Small-molecule inhibition of Type I protein arginine methyltransferases (PRMTs) has been shown to protect against toxicity resulting from polyGR and polyPR challenge in NSC-34 cells and primary mouse-derived spinal neurons, but the effect in human motor neurons (MNs) has not yet been explored.",medium
ndro-mvp-v0.1.2-20260823,2026-08-23,ALS-R-076,ALS,37138766,core,ALS-R-076-I02,arginine,dietary,t,,,,,high,,,,,,,,
ndro-mvp-v0.1.2-20260823,2026-08-23,ALS-R-077,ALS,38359044,core,ALS-R-077-I01,GSK2606414,drug,t,,,,,high,ALS-R-077-O01,other result 1,other,no_effect,not_reported,,"PERK modulation, with GSK2606414, Sephin1 or salubrinal, failed to produce therapeutic benefits in the SOD1G93A mouse model of ALS.",medium
ndro-mvp-v0.1.2-20260823,2026-08-23,ALS-R-077,ALS,38359044,core,ALS-R-077-I01,GSK2606414,drug,t,,,,,high,ALS-R-077-O02,other result 2,other,beneficial,not_reported,,"However, attempts to pharmacologically modulate PERK for therapeutic benefit have yielded inconsistent and often conflicting results.",medium
ndro-mvp-v0.1.2-20260823,2026-08-23,ALS-R-077,ALS,38359044,core,ALS-R-077-I01,GSK2606414,drug,t,,,,,high,ALS-R-077-O03,other result 3,other,not_reported,not_reported,,"The alpha-2-adrenergic receptor agonist clonidine was also tested to elucidate the results obtained from the Sephin1, and of the previously reported guanabenz studies, by comparing the effects of presence or absence of α-2 agonism.",medium
ndro-mvp-v0.1.2-20260823,2026-08-23,ALS-R-077,ALS,38359044,core,ALS-R-077-I01,GSK2606414,drug,t,,,,,high,ALS-R-077-O04,other result 4,other,not_reported,not_reported,,The results revealed that targeting PERK may not be an ideal approach for ALS treatment.,medium
ndro-mvp-v0.1.2-20260823,2026-08-23,ALS-R-077,ALS,38359044,core,ALS-R-077-I02,Sephin1,drug,t,,,,,high,,,,,,,,
ndro-mvp-v0.1.2-20260823,2026-08-23,ALS-R-077,ALS,38359044,core,ALS-R-077-I03,salubrinal,drug,t,,,,,high,,,,,,,,
ndro-mvp-v0.1.2-20260823,2026-08-23,ALS-R-079,ALS,39454934,core,,,,,,,,,,ALS-R-079-O01,clinical_motor result 1,clinical_motor,positive_association,not_reported,,"ALS is frequently associated with ubiquitin-positive motor neuronal aggregates, a pathology suggestive of perturbed proteostasis.",medium
ndro-mvp-v0.1.2-20260823,2026-08-23,ALS-R-079,ALS,39454934,core,,,,,,,,,,ALS-R-079-O02,clinical_motor result 2,clinical_motor,not_reported,not_reported,,"Spinal muscular atrophy (SMA) is a second, common paralytic condition resulting from motor neuron loss and muscle atrophy.",medium
ndro-mvp-v0.1.2-20260823,2026-08-23,ALS-R-079,ALS,39454934,core,,,,,,,,,,ALS-R-079-O03,molecular_cellular result 3,molecular_cellular,positive_association,not_reported,,Amongst its many clients is the ALS-associated superoxide dismutase 1 (SOD1) protein.,medium
ndro-mvp-v0.1.2-20260823,2026-08-23,ALS-R-079,ALS,39454934,core,,,,,,,,,,ALS-R-079-O04,molecular_cellular result 4,molecular_cellular,decrease,not_reported,,"Paradoxically, SOD1 protein in spinal cord tissue of the mice was dramatically reduced.",medium
ndro-mvp-v0.1.2-20260823,2026-08-23,FTD-R-002,FTD,21923634,core,,,,,,,,,,FTD-R-002-O01,diagnostic_performance result 1,diagnostic_performance,positive_association,not_reported,,"Relative to the FAB, the IFS showed (a) better capability to differentiate between types of dementia; (b) higher sensitivity and specificity for the detection of executive dysfunction; (c) stronger correlations with standard executive tasks.",medium
ndro-mvp-v0.1.2-20260823,2026-08-23,FTD-R-002,FTD,21923634,core,,,,,,,,,,FTD-R-002-O02,service_delivery result 2,service_delivery,not_reported,not_reported,,"We conclude that while both tools are brief and specific for the detection of early executive dysfunction in dementia, the IFS is more sensitive and specific in differentiating bvFTD from AD, and its use in everyday clinical practice can contribute to the differential diagnosis between types of dementia.",medium
ndro-mvp-v0.1.2-20260823,2026-08-23,FTD-R-003,FTD,20858950,core,,,,,,,,,,FTD-R-003-O01,FOXP2 genotype frequency and FTLD risk,molecular_cellular,no_association,not_significant,,The four polymorphisms were not associated with FTLD risk.,high
ndro-mvp-v0.1.2-20260823,2026-08-23,FTD-R-003,FTD,20858950,core,,,,,,,,,,FTD-R-003-O02,FOXP2 variants and verbal fluency,cognition,positive_association,significant,,Two TT genotypes were associated with verbal fluency scores.,high
ndro-mvp-v0.1.2-20260823,2026-08-23,FTD-R-003,FTD,20858950,core,,,,,,,,,,FTD-R-003-O03,FOXP2 variants and frontal hypoperfusion,imaging,increase,significant,non-carriers,At-risk carriers showed greater frontal and putaminal hypoperfusion.,high
ndro-mvp-v0.1.2-20260823,2026-08-23,FTD-R-004,FTD,22322305,core,,,,,,,,,,FTD-R-004-O01,diagnostic_performance result 1,diagnostic_performance,positive_association,not_reported,,This confirmation of the specificity of the QD labeling through both its fluorescence and energy-dispersive X-ray spectra reinforces the reliability of the labeling.,medium
ndro-mvp-v0.1.2-20260823,2026-08-23,FTD-R-004,FTD,22322305,core,,,,,,,,,,FTD-R-004-O02,other result 2,other,positive_association,not_reported,,"In addition, this exact comparison of the same structure by electron microscopy and 3D light microscopy demonstrates how its ultrastructural details are related to its surrounding structures on a 3D basis, providing further insights into how molecules woven into specific pathological ultrastructures are at work in situ.",medium
ndro-mvp-v0.1.2-20260823,2026-08-23,FTD-R-005,FTD,23189052,core,,,,,,,,,,FTD-R-005-O01,imaging result 1,imaging,decrease,significant,,"Results revealed significant volume loss in the left SMPC in FTD, SD, and PNFA, while the right SMPC was also atrophied in SD and FTD.",high
ndro-mvp-v0.1.2-20260823,2026-08-23,FTD-R-005,FTD,23189052,core,,,,,,,,,,FTD-R-005-O02,imaging result 2,imaging,no_effect,significant,,"In AD a non significant tendency of volume loss in the left SMPC was found (p = 0.08), with no volume loss on the right side.",high
ndro-mvp-v0.1.2-20260823,2026-08-23,FTD-R-005,FTD,23189052,core,,,,,,,,,,FTD-R-005-O03,imaging result 3,imaging,positive_association,not_reported,,Results indicated that volume loss reflected the degree of brain connectivity.,medium
ndro-mvp-v0.1.2-20260823,2026-08-23,FTD-R-006,FTD,22133803,separate,FTD-R-006-I01,TDP-43 overexpression,genetic_manipulation,f,,,,,high,FTD-R-006-O01,G2/M cell-cycle arrest,molecular_cellular,increase,not_reported,,TDP-43 overexpression caused G2/M arrest.,high
ndro-mvp-v0.1.2-20260823,2026-08-23,FTD-R-006,FTD,22133803,separate,FTD-R-006-I01,TDP-43 overexpression,genetic_manipulation,f,,,,,high,FTD-R-006-O02,Cell death,molecular_cellular,increase,not_reported,,TDP-43 overexpression caused cell death.,high
ndro-mvp-v0.1.2-20260823,2026-08-23,FTD-R-006,FTD,22133803,separate,FTD-R-006-I02,p53 functional compromise,genetic_manipulation,f,,,,,high,FTD-R-006-O03,p53 dependence of G2/M arrest,molecular_cellular,decrease,not_reported,,Compromising p53 attenuated G2/M arrest but not cell death.,high
ndro-mvp-v0.1.2-20260823,2026-08-23,FTD-R-012,FTD,22343156,core,,,,,,,,,,FTD-R-012-O01,other result 1,other,no_effect,significant,,"RESULTS: Contrary to predictions, we found both nuclei to be free of significant pathologic change (TDP-43) in FTLD.",high
ndro-mvp-v0.1.2-20260823,2026-08-23,FTD-R-012,FTD,22343156,core,,,,,,,,,,FTD-R-012-O02,histopathology result 2,histopathology,no_effect,not_reported,,CONCLUSIONS: These results indicate that the SON and PVN are resistant to FTLD TDP-43 pathology.,medium
ndro-mvp-v0.1.2-20260823,2026-08-23,FTD-R-021,FTD,28165465,core,,,,,,,,,,FTD-R-021-O01,other result 1,other,decrease,significant,,"In line with extensive vacuolation and cytoarchitectural disintegration, the numbers of synapses were also significantly reduced only in ALS patients.",high
ndro-mvp-v0.1.2-20260823,2026-08-23,FTD-R-021,FTD,28165465,core,,,,,,,,,,FTD-R-021-O02,imaging result 2,imaging,not_reported,not_reported,,Our findings indicate apical dendrite degeneration as a novel cellular pathology that distinguishes ALS and further support the importance of cortical dysfunction for disease pathology.,medium
ndro-mvp-v0.1.2-20260823,2026-08-23,FTD-R-022,FTD,27875531,core,,,,,,,,,,FTD-R-022-O01,other result 1,other,decrease,not_reported,,We demonstrate that C9orf72 regulates nutrient sensing as the loss of C9orf72 decreases phosphorylation of the mTOR substrate S6K1.,medium
ndro-mvp-v0.1.2-20260823,2026-08-23,FTD-R-022,FTD,27875531,core,,,,,,,,,,FTD-R-022-O02,biomarker result 2,biomarker,mixed,not_reported,,"Consistent with reduced mTOR activity and increased TFEB levels, loss of C9orf72 enhances autophagic flux, suggesting that C9orf72 is a negative regulator of autophagy.",medium
ndro-mvp-v0.1.2-20260823,2026-08-23,FTD-R-022,FTD,27875531,core,,,,,,,,,,FTD-R-022-O03,biomarker result 3,biomarker,not_reported,significant,,The depletion of C9orf72 or SMCR8 leads to significant down-regulation of each other's protein level.,high
ndro-mvp-v0.1.2-20260823,2026-08-23,FTD-R-022,FTD,27875531,core,,,,,,,,,,FTD-R-022-O04,molecular_cellular result 4,molecular_cellular,not_reported,not_reported,,These results demonstrate that the C9orf72-SMCR8 protein complex functions in the regulation of metabolism and provide evidence that loss of C9orf72 function may contribute to the pathogenesis of relevant diseases.,medium
ndro-mvp-v0.1.2-20260823,2026-08-23,FTD-R-030,FTD,25442110,core,,,,,,,,,,FTD-R-030-O01,molecular_cellular result 1,molecular_cellular,positive_association,not_reported,,Characterization of DNA G-quadruplex species forming from C9ORF72 G4C2-expanded repeats associated with amyotrophic lateral sclerosis and frontotemporal lobar degeneration.,medium
ndro-mvp-v0.1.2-20260823,2026-08-23,FTD-R-031,FTD,27789409,core,,,,,,,,,,FTD-R-031-O01,molecular_cellular result 1,molecular_cellular,positive_association,not_reported,,"Generation of an isogenic, gene-corrected iPSC line from a symptomatic 57-year-old female patient with frontotemporal dementia caused by a P301L mutation in the microtubule associated protein tau (MAPT) gene.",medium
ndro-mvp-v0.1.2-20260823,2026-08-23,FTD-R-031,FTD,27789409,core,,,,,,,,,,FTD-R-031-O02,molecular_cellular result 2,molecular_cellular,positive_association,not_reported,,"Mutations in the MAPT (microtubule-associated protein tau)-gene can cause FTDP-17, but the underlying pathomechanisms of the disease are still unknown.",medium
ndro-mvp-v0.1.2-20260823,2026-08-23,FTD-R-035,FTD,26882509,core,,,,,,,,,,FTD-R-035-O01,other result 1,other,increase,not_reported,,"RESULTS: FTD patients had higher NPI and ZBI scores than DLB and AD patients, whose scores were similar.",medium
ndro-mvp-v0.1.2-20260823,2026-08-23,FTD-R-035,FTD,26882509,core,,,,,,,,,,FTD-R-035-O02,biomarker result 2,biomarker,increase,significant,,"Caregivers of bvFTD patients had the highest levels of burden, which were significantly greater than for caregivers of nfvPPA, svPPA, DLB, and AD patients.",high
ndro-mvp-v0.1.2-20260823,2026-08-23,FTD-R-035,FTD,26882509,core,,,,,,,,,,FTD-R-035-O03,service_delivery result 3,service_delivery,positive_association,not_reported,,"CONCLUSION: BPSD was highly correlated with emotional burden in caregivers of FTD, DLB, and AD patients.",medium
ndro-mvp-v0.1.2-20260823,2026-08-23,FTD-R-036,FTD,29202529,core,,,,,,,,,,FTD-R-036-O01,cognition result 1,cognition,decrease,significant,,"Results: AD patients had lower scores in immediate recall, delayed recall and recognition than bvFTD patients (all P<0.05); while bvFTD patients had poorer performance in language and executive function than AD patients (all P<0.05).",high
ndro-mvp-v0.1.2-20260823,2026-08-23,FTD-R-036,FTD,29202529,core,,,,,,,,,,FTD-R-036-O02,other result 2,other,increase,significant,,"The NPI total score was significantly higher in patients with bvFTD compared with patients with AD (17.5±5.7 vs 9.3±3.5, P<0.05).",high
ndro-mvp-v0.1.2-20260823,2026-08-23,FTD-R-036,FTD,29202529,core,,,,,,,,,,FTD-R-036-O03,behavior result 3,behavior,not_reported,not_reported,,Conclusion: Comprehensive neuropsychological assessment and evaluation of behavioral and psychological symptoms of patients with dementia are helpful in distinguishing AD from bvFTD.,medium
ndro-mvp-v0.1.2-20260823,2026-08-23,FTD-R-037,FTD,27418313,core,FTD-R-037-I01,FUS expression,genetic_manipulation,f,,,,,high,FTD-R-037-O01,VAPB-PTPIP51 interaction,molecular_cellular,decrease,not_reported,,FUS disrupted the VAPB-PTPIP51 interaction.,high
ndro-mvp-v0.1.2-20260823,2026-08-23,FTD-R-037,FTD,27418313,core,FTD-R-037-I01,FUS expression,genetic_manipulation,f,,,,,high,FTD-R-037-O02,ER-mitochondria associations,molecular_cellular,decrease,not_reported,,FUS reduced ER-mitochondria associations.,high
ndro-mvp-v0.1.2-20260823,2026-08-23,FTD-R-037,FTD,27418313,core,FTD-R-037-I01,FUS expression,genetic_manipulation,f,,,,,high,FTD-R-037-O03,Mitochondrial calcium uptake,molecular_cellular,decrease,not_reported,,Mitochondrial calcium uptake was perturbed.,high
ndro-mvp-v0.1.2-20260823,2026-08-23,FTD-R-037,FTD,27418313,core,FTD-R-037-I01,FUS expression,genetic_manipulation,f,,,,,high,FTD-R-037-O04,Mitochondrial ATP production,molecular_cellular,decrease,not_reported,,Mitochondrial ATP production was impaired.,high
ndro-mvp-v0.1.2-20260823,2026-08-23,FTD-R-044,FTD,34720994,core,,,,,,,,,,FTD-R-044-O01,molecular_cellular result 1,molecular_cellular,positive_association,not_reported,,"Results: According to the American College of Medical Genetics and Genomics (ACMG) standards and guidelines, we identified four reported pathogenic variants, namely, PSEN1 c.A344G, APP c.G2149A, MAPT c.G1165A, and MAPT c.G742A, one reported likely pathogenic variant, namely, PSEN2 c.G100A, one novel pathogenic variants, SQSTM1 c.C671A, and three novel likely pathogenic variants, namely, ABCA7 c.C4690T, ATP13A2 c.3135delC, and NOS3 c.2897-2A > G.",medium
ndro-mvp-v0.1.2-20260823,2026-08-23,FTD-R-044,FTD,34720994,core,,,,,,,,,,FTD-R-044-O02,molecular_cellular result 2,molecular_cellular,positive_association,not_reported,,Conclusion: The new variants in dementia-related genes indicated heterogeneity in pathogenesis and phenotype of degenerative dementia.,medium
ndro-mvp-v0.1.2-20260823,2026-08-23,FTD-R-045,FTD,31173437,core,,,,,,,,,,FTD-R-045-O01,disease_progression result 1,disease_progression,harmful,not_reported,,"RESULTS: The decrease in the NAA/mI ratio accelerated 2.09 years prior to symptom onset, and continued to decline.",medium
ndro-mvp-v0.1.2-20260823,2026-08-23,FTD-R-045,FTD,31173437,core,,,,,,,,,,FTD-R-045-O02,disease_progression result 2,disease_progression,not_reported,not_reported,,CONCLUSIONS: Our findings support the potential use of longitudinal 1 H MRS for monitoring the neurodegenerative progression in MAPT mutation carriers starting from the asymptomatic stage.,medium
ndro-mvp-v0.1.2-20260823,2026-08-23,FTD-R-046,FTD,31543469,core,,,,,,,,,,FTD-R-046-O01,disease_progression result 1,disease_progression,positive_association,not_reported,,Pathological Progression Induced by the Frontotemporal Dementia-Associated R406W Tau Mutation in Patient-Derived iPSCs.,medium
ndro-mvp-v0.1.2-20260823,2026-08-23,FTD-R-046,FTD,31543469,core,,,,,,,,,,FTD-R-046-O02,molecular_cellular result 2,molecular_cellular,positive_association,not_reported,,Mutations in the microtubule-associated protein tau (MAPT) gene are known to cause familial frontotemporal dementia (FTD).,medium
ndro-mvp-v0.1.2-20260823,2026-08-23,FTD-R-046,FTD,31543469,core,,,,,,,,,,FTD-R-046-O03,biomarker result 3,biomarker,mixed,not_reported,,"In this neuronal culture, the mutant tau protein exhibited reduced phosphorylation levels and was increasingly fragmented by calpain.",medium
ndro-mvp-v0.1.2-20260823,2026-08-23,FTD-R-046,FTD,31543469,core,,,,,,,,,,FTD-R-046-O04,molecular_cellular result 4,molecular_cellular,beneficial,not_reported,,"Furthermore, the mutant tau protein was mislocalized and the axons of the patient-derived neurons displayed morphological and functional abnormalities, which were rescued by microtubule stabilization.",medium
ndro-mvp-v0.1.2-20260823,2026-08-23,FTD-R-051,FTD,33799358,core,,,,,,,,,,FTD-R-051-O01,Corticospinal tract fractal dimension in ALS-FTD,imaging,increase,significant,other ALS groups,ALS-FTD had higher CST fractal dimension.,high
ndro-mvp-v0.1.2-20260823,2026-08-23,FTD-R-051,FTD,33799358,core,,,,,,,,,,FTD-R-051-O02,Motor and sensory cortex fractal dimension in ALS-FTD,imaging,decrease,significant,other ALS groups,ALS-FTD had lower primary motor and sensory cortex grey-matter fractal dimension.,high
ndro-mvp-v0.1.2-20260823,2026-08-23,FTD-R-052,FTD,32175624,core,,,,,,,,,,FTD-R-052-O01,molecular_cellular result 1,molecular_cellular,not_reported,not_reported,,"Here, we addressed the role of the aggregating dipeptide repeat proteins resulting from unconventional translation of the repeat in all reading frames.",medium
ndro-mvp-v0.1.2-20260823,2026-08-23,FTD-R-052,FTD,32175624,core,,,,,,,,,,FTD-R-052-O02,molecular_cellular result 2,molecular_cellular,beneficial,not_reported,,"Poly-GA promoted cytoplasmic mislocalization and aggregation of TDP-43 non-cell-autonomously, and anti-GA antibodies ameliorated TDP-43 mislocalization in both donor and receiver cells.",medium
ndro-mvp-v0.1.2-20260823,2026-08-23,FTD-R-052,FTD,32175624,core,,,,,,,,,,FTD-R-052-O03,molecular_cellular result 3,molecular_cellular,decrease,not_reported,,Boosting proteasome function with rolipram reduced both poly-GA and TDP-43 aggregation.,medium
ndro-mvp-v0.1.2-20260823,2026-08-23,FTD-R-054,FTD,30537913,core,,,,,,,,,,FTD-R-054-O01,behavior result 1,behavior,not_reported,significant,,"RESULTS: Only hoarding and collecting was significantly common in both bvFTD and OCD; otherwise, the bvFTD patients had very low frequencies of the common OCD behaviors of checking, cleaning, counting, and ordering.",high
ndro-mvp-v0.1.2-20260823,2026-08-23,FTD-R-054,FTD,30537913,core,,,,,,,,,,FTD-R-054-O02,behavior result 2,behavior,positive_association,not_reported,,"The repetitive behaviors in bvFTD were not associated with verbalized anxiety, obsessional ideation, or reports of relief after completing the act.",medium
ndro-mvp-v0.1.2-20260823,2026-08-23,FTD-R-054,FTD,30537913,core,,,,,,,,,,FTD-R-054-O03,behavior result 3,behavior,positive_association,not_reported,,"Finally, among the bvFTD patients, the repetitive behaviors were always associated with impulsive or disinhibited behaviors, such as inappropriate verbal or physical behavior.",medium
ndro-mvp-v0.1.2-20260823,2026-08-23,FTD-R-054,FTD,30537913,core,,,,,,,,,,FTD-R-054-O04,behavior result 4,behavior,not_reported,not_reported,,"CONCLUSIONS: These findings suggest that the repetitive behaviors in bvFTD are repetitive impulsions, possibly from specific involvement of frontostriatal-anterior temporal pathology.",medium
ndro-mvp-v0.1.2-20260823,2026-08-23,FTD-R-056,FTD,34161229,core,,,,,,,,,,FTD-R-056-O01,molecular_cellular result 1,molecular_cellular,decrease,not_reported,,Production of the G4C2 RNA strongly reduced viability independent of DPR translation and caused pronounced inhibition of nuclear mRNA export and protein biogenesis.,medium
ndro-mvp-v0.1.2-20260823,2026-08-23,FTD-R-057,FTD,34152475,core,,,,,,,,,,FTD-R-057-O01,histopathology result 1,histopathology,positive_association,not_reported,,"Here, we investigated the influence of genotypes at TMEM106B, a locus associated with risk for FTLD-TDP, and hexanucleotide repeat expansions in C9orf72, a known genetic cause for both ALS and FTLD-TDP, on global TDP-43 pathology and regional distribution of TDP-43 pathology in 899 postmortem cases from a spectrum of neurodegenerative diseases.",medium
ndro-mvp-v0.1.2-20260823,2026-08-23,FTD-R-057,FTD,34152475,core,,,,,,,,,,FTD-R-057-O02,histopathology result 2,histopathology,not_reported,not_reported,,"We found that, among the 110 ALS cases, minor (C)-allele homozygotes at the TMEM106B locus sentinel SNP rs1990622 had more TDP-43 pathology globally, as well as in select brain regions.",medium
ndro-mvp-v0.1.2-20260823,2026-08-23,FTD-R-057,FTD,34152475,core,,,,,,,,,,FTD-R-057-O03,histopathology result 3,histopathology,positive_association,not_reported,,C9orf72 expansions similarly associated with greater TDP-43 pathology in ALS.,medium
ndro-mvp-v0.1.2-20260823,2026-08-23,FTD-R-057,FTD,34152475,core,,,,,,,,,,FTD-R-057-O04,biomarker result 4,biomarker,not_reported,not_reported,,"We found that partial knockdown of TMEM106B, to levels similar to what would be expected in rs1990622 C allele carriers, led to development of more TDP-43 cytoplasmic aggregates, which were more insoluble, in this system.",medium
ndro-mvp-v0.1.2-20260823,2026-08-23,FTD-R-060,FTD,32830216,core,,,,,,,,,,FTD-R-060-O01,other result 1,other,not_reported,not_reported,,"Also across both cohorts, cases with FTLD-TDP died younger than those with LATE-NC (P < 0.0001).",high
ndro-mvp-v0.1.2-20260823,2026-08-23,FTD-R-060,FTD,32830216,core,,,,,,,,,,FTD-R-060-O02,other result 2,other,positive_association,not_reported,,"We conclude that in most cases, severe LATE-NC and FTLD-TDP can be differentiated by applying simple neuropathological criteria.",medium
ndro-mvp-v0.1.2-20260823,2026-08-23,FTD-R-065,FTD,39062033,core,,,,,,,,,,FTD-R-065-O01,diagnostic_performance result 1,diagnostic_performance,positive_association,not_reported,,This study investigates the use of [11C]PBB3 PET/CT imaging to visualize tau pathology and improve diagnostic accuracy.,medium
ndro-mvp-v0.1.2-20260823,2026-08-23,FTD-R-065,FTD,39062033,core,,,,,,,,,,FTD-R-065-O02,cognition result 2,cognition,negative_association,significant,,"Significant inverse correlations were found between [11C]PBB3 SUV-Rs and MMSE scores, but not with CSF-tau or CSF-amyloid-beta levels.",high
ndro-mvp-v0.1.2-20260823,2026-08-23,FTD-R-065,FTD,39062033,core,,,,,,,,,,FTD-R-065-O03,imaging result 3,imaging,positive_association,not_reported,,"Further research is essential to validate these findings and refine the use of tau-specific PET imaging in clinical practice, ultimately improving patient care and treatment outcomes.",medium
ndro-mvp-v0.1.2-20260823,2026-08-23,FTD-R-066,FTD,38501336,core,,,,,,,,,,FTD-R-066-O01,molecular_cellular result 1,molecular_cellular,positive_association,not_reported,,Viscous dynamics associated with hypoexcitation and structural disintegration in neurodegeneration via generative whole-brain modeling.,medium
ndro-mvp-v0.1.2-20260823,2026-08-23,FTD-R-066,FTD,38501336,core,,,,,,,,,,FTD-R-066-O02,service_delivery result 2,service_delivery,not_reported,not_reported,,"Electroencephalography (EEG) is a high temporal resolution, cost-effective technique for studying dementia globally, but lacks mechanistic models and produces non-replicable results.",medium
ndro-mvp-v0.1.2-20260823,2026-08-23,FTD-R-066,FTD,38501336,core,,,,,,,,,,FTD-R-066-O03,other result 3,other,positive_association,not_reported,,"RESULTS: Metaconnectivity outperformed pairwise connectivity and revealed more viscous dynamics in patients, with altered metaconnectivity patterns associated with multimodal disease presentation.",medium
ndro-mvp-v0.1.2-20260823,2026-08-23,FTD-R-066,FTD,38501336,core,,,,,,,,,,FTD-R-066-O04,molecular_cellular result 4,molecular_cellular,not_reported,not_reported,,"We replicated the main results in a second subset of participants for validation with unharmonized, heterogeneous recording settings.",medium
ndro-mvp-v0.1.2-20260823,2026-08-23,FTD-R-068,FTD,38477959,separate,,,,,,,,,,FTD-R-068-O01,other result 1,other,increase,not_reported,,"RESULTS: Point prevalence estimates were 6.4% (95% CI: 1.5 to 11.3) in Alzheimer's disease, 8.9% (95% CI: 1.4 to 16.4), in vascular dementia, and 6% (95% CI: 1.3 to 10.7) in fronto-temporal dementia, rates that were greater than those observed in the healthy elderly population.",high
ndro-mvp-v0.1.2-20260823,2026-08-23,FTD-R-069,FTD,38106054,core,,,,,,,,,,FTD-R-069-O01,cognition result 1,cognition,mixed,not_reported,,Cognitive and behavioral deficits in Alzheimer's disease (AD) and frontotemporal dementia (FTD) result from brain atrophy and altered functional connectivity.,medium
ndro-mvp-v0.1.2-20260823,2026-08-23,FTD-R-069,FTD,38106054,core,,,,,,,,,,FTD-R-069-O02,cognition result 2,cognition,positive_association,not_reported,,Structural and functional component scores predicted global and domain-specific cognitive deficits.,medium
ndro-mvp-v0.1.2-20260823,2026-08-23,FTD-R-072,FTD,35943443,core,,,,,,,,,,FTD-R-072-O01,service_delivery result 1,service_delivery,beneficial,not_reported,,"Hearing directly from individuals living with FTD and their care partners is critical in optimizing care, identifying meaningful clinical trial endpoints, and improving research recruitment and retention.",medium
ndro-mvp-v0.1.2-20260823,2026-08-23,FTD-R-072,FTD,35943443,core,,,,,,,,,,FTD-R-072-O02,diagnostic_performance result 2,diagnostic_performance,not_reported,significant,,"Most frequently endorsed symptoms tended to be consistent with clinical characteristics of the specific diagnosis, though there was significant variability in symptoms reported within diagnostic categories as well as considerable overlap in symptoms between diagnostic categories.",high
ndro-mvp-v0.1.2-20260823,2026-08-23,FTD-R-072,FTD,35943443,core,,,,,,,,,,FTD-R-072-O03,service_delivery result 3,service_delivery,beneficial,not_reported,,"Overall, by heeding the perspectives of those living with FTD, we can begin to design more meaningful research studies, provide better care, and develop therapies that improve quality of life.",medium
ndro-mvp-v0.1.2-20260823,2026-08-23,FTD-R-073,FTD,41739556,core,FTD-R-073-I01,Cytoplasmic TDP-43 supplementation,gene_therapy,t,,,,TDP-43cKO without supplementation,high,FTD-R-073-O02,Myelination after TDP-43 supplementation,histopathology,beneficial,not_reported,,TDP-43 supplementation restored hypomyelination.,high
ndro-mvp-v0.1.2-20260823,2026-08-23,FTD-R-073,FTD,41739556,core,FTD-R-073-I02,NRXN1b supplementation,gene_therapy,t,,,,TDP-43cKO without supplementation,high,FTD-R-073-O03,Myelination after NRXN1b supplementation,histopathology,beneficial,not_reported,,NRXN1b supplementation restored hypomyelination.,high
ndro-mvp-v0.1.2-20260823,2026-08-23,FTD-R-073,FTD,41739556,core,FTD-R-073-I02,NRXN1b supplementation,gene_therapy,t,,,,TDP-43cKO without supplementation,high,FTD-R-073-O04,Recognition memory after NRXN1 supplementation,cognition,beneficial,not_reported,,Hippocampal NRXN1 supplementation recovered recognition-memory impairment.,high
ndro-mvp-v0.1.2-20260823,2026-08-23,FTD-R-074,FTD,38132101,core,,,,,,,,,,FTD-R-074-O01,biomarker result 1,biomarker,mixed,not_reported,,"Specifically, we show that CHCHD10R15L and CHCHD10S59L mutations reduce PINK1 levels by increasing PARL activity, whereas CHCHD10WT produces the opposite results through its stronger interaction with PARL, suppressing its activity.",medium
ndro-mvp-v0.1.2-20260823,2026-08-23,FTD-R-075,FTD,39233675,core,,,,,,,,,,FTD-R-075-O01,diagnostic_performance result 1,diagnostic_performance,beneficial,not_reported,,Boundary-based registration improves sensitivity for detecting hypoperfusion in sporadic frontotemporal lobar degeneration.,medium
ndro-mvp-v0.1.2-20260823,2026-08-23,FTD-R-075,FTD,39233675,core,,,,,,,,,,FTD-R-075-O02,histopathology result 2,histopathology,positive_association,not_reported,,INTRODUCTION: Frontotemporal lobar degeneration (FTLD) is associated with FTLD due to tau (FTLD-tau) or TDP (FTLD-TDP) inclusions found at autopsy.,medium
ndro-mvp-v0.1.2-20260823,2026-08-23,FTD-R-075,FTD,39233675,core,,,,,,,,,,FTD-R-075-O03,diagnostic_performance result 3,diagnostic_performance,increase,not_reported,,We hypothesize that ASL-T1w registration with more degrees of freedom using boundary-based registration (BBR) will better align ASL and T1w images and show increased sensitivity to regional hypoperfusion differences compared to manual registration in patient participants.,medium
ndro-mvp-v0.1.2-20260823,2026-08-23,FTD-R-075,FTD,39233675,core,,,,,,,,,,FTD-R-075-O04,service_delivery result 4,service_delivery,positive_association,not_reported,,"We hypothesize that hypoperfusion will be associated with a clinical measure of disease severity, the FTLD-modified clinical dementia rating scale sum-of-boxes (FTLD-CDR).",medium
ndro-mvp-v0.1.2-20260823,2026-08-23,HD-R-001,HD,21068430,core,,,,,,,,,,HD-R-001-O01,Tapping variability across HD stages,clinical_motor,increase,not_reported,,"Tapping variability distinguished controls, premanifest and symptomatic groups.",high
ndro-mvp-v0.1.2-20260823,2026-08-23,HD-R-001,HD,21068430,core,,,,,,,,,,HD-R-001-O02,Tapping variability and disease burden,disease_progression,positive_association,not_reported,,Tapping variability correlated with disease burden and motor phenotype.,high
ndro-mvp-v0.1.2-20260823,2026-08-23,HD-R-001,HD,21068430,core,,,,,,,,,,HD-R-001-O03,Tapping variability and brain atrophy,imaging,positive_association,not_reported,,Tapping deficits correlated with grey/white matter atrophy and cortical thinning.,high
ndro-mvp-v0.1.2-20260823,2026-08-23,HD-R-002,HD,22773688,core,,,,,,,,,,HD-R-002-O01,molecular_cellular result 1,molecular_cellular,positive_association,not_reported,,"Moreover, mitochondrial fission molecules, e.g., protein dynamin-related protein 1, as well as Htt, associated with mitochondrial raft-like microdomains, glycosphingolipid-enriched structures detectable in mitochondria.",medium
ndro-mvp-v0.1.2-20260823,2026-08-23,HD-R-003,HD,24274906,core,,,,,,,,,,HD-R-003-O01,disease_progression result 1,disease_progression,positive_association,not_reported,,"Pathogenesis is associated with expression of the mutant (mHTT) protein in the CNS, with its levels most likely related to disease progression and symptom severity.",medium
ndro-mvp-v0.1.2-20260823,2026-08-23,HD-R-003,HD,24274906,core,,,,,,,,,,HD-R-003-O02,biomarker result 2,biomarker,not_reported,not_reported,,RESULTS: An ELISA assay using commercially available antibodies was developed to quantify HTT levels in complex matrices like mammalian cell cultures lysates and human samples.,medium
ndro-mvp-v0.1.2-20260823,2026-08-23,HD-R-003,HD,24274906,core,,,,,,,,,,HD-R-003-O03,biomarker result 3,biomarker,not_reported,significant,,The ability of the assay to detect significant variations of soluble HTT levels was evaluated using an HSP90 inhibitor that is known to enhance HTT degradation.,high
ndro-mvp-v0.1.2-20260823,2026-08-23,HD-R-003,HD,24274906,core,,,,,,,,,,HD-R-003-O04,biomarker result 4,biomarker,not_reported,not_reported,,"CONCLUSIONS: The method described here represents a validated, simple and rapid bio-molecular assay to evaluate soluble HTT levels in blood cells as useful tool in disease and pharmacodynamic marker identification for observational and clinical trials.",medium
ndro-mvp-v0.1.2-20260823,2026-08-23,HD-R-012,HD,21984825,core,,,,,,,,,,HD-R-012-O01,survival result 1,survival,increase,not_reported,,Live imaging of cells expressing a fragment of huntingtin (httExon1) with a poly(Q) expansion shows increased ROS production preceding cell death.,medium
ndro-mvp-v0.1.2-20260823,2026-08-23,HD-R-012,HD,21984825,core,,,,,,,,,,HD-R-012-O02,molecular_cellular result 2,molecular_cellular,increase,not_reported,,"Aggregation inhibition by the MW7 intrabody and Pgl-135 treatment abolishes ROS production, showing that increased ROS is caused by poly(Q) aggregation itself.",medium
ndro-mvp-v0.1.2-20260823,2026-08-23,HD-R-012,HD,21984825,core,,,,,,,,,,HD-R-012-O03,molecular_cellular result 3,molecular_cellular,not_reported,not_reported,,Monitoring poly(Q) protein aggregation using atomic force microscopy and hydrogen peroxide (H(2)O(2)) production over time in parallel we show that oligomerization of httEx1Q53 results in early generation of H(2)O(2).,medium
ndro-mvp-v0.1.2-20260823,2026-08-23,HD-R-012,HD,21984825,core,,,,,,,,,,HD-R-012-O04,molecular_cellular result 4,molecular_cellular,harmful,not_reported,,"These results demonstrate that intracellular protein aggregation directly causes free radical production, and targeting potentially toxic poly(Q) oligomers may constitute a therapeutic target to counteract oxidative stress in poly(Q) diseases.",medium
ndro-mvp-v0.1.2-20260823,2026-08-23,HD-R-013,HD,23872847,core,HD-R-013-I01,SMCX/Jarid1c reduction,genetic_target_modulation,t,,,,,high,HD-R-013-O02,biomarker result 2,biomarker,decrease,not_reported,,Reducing the levels of the H3K4 demethylase SMCX/Jarid1c in primary neurons reversed down-regulation of key neuronal genes caused by mutant Huntingtin expression.,medium
ndro-mvp-v0.1.2-20260823,2026-08-23,HD-R-013,HD,23872847,core,HD-R-013-I01,SMCX/Jarid1c reduction,genetic_target_modulation,t,,,,,high,HD-R-013-O03,other result 3,other,beneficial,not_reported,,"Finally, reduction of SMCX/Jarid1c in primary neurons from BACHD mice or the single Jarid1 in a Drosophila HD model was protective.",medium
ndro-mvp-v0.1.2-20260823,2026-08-23,HD-R-013,HD,23872847,core,HD-R-013-I01,SMCX/Jarid1c reduction,genetic_target_modulation,t,,,,,high,HD-R-013-O04,molecular_cellular result 4,molecular_cellular,beneficial,not_reported,,"Therefore, targeting this epigenetic signature may be an effective strategy to ameliorate the consequences of HD.",medium
ndro-mvp-v0.1.2-20260823,2026-08-23,HD-R-014,HD,20436779,core,,,,,,,,,,HD-R-014-O01,other result 1,other,increase,not_reported,,"In one application, the models suggest that the locus of HD patients' nonlinear information-integration deficits is in their increased reliance on hypothesis-testing strategies, whereas the locus of PD patients' deficit is in the application of sub-optimal procedural-based strategies.",medium
ndro-mvp-v0.1.2-20260823,2026-08-23,HD-R-014,HD,20436779,core,,,,,,,,,,HD-R-014-O02,cognition result 2,cognition,positive_association,significant,,"In a second application, the weight associated with the hypothesis-testing subsystem is shown to account for a significant amount of the variance in longitudinal cognitive decline in non-demented PD patients above and beyond that predicted by accuracy alone.",high
ndro-mvp-v0.1.2-20260823,2026-08-23,HD-R-014,HD,20436779,core,,,,,,,,,,HD-R-014-O03,cognition result 3,cognition,positive_association,not_reported,,"Together, the accuracy rate and this model index account for 72% of the total variance associated with cognitive decline in this sample of PD patients.",high
ndro-mvp-v0.1.2-20260823,2026-08-23,HD-R-014,HD,20436779,core,,,,,,,,,,HD-R-014-O04,diagnostic_performance result 4,diagnostic_performance,not_reported,not_reported,,"Interestingly, the Wisconsin Card Sort task added no additional predictive power above and beyond that predicted by nonlinear accuracy alone.",medium
ndro-mvp-v0.1.2-20260823,2026-08-23,HD-R-017,HD,22277499,separate,,,,,,,,,,HD-R-017-O01,clinical_motor result 1,clinical_motor,beneficial,not_reported,,Gene therapy using a viral vector expressing Hsc70BM-QBP1 effectively ameliorates the motor dysfunction and premature death in polyQ disease model mice.,medium
ndro-mvp-v0.1.2-20260823,2026-08-23,HD-R-021,HD,28603746,core,,,,,,,,,,HD-R-021-O01,molecular_cellular result 1,molecular_cellular,not_reported,not_reported,,Huntington's disease (HD) is an autosomal dominant neurodegenerative disorder resulting from a polyglutamine expansion in the huntingtin (HTT) protein.,medium
ndro-mvp-v0.1.2-20260823,2026-08-23,HD-R-021,HD,28603746,core,,,,,,,,,,HD-R-021-O02,histopathology result 2,histopathology,decrease,not_reported,,"We previously developed a small hairpin RNA (shRNA), vectorized in an HIV-1-derived lentiviral vector (LV), that reduced pathology in an HD rodent model.",medium
ndro-mvp-v0.1.2-20260823,2026-08-23,HD-R-021,HD,28603746,core,,,,,,,,,,HD-R-021-O03,molecular_cellular result 3,molecular_cellular,decrease,not_reported,,"It reduced two major pathological HD hallmarks while triggering a minimal inflammatory response, up to 6 weeks after injection, when administered by stereotaxic surgery in the striatum of an in vivo rodent HD model.",medium
ndro-mvp-v0.1.2-20260823,2026-08-23,HD-R-022,HD,27372053,core,,,,,,,,,,HD-R-022-O01,Multidisciplinary case reviews,service_delivery,not_applicable,not_applicable,,Just over half of responding sites offered multidisciplinary case reviews.,high
ndro-mvp-v0.1.2-20260823,2026-08-23,HD-R-022,HD,27372053,core,,,,,,,,,,HD-R-022-O02,Telemedicine use,service_delivery,not_applicable,not_applicable,,Telemedicine or videoconferencing was used by 23.6% of sites.,high
ndro-mvp-v0.1.2-20260823,2026-08-23,HD-R-022,HD,27372053,core,,,,,,,,,,HD-R-022-O03,Guideline or care-pathway use,service_delivery,not_applicable,not_applicable,,Most sites reported following guidelines or local pathways.,high
ndro-mvp-v0.1.2-20260823,2026-08-23,HD-R-024,HD,25575960,core,,,,,,,,,,HD-R-024-O01,service_delivery result 1,service_delivery,positive_association,not_reported,,Clinical observations suggest prefrontal dysfunction in early stages of HD is associated with altered glutamate transport.,medium
ndro-mvp-v0.1.2-20260823,2026-08-23,HD-R-024,HD,25575960,core,,,,,,,,,,HD-R-024-O02,clinical_motor result 2,clinical_motor,increase,not_reported,,Evidence from the R6/2 mouse model suggests an abnormal increase in glutamate signaling in the sensorimotor cortex and striatum.,medium
ndro-mvp-v0.1.2-20260823,2026-08-23,HD-R-024,HD,25575960,core,,,,,,,,,,HD-R-024-O03,biomarker result 3,biomarker,no_effect,not_significant,,RESULTS: RESULTS indicated an elevation in glutamate levels in response to PDC but no significant difference among genotype groups.,high
ndro-mvp-v0.1.2-20260823,2026-08-23,HD-R-024,HD,25575960,core,,,,,,,,,,HD-R-024-O04,molecular_cellular result 4,molecular_cellular,not_reported,significant,,"When comparing wild type and homozygote alone, a significant difference in total extracellular glutamate was observed.",high
ndro-mvp-v0.1.2-20260823,2026-08-23,HD-R-025,HD,25319005,core,HD-R-025-I01,copper pretreatment,experimental_exposure,f,,,,,high,,,,,,,,
ndro-mvp-v0.1.2-20260823,2026-08-23,HD-R-030,HD,27595037,core,HD-R-030-I01,rAAV6-INT41 intrabody,gene_therapy,t,,,,,high,HD-R-030-O01,cognition result 1,cognition,beneficial,not_reported,,An Intrabody Drug (rAAV6-INT41) Reduces the Binding of N-Terminal Huntingtin Fragment(s) to DNA to Basal Levels in PC12 Cells and Delays Cognitive Loss in the R6/2 Animal Model.,medium
ndro-mvp-v0.1.2-20260823,2026-08-23,HD-R-030,HD,27595037,core,HD-R-030-I01,rAAV6-INT41 intrabody,gene_therapy,t,,,,,high,HD-R-030-O02,molecular_cellular result 2,molecular_cellular,beneficial,significant,,"We show that expression of a mutant human huntingtin exon-1-GFP fusion construct results in nonspecific gene dysregulation that is significantly reduced by 50% due to coexpression of INT41, an intrabody specific for the proline-rich region of the huntingtin protein.",high
ndro-mvp-v0.1.2-20260823,2026-08-23,HD-R-030,HD,27595037,core,HD-R-030-I01,rAAV6-INT41 intrabody,gene_therapy,t,,,,,high,HD-R-030-O03,molecular_cellular result 3,molecular_cellular,positive_association,not_reported,,"Using stable PC12 cell lines expressing either inducible human mutant huntingtin (mHtt, Q73) or normal huntingtin (nHtt, Q23), we investigated the effect of rAAV6-INT41, an adeno-associated virus vector with the INT41 coding sequence, on the subcellular distribution of Htt.",medium
ndro-mvp-v0.1.2-20260823,2026-08-23,HD-R-030,HD,27595037,core,HD-R-030-I01,rAAV6-INT41 intrabody,gene_therapy,t,,,,,high,HD-R-030-O04,other result 4,other,increase,not_reported,,Compartmental fractionation 8 days after induction of Htt showed a 6-fold increased association of a dominate N-terminal mHtt fragment with DNA compared to N-terminal nHtt.,medium
ndro-mvp-v0.1.2-20260823,2026-08-23,HD-R-032,HD,28869595,core,,,,,,,,,,HD-R-032-O01,molecular_cellular result 1,molecular_cellular,harmful,not_reported,,"The HD-causing mutant huntingtin protein (mHTT) has an expanded polyglutamine (polyQ) stretch that may adopt multiple conformations, and the most toxic of these is the one recognized by antibody 3B5H10.",medium
ndro-mvp-v0.1.2-20260823,2026-08-23,HD-R-032,HD,28869595,core,,,,,,,,,,HD-R-032-O02,molecular_cellular result 2,molecular_cellular,harmful,not_reported,,"Here we show that the 3B5H10-recognized mHTT species has a slower degradation rate due to its resistance to selective autophagy in human cells and brains, revealing mechanisms of its higher toxicity.",medium
ndro-mvp-v0.1.2-20260823,2026-08-23,HD-R-036,HD,29222609,core,,,,,,,,,,HD-R-036-O01,molecular_cellular result 1,molecular_cellular,positive_association,not_reported,,RESULTS: Excellent reliabilities (Cronbach's alphas ≥ 0.94) were found.,medium
ndro-mvp-v0.1.2-20260823,2026-08-23,HD-R-036,HD,29222609,core,,,,,,,,,,HD-R-036-O02,cognition result 2,cognition,positive_association,not_reported,,CONCLUSIONS: The Neuro-QoL Cognition measures provide reliable and valid assessments of self-reported cognitive functioning for individuals with HD.,medium
ndro-mvp-v0.1.2-20260823,2026-08-23,HD-R-038,HD,27678206,core,,,,,,,,,,HD-R-038-O01,molecular_cellular result 1,molecular_cellular,positive_association,not_reported,,"The patterns of CAG and CCG polymorphic regions in the HTT gene were determined, the disease burden score was calculated, and genotypes were correlated with phenotypes within this family.",medium
ndro-mvp-v0.1.2-20260823,2026-08-23,HD-R-038,HD,27678206,core,,,,,,,,,,HD-R-038-O02,cognition result 2,cognition,not_reported,significant,,A strong significant correlation was found between the disease burden score and the UHDRS (r = 0.76; p-value = 0.049) and the MMSE (r = -0.90; p-value = 0.006).,high
ndro-mvp-v0.1.2-20260823,2026-08-23,HD-R-038,HD,27678206,core,,,,,,,,,,HD-R-038-O03,service_delivery result 3,service_delivery,not_reported,significant,,The correlations between CAG allele size and the three clinical evaluations performed in the HD patients were not statistically significant.,high
ndro-mvp-v0.1.2-20260823,2026-08-23,HD-R-046,HD,32613239,core,,,,,,,,,,HD-R-046-O01,Cognitive battery discrimination of controls and HD,diagnostic_performance,positive_association,significant,,All tests discriminated controls from HD with AUC 0.809–0.862.,high
ndro-mvp-v0.1.2-20260823,2026-08-23,HD-R-046,HD,32613239,core,,,,,,,,,,HD-R-046-O02,Cognitive battery discrimination of HD cognitive groups,diagnostic_performance,positive_association,significant,,All tests discriminated more and less cognitively impaired HD groups with AUC 0.833–0.899.,high
ndro-mvp-v0.1.2-20260823,2026-08-23,HD-R-046,HD,32613239,core,,,,,,,,,,HD-R-046-O03,Cognitive performance and disease burden,cognition,negative_association,significant,,"Cognitive performance declined with disease duration and correlated with motor, functional and disease burden measures.",high
ndro-mvp-v0.1.2-20260823,2026-08-23,HD-R-048,HD,30517595,core,,,,,,,,,,HD-R-048-O01,other result 1,other,decrease,significant,,RESULTS: Individuals with HD performed significantly poorer and made more undertaking errors on the MMAA as compared to HA.,high
ndro-mvp-v0.1.2-20260823,2026-08-23,HD-R-048,HD,30517595,core,,,,,,,,,,HD-R-048-O02,cognition result 2,cognition,positive_association,significant,,"In the HD group, significant associations were found between undertaking errors and perceived medication management ability as well as between MMAA task performance and measures assessing prospective memory and executive functions.",high
ndro-mvp-v0.1.2-20260823,2026-08-23,HD-R-048,HD,30517595,core,,,,,,,,,,HD-R-048-O03,other result 3,other,positive_association,not_reported,,CONCLUSIONS: Medication management capacity was negatively affected in individuals with HD and may be associated with difficulty remembering to take medications in the future.,medium
ndro-mvp-v0.1.2-20260823,2026-08-23,HD-R-050,HD,29688337,core,HD-R-050-I01,A-971432,drug,t,,,,,high,HD-R-050-O01,molecular_cellular result 1,molecular_cellular,no_effect,not_reported,,Huntington's disease (HD) is the most common neurodegenerative disorder for which no effective cure is yet available.,medium
ndro-mvp-v0.1.2-20260823,2026-08-23,HD-R-050,HD,29688337,core,HD-R-050-I01,A-971432,drug,t,,,,,high,HD-R-050-O02,survival result 2,survival,not_reported,significant,,Chronic administration of low-dose (0.1 mg/kg) A-971432 slowed down the progression of the disease and significantly prolonged lifespan in symptomatic R6/2 mice.,high
ndro-mvp-v0.1.2-20260823,2026-08-23,HD-R-050,HD,29688337,core,HD-R-050-I01,A-971432,drug,t,,,,,high,HD-R-050-O03,survival result 3,survival,positive_association,not_reported,,"Such beneficial effects were associated with activation of pro-survival pathways (BDNF, AKT and ERK) and with reduction of mutant huntingtin aggregation.",medium
ndro-mvp-v0.1.2-20260823,2026-08-23,HD-R-050,HD,29688337,core,HD-R-050-I01,A-971432,drug,t,,,,,high,HD-R-050-O04,other result 4,other,beneficial,not_reported,,A-971432 also protected blood-brain barrier (BBB) homeostasis in the same mice.,medium
ndro-mvp-v0.1.2-20260823,2026-08-23,HD-R-050,HD,29688337,core,HD-R-050-I02,low-dose (0,drug,t,,,,,medium,,,,,,,,
ndro-mvp-v0.1.2-20260823,2026-08-23,HD-R-051,HD,32043503,core,HD-R-051-I01,ellagic acid,drug,t,,,,,high,HD-R-051-O01,clinical_motor result 1,clinical_motor,beneficial,not_reported,,Ellagic acid rescues motor and cognitive deficits in the R6/2 mouse model of Huntington's disease by lowering mutant huntingtin protein.,medium
ndro-mvp-v0.1.2-20260823,2026-08-23,HD-R-051,HD,32043503,core,HD-R-051-I01,ellagic acid,drug,t,,,,,high,HD-R-051-O02,histopathology result 2,histopathology,beneficial,not_reported,,"Ellagic acid (EA) has been marketed as a dietary supplement with various claimed benefits and neuroprotective effects on several neurodegenerative disorders, while its effect on mHTT pathology is still unknown.",medium
ndro-mvp-v0.1.2-20260823,2026-08-23,HD-R-051,HD,32043503,core,HD-R-051-I01,ellagic acid,drug,t,,,,,high,HD-R-051-O03,clinical_motor result 3,clinical_motor,beneficial,significant,,Here we reported that EA significantly attenuated motor and cognitive deficits in R6/2 mice.,high
ndro-mvp-v0.1.2-20260823,2026-08-23,HD-R-051,HD,32043503,core,HD-R-051-I01,ellagic acid,drug,t,,,,,high,HD-R-051-O04,biomarker result 4,biomarker,beneficial,significant,,"Moreover, EA significantly lowered mHTT levels, reduced neuroinflammation, rescued synapse loss, and decreased oxidative stress in R6/2 mouse brains.",high
ndro-mvp-v0.1.2-20260823,2026-08-23,HD-R-055,HD,32436573,separate,HD-R-055-I01,Arginine,drug,t,,,,untreated/model control,high,HD-R-055-O01,PolyQ aggregation,molecular_cellular,beneficial,not_reported,,Arginine inhibited the conformational transition and oligomerization preceding aggregation.,high
ndro-mvp-v0.1.2-20260823,2026-08-23,HD-R-055,HD,32436573,separate,HD-R-055-I01,Arginine,drug,t,,,,untreated/model control,high,HD-R-055-O02,Neurological symptoms in polyQ models,clinical_motor,beneficial,not_reported,,Arginine improved neurological symptoms across animal models.,high
ndro-mvp-v0.1.2-20260823,2026-08-23,HD-R-055,HD,32436573,separate,HD-R-055-I01,Arginine,drug,t,,,,untreated/model control,high,HD-R-055-O03,Protein aggregation pathology,histopathology,beneficial,not_reported,,Arginine reduced protein aggregation pathology across models.,high
ndro-mvp-v0.1.2-20260823,2026-08-23,HD-R-055,HD,32436573,separate,HD-R-055-I01,Arginine,drug,t,,,,untreated/model control,high,HD-R-055-O04,Post-symptom treatment in mouse model,disease_progression,beneficial,not_reported,,Arginine remained effective when given after symptom onset.,high
ndro-mvp-v0.1.2-20260823,2026-08-23,HD-R-056,HD,31968243,core,,,,,,,,,,HD-R-056-O01,clinical_motor result 1,clinical_motor,harmful,significant,,"HD patients suffer from progressive motor, cognitive, and psychiatric impairments, along with significant degeneration of the striatal projection neurons (SPNs) of the striatum.",high
ndro-mvp-v0.1.2-20260823,2026-08-23,HD-R-056,HD,31968243,core,,,,,,,,,,HD-R-056-O02,molecular_cellular result 2,molecular_cellular,not_reported,not_reported,,Our results suggest that loss of HTT function in SPNs could play a critical role in HD pathogenesis.,medium
ndro-mvp-v0.1.2-20260823,2026-08-23,HD-R-059,HD,33940564,core,,,,,,,,,,HD-R-059-O01,disease_progression result 1,disease_progression,not_reported,not_reported,,"Years to onset (YTO), probability of disease onset in 5 years, and predicted years until 60% onset probability were also calculated.",high
ndro-mvp-v0.1.2-20260823,2026-08-23,HD-R-059,HD,33940564,core,,,,,,,,,,HD-R-059-O02,other result 2,other,not_reported,not_reported,,RESULTS: Cohorts differed by age.,medium
ndro-mvp-v0.1.2-20260823,2026-08-23,HD-R-059,HD,33940564,core,,,,,,,,,,HD-R-059-O03,diagnostic_performance result 3,diagnostic_performance,positive_association,significant,,NfL levels differed significantly across diagnostic groups and were significantly correlated with age.,high
ndro-mvp-v0.1.2-20260823,2026-08-23,HD-R-059,HD,33940564,core,,,,,,,,,,HD-R-059-O04,biomarker result 4,biomarker,positive_association,not_reported,,"Age-adjusted NfL levels were not correlated with clinical measures in either HD or PM cohorts, but were correlated when cohorts were combined.",medium
ndro-mvp-v0.1.2-20260823,2026-08-23,HD-R-060,HD,34093422,core,,,,,,,,,,HD-R-060-O01,disease_progression result 1,disease_progression,positive_association,not_reported,,Ranking the Predictive Power of Clinical and Biological Features Associated With Disease Progression in Huntington's Disease.,medium
ndro-mvp-v0.1.2-20260823,2026-08-23,HD-R-060,HD,34093422,core,,,,,,,,,,HD-R-060-O02,disease_progression result 2,disease_progression,beneficial,not_reported,,"With potential disease-modifying therapies in development, there is interest in accurately measuring HD progression and characterising prognostic variables to improve efficiency of clinical trials.",medium
ndro-mvp-v0.1.2-20260823,2026-08-23,HD-R-060,HD,34093422,core,,,,,,,,,,HD-R-060-O03,service_delivery result 3,service_delivery,not_reported,not_reported,,"A random forest regression model was trained to predict change of clinical outcomes based on the variables, which were ranked based on their contribution to the prediction.",medium
ndro-mvp-v0.1.2-20260823,2026-08-23,HD-R-060,HD,34093422,core,,,,,,,,,,HD-R-060-O04,cognition result 4,cognition,harmful,not_reported,,"The highest-ranked variables included novel predictors of progression-being accompanied at clinical visit, cognitive impairment, age at diagnosis and tetrabenazine or antipsychotics use-in addition to established predictors, cytosine adenine guanine (CAG) repeat length and CAG-age product.",medium
ndro-mvp-v0.1.2-20260823,2026-08-23,HD-R-062,HD,41424860,core,HD-R-062-I01,CLPB augmentation,genetic_manipulation,t,,,,,high,HD-R-062-O01,histopathology result 1,histopathology,beneficial,not_reported,,Neuronal mitochondrial disaggregase CLPB ameliorates Huntington's disease pathology in mice.,medium
ndro-mvp-v0.1.2-20260823,2026-08-23,HD-R-062,HD,41424860,core,HD-R-062-I01,CLPB augmentation,genetic_manipulation,t,,,,,high,HD-R-062-O02,molecular_cellular result 2,molecular_cellular,beneficial,not_reported,,"Results: In HEK293T cells, CLPB knockout led to abnormal aggregation of HTT-Q23 while CLPB overexpression reduced the size of HTT-Q79 aggregates.",medium
ndro-mvp-v0.1.2-20260823,2026-08-23,HD-R-062,HD,41424860,core,HD-R-062-I01,CLPB augmentation,genetic_manipulation,t,,,,,high,HD-R-062-O03,molecular_cellular result 3,molecular_cellular,beneficial,not_reported,,"In the mouse striatum, ClpB knockdown increased HTT-Q23 aggregate numbers and altered HTT-Q79 aggregation morphology, whereas CLPB overexpression restored the density and size of VGAT-positive inhibitory synapses and improved inhibitory synaptic transmission in HD model mice.",medium
ndro-mvp-v0.1.2-20260823,2026-08-23,HD-R-062,HD,41424860,core,HD-R-062-I01,CLPB augmentation,genetic_manipulation,t,,,,,high,HD-R-062-O04,molecular_cellular result 4,molecular_cellular,positive_association,not_reported,,"These effects of CLPB overexpression were associated with a reduced mitochondrial aggregation burden, suggesting that ClpB contributes to mitochondrial protein quality control.",medium
ndro-mvp-v0.1.2-20260823,2026-08-23,HD-R-063,HD,40090469,core,,,,,,,,,,HD-R-063-O01,molecular_cellular result 1,molecular_cellular,not_reported,not_reported,,We found that D2 receptor-expressing indirect-pathway medium spiny neurons (D2-MSNs) present in the matrix striatal compartment undergo early morphological and electrophysiological maturation.,medium
ndro-mvp-v0.1.2-20260823,2026-08-23,HD-R-063,HD,40090469,core,,,,,,,,,,HD-R-063-O02,other result 2,other,decrease,not_reported,,"Additionally, we also observed a D2-MSN-selective reduction in glutamatergic cortico-striatal transmission at the beginning of the second postnatal week as well as a reduced projection of D2-MSNs onto the GPe at birth in R6/1 mice.",medium
ndro-mvp-v0.1.2-20260823,2026-08-23,HD-R-063,HD,40090469,core,,,,,,,,,,HD-R-063-O03,molecular_cellular result 3,molecular_cellular,not_reported,not_reported,,"These results identify a compartment- and cell-type specific defect in D2-MSNs maturation, which can contribute in their latter vulnerability, as this cell-type is the first to degenerate in HD during adulthood.",medium
ndro-mvp-v0.1.2-20260823,2026-08-23,HD-R-066,HD,36092363,core,HD-R-066-I01,allele-specific CRISPR-Cas9,gene_therapy,t,,,,,high,HD-R-066-O01,diagnostic_performance result 1,diagnostic_performance,not_reported,not_reported,,RNA-seq and off-target analysis confirmed high levels of allele specificity and the lack of recurrent off-targeting.,medium
ndro-mvp-v0.1.2-20260823,2026-08-23,HD-R-066,HD,36092363,core,HD-R-066-I01,allele-specific CRISPR-Cas9,gene_therapy,t,,,,,high,HD-R-066-O02,other result 2,other,not_reported,not_reported,,"Approximately 60% of HD subjects are eligible for mutant-specific CRISPR-Cas9 strategies of targeting one of these three PAS in conjunction with one non-allele-specific site, supporting high applicability of PAS-based allele-specific CRISPR approaches in the HD patient population.",high
ndro-mvp-v0.1.2-20260823,2026-08-23,HD-R-070,HD,39651151,separate,,,,,,,,,,HD-R-070-O01,histopathology result 1,histopathology,positive_association,not_reported,,"The NAT will increase efficiency of preclinical neuropathology assessment, allowing for a greater number of experimental therapies to be tested and facilitating drug discovery intractable neurodegenerative diseases.",medium
ndro-mvp-v0.1.2-20260823,2026-08-23,HD-R-076,HD,35671556,core,,,,,,,,,,HD-R-076-O01,molecular_cellular result 1,molecular_cellular,decrease,not_reported,,Differential tractography is a novel tractography modality that maps pathways with axonal injury characterized by a decrease of anisotropic diffusion pattern.,medium
ndro-mvp-v0.1.2-20260823,2026-08-23,HD-R-076,HD,35671556,core,,,,,,,,,,HD-R-076-O02,imaging result 2,imaging,positive_association,not_reported,,"We recruited sixteen patients scanned at 0-, 6-, and 12-month intervals by diffusion MRI scans for differential tractography assessment and correlated its volumetric findings with the Unified Huntington's Disease Rating Scale (UHDRS).",medium
ndro-mvp-v0.1.2-20260823,2026-08-23,HD-R-076,HD,35671556,core,,,,,,,,,,HD-R-076-O03,molecular_cellular result 3,molecular_cellular,positive_association,not_reported,,"Longitudinal data was modeled using the generalized estimating equation (GEE) model and correlated with UHDRS scores, in addition to Spearman correlation for cross-sectional data.",medium
ndro-mvp-v0.1.2-20260823,2026-08-23,HD-R-076,HD,35671556,core,,,,,,,,,,HD-R-076-O04,imaging result 4,imaging,positive_association,significant,,"Our results show that volumes of affected pathways revealed by differential tractography significantly correlated with UHDRS scores in longitudinal data (p-value < 0.001), and chronological changes in differential tractography also correlated with the changes in UHDRS (p-value < 0.001).",high
ndro-mvp-v0.1.2-20260823,2026-08-23,HD-R-077,HD,41928095,core,HD-R-077-I01,Neuronal RBFOX1 overexpression,gene_therapy,t,,,,HD mice without RBFOX1 overexpression,high,HD-R-077-O01,HD-associated mis-splicing,molecular_cellular,beneficial,not_reported,,RBFOX1 overexpression corrected several HD-associated mis-splicing events.,high
ndro-mvp-v0.1.2-20260823,2026-08-23,HD-R-077,HD,41928095,core,HD-R-077-I01,Neuronal RBFOX1 overexpression,gene_therapy,t,,,,HD mice without RBFOX1 overexpression,high,HD-R-077-O02,Neurodegeneration,histopathology,beneficial,not_reported,,RBFOX1 overexpression attenuated neurodegeneration.,high
ndro-mvp-v0.1.2-20260823,2026-08-23,HD-R-077,HD,41928095,core,HD-R-077-I01,Neuronal RBFOX1 overexpression,gene_therapy,t,,,,HD mice without RBFOX1 overexpression,high,HD-R-077-O03,Motor symptoms,clinical_motor,beneficial,not_reported,,RBFOX1 overexpression attenuated motor symptoms.,high
ndro-mvp-v0.1.2-20260823,2026-08-23,HD-R-078,HD,35238684,core,HD-R-078-I01,desonide,drug,t,,,,,high,HD-R-078-O01,molecular_cellular result 1,molecular_cellular,beneficial,not_reported,,We further tested these compounds using secondary phenotypic screens for their effects on mHTT-induced toxicity and revealed four potential mHTT-binding compounds that may rescue HD-relevant phenotypes.,medium
ndro-mvp-v0.1.2-20260823,2026-08-23,HD-R-079,HD,40348200,core,,,,,,,,,,HD-R-079-O01,behavior result 1,behavior,decrease,not_reported,,"Using a series of genetic mouse models, we investigated whether genetically reduced Rarβ expression synergizes with disease- causing mutant huntingtin (mHTT) fragment in R6/1 mice to accelerate HD-like behavioral, cellular and molecular striatal deregulations.",medium
ndro-mvp-v0.1.2-20260823,2026-08-23,HD-R-080,HD,37315450,core,,,,,,,,,,HD-R-080-O01,clinical_motor result 1,clinical_motor,positive_association,not_reported,,"We have previously shown that levels of plasma neurofilament light (NfL), a neuronal marker associated with axonal injury, are associated with predicted years to clinical motor diagnosis (CMD).",medium
ndro-mvp-v0.1.2-20260823,2026-08-23,HD-R-080,HD,37315450,core,,,,,,,,,,HD-R-080-O02,biomarker result 2,biomarker,beneficial,not_reported,,"Our objective in the current study was to determine whether HD-ISS categorisation, particularly for stages prior to CMD, could be improved with consideration of plasma NfL levels.",medium
ndro-mvp-v0.1.2-20260823,2026-08-23,HD-R-080,HD,37315450,core,,,,,,,,,,HD-R-080-O03,biomarker result 3,biomarker,not_reported,significant,,Plasma NfL levels also differed significantly across cohorts.,high
ndro-mvp-v0.1.2-20260823,2026-08-23,HD-R-080,HD,37315450,core,,,,,,,,,,HD-R-080-O04,biomarker result 4,biomarker,not_reported,not_reported,,Approximately 50% of Stage 1 participants had plasma NfL levels indicative of predicted CMD within ten years.,high
ndro-mvp-v0.1.2-20260823,2026-08-23,PD-R-002,PD,21454118,core,,,,,,,,,,PD-R-002-O01,diagnostic_performance result 1,diagnostic_performance,decrease,not_reported,,"RESULTS: Despite a reduction in both visual acuity and contrast sensitivity in the residual evaluable Parkinson's disease cohort, we did not detect any differences between the two study groups for any measures of retinal thickness, in contrast to previously published work.",medium
ndro-mvp-v0.1.2-20260823,2026-08-23,PD-R-002,PD,21454118,core,,,,,,,,,,PD-R-002-O02,diagnostic_performance result 2,diagnostic_performance,not_reported,not_reported,,"CONCLUSIONS: In addition to technical problems inherent in the evaluation, the lack of difference between Parkinson's disease and healthy control subjects suggests longitudinal studies, employing newer techniques, will be required to define the role of optical coherence tomography as a potential diagnostic biomarker.",medium
ndro-mvp-v0.1.2-20260823,2026-08-23,PD-R-003,PD,20188092,core,PD-R-003-I01,caffeine,drug,t,,,,,high,PD-R-003-O01,molecular_cellular result 1,molecular_cellular,beneficial,not_reported,,Caffeine protects against combined paraquat and maneb-induced dopaminergic neuron degeneration.,medium
ndro-mvp-v0.1.2-20260823,2026-08-23,PD-R-003,PD,20188092,core,PD-R-003-I01,caffeine,drug,t,,,,,high,PD-R-003-O02,other result 2,other,harmful,not_reported,,"Environmental exposures suspected of contributing to the pathophysiology of Parkinson's disease (PD) include potentially neurotoxic pesticides, which have been linked to an increased risk of PD.",medium
ndro-mvp-v0.1.2-20260823,2026-08-23,PD-R-003,PD,20188092,core,PD-R-003-I01,caffeine,drug,t,,,,,high,PD-R-003-O03,other result 3,other,beneficial,not_reported,,"Conversely, possible protective factors such as the adenosine antagonist caffeine have been linked to a reduced risk of the disease.",medium
ndro-mvp-v0.1.2-20260823,2026-08-23,PD-R-003,PD,20188092,core,PD-R-003-I01,caffeine,drug,t,,,,,high,PD-R-003-O04,other result 4,other,beneficial,significant,,The number of nigral neurons positive for tyrosine hydroxylase immunoreactivity (TH+) was assessed using stereological methods and found to be significantly reduced (to 60% of control) by combined pesticide treatment.,high
ndro-mvp-v0.1.2-20260823,2026-08-23,PD-R-006,PD,20213822,core,,,,,,,,,,PD-R-006-O01,disease_progression result 1,disease_progression,positive_association,not_reported,,This study was carried out to evaluate progression in Parkinson's disease (PD) by analyzing time taken to transit from one Hoehn and Yahr (H&Y) stage to the next stage and to investigate the variables that would be associated with H&Y transition times using a large PD database that contained prospectively collected information.,medium
ndro-mvp-v0.1.2-20260823,2026-08-23,PD-R-006,PD,20213822,core,,,,,,,,,,PD-R-006-O02,clinical_motor result 2,clinical_motor,positive_association,significant,,"Cox regression analysis revealed that older age-at-diagnosis, longer PD duration, and higher Unified Parkinson's Disease Rating Scale (UPDRS) motor scores at baseline were associated with a significantly faster progression through various H&Y stages.",high
ndro-mvp-v0.1.2-20260823,2026-08-23,PD-R-006,PD,20213822,core,,,,,,,,,,PD-R-006-O03,disease_progression result 3,disease_progression,positive_association,not_reported,,Gender and ethnicity were not associated with disease progression.,medium
ndro-mvp-v0.1.2-20260823,2026-08-23,PD-R-006,PD,20213822,core,,,,,,,,,,PD-R-006-O04,disease_progression result 4,disease_progression,not_reported,not_reported,,"In conclusion, H&Y transition time is a useful measure of disease progression in PD and may be utilized in clinical studies evaluating therapeutic interventions and prognostic factors in PD.",medium
ndro-mvp-v0.1.2-20260823,2026-08-23,PD-R-011,PD,22539619,separate,,,,,,,,,,PD-R-011-O01,biomarker result 1,biomarker,mixed,not_reported,,"The intracellular levels of cyclic AMP (cAMP) increase in response to cytotoxic concentrations of L-DOPA in PC12 cells, and forskolin that induces intracellular cAMP levels either protects PC12 cells from L-DOPA-induced cytotoxicity or enhances cytotoxicity in a concentration-dependent manner.",medium
ndro-mvp-v0.1.2-20260823,2026-08-23,PD-R-011,PD,22539619,separate,,,,,,,,,,PD-R-011-O02,biomarker result 2,biomarker,increase,not_reported,,"The low levels of forskolin (0.01 and 0.1 μM)-induced cAMP increased dopamine biosynthesis and tyrosine hydroxylase (TH) phosphorylation, and induced transient phosphorylation of ERK1/2 within 1 h.",medium
ndro-mvp-v0.1.2-20260823,2026-08-23,PD-R-011,PD,22539619,separate,,,,,,,,,,PD-R-011-O03,biomarker result 3,biomarker,increase,not_reported,,"However, at the high levels of forskolin (1.0 and 10 μM)-induced cAMP, dopamine biosynthesis and TH phosphorylation did not increase, but rapid differentiation in neurite-like formation was observed with a steady state.",medium
ndro-mvp-v0.1.2-20260823,2026-08-23,PD-R-011,PD,22539619,separate,,,,,,,,,,PD-R-011-O04,biomarker result 4,biomarker,increase,not_reported,,"The high levels of forskolin-induced cAMP also induced sustained increase in ERK1/2 phosphorylation within 0.25-6 h and then led to apoptosis, which was apparently mediated by JNK1/2 and caspase-3 activation.",medium
ndro-mvp-v0.1.2-20260823,2026-08-23,PD-R-016,PD,23368940,core,PD-R-016-I01,Trigonella foenum-graecum extract,dietary,t,,,,,high,PD-R-016-O01,other result 1,other,beneficial,not_reported,,CONTEXT: Neuroprotective therapy to rescue dopaminergic neurons is an important trait in the management of Parkinson's disease (PD).,medium
ndro-mvp-v0.1.2-20260823,2026-08-23,PD-R-016,PD,23368940,core,PD-R-016-I01,Trigonella foenum-graecum extract,dietary,t,,,,,high,PD-R-016-O02,biomarker result 2,biomarker,not_reported,not_reported,,RESULTS: The concentration of TGN in a test sample of SFSE-T was found to be 82%.,high
ndro-mvp-v0.1.2-20260823,2026-08-23,PD-R-016,PD,23368940,core,PD-R-016-I01,Trigonella foenum-graecum extract,dietary,t,,,,,high,PD-R-016-O03,other result 3,other,increase,significant,,"SFSE-T (30 mg/kg, oral) showed a significant increase in the number of ipsilateral rotations (45.67 rotations in 30-min period) as compared with vehicle control group (no rotations) when tested in 6-OHDA-induced unilateral lesioned rats.",high
ndro-mvp-v0.1.2-20260823,2026-08-23,PD-R-016,PD,23368940,core,PD-R-016-I01,Trigonella foenum-graecum extract,dietary,t,,,,,high,PD-R-016-O04,clinical_motor result 4,clinical_motor,beneficial,significant,,"SFSE-T (30 mg/kg, oral) showed significant reversal of motor dysfunction (spontaneous motor activity scores, speed, distance traveled and number of square crossed) caused by MPTP induced lesions in C57BL/6 mice in pretreatment (1 h) schedule but not in post-treatment (1 h) schedule.",high
ndro-mvp-v0.1.2-20260823,2026-08-23,PD-R-017,PD,20123040,separate,PD-R-017-I01,Genipin,drug,t,,,,stimulated control,high,PD-R-017-O01,Nitric oxide release,molecular_cellular,beneficial,not_reported,,Genipin reduced nitric oxide release from activated microglia.,high
ndro-mvp-v0.1.2-20260823,2026-08-23,PD-R-017,PD,20123040,separate,PD-R-017-I01,Genipin,drug,t,,,,stimulated control,high,PD-R-017-O02,Proinflammatory mediator production,molecular_cellular,beneficial,not_reported,,"Genipin reduced cytokines, prostaglandin E2, ROS and NF-κB activation.",high
ndro-mvp-v0.1.2-20260823,2026-08-23,PD-R-017,PD,20123040,separate,PD-R-017-I01,Genipin,drug,t,,,,stimulated control,high,PD-R-017-O03,Microglial activation in vivo,histopathology,beneficial,not_reported,,Genipin inhibited microglial activation in a mouse inflammation model.,high
ndro-mvp-v0.1.2-20260823,2026-08-23,PD-R-018,PD,19681683,core,PD-R-018-I01,deep brain stimulation,device,t,,,,,high,PD-R-018-O01,diagnostic_performance result 1,diagnostic_performance,positive_association,not_reported,,"OBJECT: The authors discuss their method for placement of deep brain stimulation (DBS) electrodes using interventional MR (iMR) imaging and report on the accuracy of the technique, its initial clinical efficacy, and associated complications in a consecutive series of subthalamic nucleus (STN) DBS implants to treat Parkinson disease (PD).",medium
ndro-mvp-v0.1.2-20260823,2026-08-23,PD-R-018,PD,19681683,core,PD-R-018-I01,deep brain stimulation,device,t,,,,,high,PD-R-018-O02,imaging result 2,imaging,not_reported,not_reported,,RESULTS: Twenty-nine patients with PD underwent iMR imaging-guided placement of 53 DBS electrodes into the STN.,medium
ndro-mvp-v0.1.2-20260823,2026-08-23,PD-R-018,PD,19681683,core,PD-R-018-I01,deep brain stimulation,device,t,,,,,high,PD-R-018-O03,other result 3,other,not_reported,significant,,The tip error was significantly smaller than for STN DBS electrodes implanted using traditional frame-based stereotaxy (3.1 +/- 1.41 mm).,high
ndro-mvp-v0.1.2-20260823,2026-08-23,PD-R-018,PD,19681683,core,PD-R-018-I01,deep brain stimulation,device,t,,,,,high,PD-R-018-O04,clinical_motor result 4,clinical_motor,beneficial,not_reported,,"In bilaterally implanted patients, the mean improvement on the UPDRS III at 9 months postimplantation was 60%.",high
ndro-mvp-v0.1.2-20260823,2026-08-23,PD-R-019,PD,20488273,core,,,,,,,,,,PD-R-019-O01,Specificity after removing somatic items,diagnostic_performance,decrease,not_reported,,Removing somatic items reduced specificity for both scales.,high
ndro-mvp-v0.1.2-20260823,2026-08-23,PD-R-019,PD,20488273,core,,,,,,,,,,PD-R-019-O02,MADRS sensitivity after removing somatic items,diagnostic_performance,increase,not_reported,,Removing somatic items increased MADRS sensitivity.,high
ndro-mvp-v0.1.2-20260823,2026-08-23,PD-R-020,PD,23675438,core,PD-R-020-I01,caspase-3 RNAi nanoparticles,gene_therapy,t,,,,,high,PD-R-020-O01,other result 1,other,not_reported,not_reported,,"As a result, inhibition the activation of caspase-3 would exert synergistic dual effect in brain in order to prevent the progress of Parkinson's disease.",medium
ndro-mvp-v0.1.2-20260823,2026-08-23,PD-R-020,PD,23675438,core,PD-R-020-I01,caspase-3 RNAi nanoparticles,gene_therapy,t,,,,,high,PD-R-020-O02,other result 2,other,not_reported,not_reported,,"The resultant brain-targeted vector was complexed with caspase-3 short hairpin RNA coding plasmid DNA, yielding nanoparticles.",medium
ndro-mvp-v0.1.2-20260823,2026-08-23,PD-R-020,PD,23675438,core,PD-R-020-I01,caspase-3 RNAi nanoparticles,gene_therapy,t,,,,,high,PD-R-020-O03,clinical_motor result 3,clinical_motor,beneficial,significant,,"A multiple dosing regimen by weekly intravenous administration of the nanoparticles could reduce activated casapse-3 levels, significantly improve locomotor activity and rescue dopaminergic neuronal loss and in Parkinson's disease rats' brain.",high
ndro-mvp-v0.1.2-20260823,2026-08-23,PD-R-020,PD,23675438,core,PD-R-020-I01,caspase-3 RNAi nanoparticles,gene_therapy,t,,,,,high,PD-R-020-O04,molecular_cellular result 4,molecular_cellular,not_reported,not_reported,,These results indicated the rabies virus glycoprotein peptide modified brain-targeted nanoparticles were promising gene delivery system for RNA interference to achieve anti-apoptotic and anti-inflammation synergistic therapeutic effects by down-regulation the expression and activation of caspase-3.,medium
ndro-mvp-v0.1.2-20260823,2026-08-23,PD-R-021,PD,26671120,core,,,,,,,,,,PD-R-021-O01,Delayed cardiac MIBG H/M ratio,imaging,decrease,significant,other groups,Probable PD had a lower delayed H/M ratio.,high
ndro-mvp-v0.1.2-20260823,2026-08-23,PD-R-021,PD,26671120,core,,,,,,,,,,PD-R-021-O02,MIBG washout rate,imaging,increase,significant,other groups,Probable PD had a higher washout rate.,high
ndro-mvp-v0.1.2-20260823,2026-08-23,PD-R-021,PD,26671120,core,,,,,,,,,,PD-R-021-O03,Serial MIBG change,disease_progression,mixed,significant,,"During follow-up, delayed H/M decreased and washout increased.",high
ndro-mvp-v0.1.2-20260823,2026-08-23,PD-R-023,PD,27356592,core,,,,,,,,,,PD-R-023-O01,molecular_cellular result 1,molecular_cellular,positive_association,not_reported,,AIM: Evidence suggests that falls and associated bone fractures are more frequent in patients suffering from Parkinson's disease (PD) than in the general population.,medium
ndro-mvp-v0.1.2-20260823,2026-08-23,PD-R-023,PD,27356592,core,,,,,,,,,,PD-R-023-O02,service_delivery result 2,service_delivery,positive_association,not_reported,,"In this cross-sectional study we evaluated the clinical and biochemical characteristics that are associated to falls, fractures and bone health in a population of PD subjects.",medium
ndro-mvp-v0.1.2-20260823,2026-08-23,PD-R-023,PD,27356592,core,,,,,,,,,,PD-R-023-O03,other result 3,other,increase,significant,,"RESULTS: We detected a greater degree of osteoporosis in PD subjects as compared to controls, more pronounced in males than in females (Z-score: M -3.8 ± 1.6, F -2.28 ± 0.92, p = 0.0006).",high
ndro-mvp-v0.1.2-20260823,2026-08-23,PD-R-023,PD,27356592,core,,,,,,,,,,PD-R-023-O04,other result 4,other,positive_association,not_reported,,These were associated to post-traumatic fractures in 16 subjects (59% of fallers).,high
ndro-mvp-v0.1.2-20260823,2026-08-23,PD-R-027,PD,25537852,core,,,,,,,,,,PD-R-027-O01,biomarker result 1,biomarker,mixed,not_reported,,"Our study showed that salsolinol had biphasic effects, namely, at lower concentrations (50 and 100 µM), it demonstrated a distinct neuroprotective activity, whereas in the highest one (500 µM) caused neurotoxic effect.",medium
ndro-mvp-v0.1.2-20260823,2026-08-23,PD-R-027,PD,25537852,core,,,,,,,,,,PD-R-027-O02,biomarker result 2,biomarker,beneficial,significant,,Salsolinol in concentrations of 50 and 100 µM significantly antagonized the pro-apoptotic and neurotoxic effects caused by 1 mM glutamate.,high
ndro-mvp-v0.1.2-20260823,2026-08-23,PD-R-027,PD,25537852,core,,,,,,,,,,PD-R-027-O03,survival result 3,survival,increase,not_reported,,Salsolinol diminished the number of bright fragmented nuclei with condensed chromatin and increased cell survival in Hoechst 33342 and calcein AM staining in hippocampal cultures.,medium
ndro-mvp-v0.1.2-20260823,2026-08-23,PD-R-027,PD,25537852,core,,,,,,,,,,PD-R-027-O04,biomarker result 4,biomarker,decrease,significant,,"Additionally, in the low 50 µM concentration, it produced a significant inhibition of glutamate-induced loss of membrane mitochondrial potential.",high
ndro-mvp-v0.1.2-20260823,2026-08-23,PD-R-029,PD,24700259,core,,,,,,,,,,PD-R-029-O01,other result 1,other,not_reported,not_reported,,RESULTS: Frequent fallers had more ADL limitations than nonfallers (p < .001) and rare fallers (p = .004).,high
ndro-mvp-v0.1.2-20260823,2026-08-23,PD-R-029,PD,24700259,core,,,,,,,,,,PD-R-029-O02,other result 2,other,harmful,not_reported,,CONCLUSIONS: Falls and fear of falling were associated with more ADL limitations and less physical activity after adjusting for physical impairments.,medium
ndro-mvp-v0.1.2-20260823,2026-08-23,PD-R-030,PD,26797368,core,,,,,,,,,,PD-R-030-O01,other result 1,other,not_reported,not_reported,,RESULTS: The mean (± SD) age of the patients was 67.7 (± 10.6) years.,medium
ndro-mvp-v0.1.2-20260823,2026-08-23,PD-R-030,PD,26797368,core,,,,,,,,,,PD-R-030-O02,other result 2,other,decrease,significant,,The NC ratio (the NAA-to-creatine ratio for the initially symptomatic side or the body divided by the NAA-to-creatine ratio for the contralateral side) for the bilateral GP (BGPNC) was significantly lower in the patients with stages 1-2 PD than in the patients with stages 3-5 PD (0.68 ± 0.23 vs 0.84 ± 0.11; p = 0.023).,high
ndro-mvp-v0.1.2-20260823,2026-08-23,PD-R-030,PD,26797368,core,,,,,,,,,,PD-R-030-O03,clinical_motor result 3,clinical_motor,negative_association,significant,,The NAA-to-creatine ratio for the initially symptomatic side of the SN was negatively correlated with the UPDRS score (r = -0.379; p = 0.039).,high
ndro-mvp-v0.1.2-20260823,2026-08-23,PD-R-030,PD,26797368,core,,,,,,,,,,PD-R-030-O04,other result 4,other,not_reported,not_reported,,"CONCLUSION: In early PD, the changes in the GP are more pronounced on the side affected at the onset of PD, which may contribute to the development of asymmetric symptoms and signs.",medium
ndro-mvp-v0.1.2-20260823,2026-08-23,PD-R-031,PD,27812756,core,,,,,,,,,,PD-R-031-O01,other result 1,other,no_effect,not_significant,,"Although scores decreased over time, no significant difference was found between global taste scores of first and second evaluation, neither comparing every single taste quality (WMT: p = 0.234, Mann-Whitney U test; TST: p = 0.747, Mann-Whitney U test; McNemar chi-square in the range of 0-1.455).",high
ndro-mvp-v0.1.2-20260823,2026-08-23,PD-R-031,PD,27812756,core,,,,,,,,,,PD-R-031-O02,other result 2,other,harmful,not_reported,,"These results confirm a persistent but slight and stable taste impairment, in patients with Parkinson's disease.",medium
ndro-mvp-v0.1.2-20260823,2026-08-23,PD-R-038,PD,24753662,core,,,,,,,,,,PD-R-038-O01,other result 1,other,not_reported,not_reported,,RESULTS: All of them completed the task of swallowing.,medium
ndro-mvp-v0.1.2-20260823,2026-08-23,PD-R-038,PD,24753662,core,,,,,,,,,,PD-R-038-O02,imaging result 2,imaging,mixed,significant,,"The PD patients showed decreased swallowing speed (7.15 ml/s in males and 6.61 ml/s in females), decreased swallowing volume (14.59 ml/swallow and 14 ml/swallow in females), and increased swallowing duration (2.37 s/swallow and 2.42 s/swallow) which are statistically significant.",high
ndro-mvp-v0.1.2-20260823,2026-08-23,PD-R-038,PD,24753662,core,,,,,,,,,,PD-R-038-O03,other result 3,other,not_reported,significant,,"There was a significant positive correlation between the severity, duration, and staging of the disease with the swallowing performance and a poor correlation between the subjective reports of dysphagia and the objective performance on water swallow test.",high
ndro-mvp-v0.1.2-20260823,2026-08-23,PD-R-038,PD,24753662,core,,,,,,,,,,PD-R-038-O04,other result 4,other,not_reported,not_reported,,CONCLUSION: The water swallowing test is a simple bedside test to identify the swallowing changes early in PD.,medium
ndro-mvp-v0.1.2-20260823,2026-08-23,PD-R-039,PD,24357102,core,,,,,,,,,,PD-R-039-O01,service_delivery result 1,service_delivery,beneficial,not_reported,,PURPOSE: We sought to improve a previous algorithm to ascertain Parkinson's disease (PD) in the Cardiovascular Health Study by incorporating additional data from Medicare outpatient claims.,medium
ndro-mvp-v0.1.2-20260823,2026-08-23,PD-R-039,PD,24357102,core,,,,,,,,,,PD-R-039-O02,other result 2,other,not_reported,not_reported,,"We compared our results to the previous algorithm in terms of baseline prevalence and incidence of PD, as well as associations with baseline smoking characteristics.",medium
ndro-mvp-v0.1.2-20260823,2026-08-23,PD-R-039,PD,24357102,core,,,,,,,,,,PD-R-039-O03,other result 3,other,not_reported,not_reported,,RESULTS: We identified 75 additional cases but reclassified 80 previously identified cases as not having PD.,medium
ndro-mvp-v0.1.2-20260823,2026-08-23,PD-R-039,PD,24357102,core,,,,,,,,,,PD-R-039-O04,other result 4,other,negative_association,significant,,"We observed significant inverse association with smoking status (odds ratio = 0.42; 95% confidence interval (CI) = 0.22, 0.79), and inverse linear trends with pack-years (p = 0.005), and cigarettes per day (p = 0.019) with incident PD.",high
ndro-mvp-v0.1.2-20260823,2026-08-23,PD-R-044,PD,34512944,core,PD-R-044-I01,deep brain stimulation,device,f,,,,,high,PD-R-044-O01,clinical_motor result 1,clinical_motor,mixed,not_reported,,"RESULTS: There were increased ReHo in the basal ganglia-thalamocortical circuit (left supplementary motor area and bilateral paracentral lobule), whereas decreased ReHo in the default mode network (DMN) (left angular gyrus, bilateral precuneus), prefrontal cortex (bilateral middle frontal gyrus), and the cerebello-thalamocortical (CTC) circuit (Cerebellum_crus2/1_L) after DBS.",medium
ndro-mvp-v0.1.2-20260823,2026-08-23,PD-R-044,PD,34512944,core,PD-R-044-I01,deep brain stimulation,device,f,,,,,high,PD-R-044-O02,imaging result 2,imaging,not_reported,not_reported,,"CONCLUSION: Microlesion of the thalamus caused by electrode implantation can alter the activity of the basal ganglia-thalamocortical circuit, prefrontal cortex, DMN, and CTC circuit and induce abnormal FC in the lingual gyrus, cerebellum, prefrontal cortex, and DMN among PD patients.",medium
ndro-mvp-v0.1.2-20260823,2026-08-23,PD-R-047,PD,31995497,core,,,,,,,,,,PD-R-047-O01,clinical_motor result 1,clinical_motor,harmful,not_reported,,Prediction of Freezing of Gait in Patients With Parkinson's Disease by Identifying Impaired Gait Patterns.,medium
ndro-mvp-v0.1.2-20260823,2026-08-23,PD-R-047,PD,31995497,core,,,,,,,,,,PD-R-047-O02,clinical_motor result 2,clinical_motor,not_reported,not_reported,,"Freezing of gait (FoG) prediction, combined with rhythmic laser cues, may help Parkinson's disease (PD) patients overcome FoG episodes.",medium
ndro-mvp-v0.1.2-20260823,2026-08-23,PD-R-047,PD,31995497,core,,,,,,,,,,PD-R-047-O03,clinical_motor result 3,clinical_motor,harmful,not_reported,,This study aimed to utilize the impaired gait patterns preceding FoG to build a machine-learning-based model for FoG prediction.,medium
ndro-mvp-v0.1.2-20260823,2026-08-23,PD-R-047,PD,31995497,core,,,,,,,,,,PD-R-047-O04,clinical_motor result 4,clinical_motor,harmful,not_reported,,"Step-based impaired gait features and conventional FoG detection features were extracted from the signals, based on which two FoG prediction models were built using AdaBoost to validate if the use of the impaired gait features can better predict FoG.",medium
ndro-mvp-v0.1.2-20260823,2026-08-23,PD-R-048,PD,30069080,core,,,,,,,,,,PD-R-048-O01,behavior result 1,behavior,not_reported,not_reported,,RESULTS: This study consisted of 310 patients with PD among whom 12% had generalized anxiety.,high
ndro-mvp-v0.1.2-20260823,2026-08-23,PD-R-048,PD,30069080,core,,,,,,,,,,PD-R-048-O02,other result 2,other,not_reported,not_significant,,Neither age nor gender was significant onset predictors at P = 0.05.,high
ndro-mvp-v0.1.2-20260823,2026-08-23,PD-R-048,PD,30069080,core,,,,,,,,,,PD-R-048-O03,behavior result 3,behavior,increase,not_significant,,The impact of progression of H and Y Stages 2-3 and 2-4 increased the odds of generalized anxiety disorder (GAD) prevalence though it was statistically insignificant at P = 0.05.,high
ndro-mvp-v0.1.2-20260823,2026-08-23,PD-R-048,PD,30069080,core,,,,,,,,,,PD-R-048-O04,behavior result 4,behavior,increase,not_reported,,CONCLUSIONS: Clinicians should not expect the risk of developing anxiety to depend on gender nor change as a function of age though it may increase with symptomatic progression of PD as outlined by H and Y.,medium
ndro-mvp-v0.1.2-20260823,2026-08-23,PD-R-050,PD,29307561,core,,,,,,,,,,PD-R-050-O01,other result 1,other,not_reported,not_reported,,"RESULTS: Relative to the two control groups, Parkinson's disease patients had abnormal task related activity during both reward anticipation in the ventral striatum and reward outcome in the orbitofrontal cortex.",medium
ndro-mvp-v0.1.2-20260823,2026-08-23,PD-R-050,PD,29307561,core,,,,,,,,,,PD-R-050-O02,other result 2,other,no_effect,not_reported,,There were no effects of ageing.,medium
ndro-mvp-v0.1.2-20260823,2026-08-23,PD-R-050,PD,29307561,core,,,,,,,,,,PD-R-050-O03,other result 3,other,not_reported,not_reported,,CONCLUSION: These findings demonstrate abnormalities in anticipatory as well as reward outcome processing while treated primarily with levodopa.,medium
ndro-mvp-v0.1.2-20260823,2026-08-23,PD-R-054,PD,33004605,core,,,,,,,,,,PD-R-054-O01,behavior result 1,behavior,not_reported,not_reported,,"RESULTS: Prevalence rates included 29.0% of patients with PD with depression, 40.7% with anxiety, 41.3% with apathy, 27.6% with ICDs, and 17.0% with both apathy and ICD.",high
ndro-mvp-v0.1.2-20260823,2026-08-23,PD-R-054,PD,33004605,core,,,,,,,,,,PD-R-054-O02,behavior result 2,behavior,increase,significant,,"The majority (61.6%) of people reporting clinically significant ICDs also reported clinically significant apathy, and more than a third of patients with apathy (41.3%) also reported elevated ICD.",high
ndro-mvp-v0.1.2-20260823,2026-08-23,PD-R-054,PD,33004605,core,,,,,,,,,,PD-R-054-O03,other result 3,other,not_reported,significant,,Mood significantly interacted with demographic variables to predict motivational disturbances.,high
ndro-mvp-v0.1.2-20260823,2026-08-23,PD-R-054,PD,33004605,core,,,,,,,,,,PD-R-054-O04,other result 4,other,not_reported,not_reported,,CONCLUSIONS: Motivational disturbances are common comorbid conditions in patients with PD.,medium
ndro-mvp-v0.1.2-20260823,2026-08-23,PD-R-055,PD,35082741,core,PD-R-055-I01,Wearing unfamiliar HoloLens without Holocue,device,f,,,,walking without HoloLens,high,PD-R-055-O01,FOG during initial HoloLens use,clinical_motor,harmful,significant,,Initial HoloLens use increased FOG episodes and duration.,high
ndro-mvp-v0.1.2-20260823,2026-08-23,PD-R-055,PD,35082741,core,PD-R-055-I01,Wearing unfamiliar HoloLens without Holocue,device,f,,,,walking without HoloLens,high,PD-R-055-O02,Habituation to HoloLens,feasibility,beneficial,not_reported,,The unfamiliarity effect disappeared after habituation.,high
ndro-mvp-v0.1.2-20260823,2026-08-23,PD-R-055,PD,35082741,core,PD-R-055-I02,Holocue visual cueing,device,t,,,,HoloLens without Holocue,high,PD-R-055-O03,Immediate overall Holocue effect on FOG,clinical_motor,no_effect,not_reported,,Holocue had no overall immediate effect on FOG.,high
ndro-mvp-v0.1.2-20260823,2026-08-23,PD-R-055,PD,35082741,core,PD-R-055-I02,Holocue visual cueing,device,t,,,,HoloLens without Holocue,high,PD-R-055-O04,Individual Holocue response,clinical_motor,mixed,not_reported,,Some participants reported or demonstrated benefit.,high
ndro-mvp-v0.1.2-20260823,2026-08-23,PD-R-056,PD,31946640,core,,,,,,,,,,PD-R-056-O01,cognition result 1,cognition,not_reported,significant,,"Unlike these conventional machine learning methods relying on hand-crafted features, the deep convolutional neural networks, which have achieved significant success in medical applications recently, have the advantage of learning salient feature representations automatically and effectively.",high
ndro-mvp-v0.1.2-20260823,2026-08-23,PD-R-056,PD,31946640,core,,,,,,,,,,PD-R-056-O02,clinical_motor result 2,clinical_motor,beneficial,not_reported,,"In addition to improving the accuracy in the differential diagnosis of parkinsonism compared to state-of-the-art approaches, the deep learning methods also discovered saliency features in a number of critical regions (e.g., midbrain), which are widely accepted as characteristic pathological regions for movement disorders but were ignored in the conventional analysis of FDG PET images.",medium
ndro-mvp-v0.1.2-20260823,2026-08-23,PD-R-062,PD,38815233,core,,,,,,,,,,PD-R-062-O01,cognition result 1,cognition,harmful,not_reported,,"RESULTS: Of 103 participants (mean age: 70.3 years; 37.3% female), 52 had LBD with impaired cognition (LBD-I), 26 had normal cognition (LBD-N), and 25 were A- healthy controls (HCs).",high
ndro-mvp-v0.1.2-20260823,2026-08-23,PD-R-062,PD,38815233,core,,,,,,,,,,PD-R-062-O02,imaging result 2,imaging,decrease,significant,,"Volumes of hippocampal subregions prone to AD copathologies, including subiculum (F = 6.9, p = 0.002), presubiculum (F = 7.3, p = 0.001), and parasubiculum (F = 5.9, p = 0.004), were reduced in LBD-I compared with LBD-N and HC.",high
ndro-mvp-v0.1.2-20260823,2026-08-23,PD-R-062,PD,38815233,core,,,,,,,,,,PD-R-062-O03,cognition result 3,cognition,harmful,significant,,"In LBD-I, reduced CA1, subiculum, and presubiculum volumes were associated with greater functional cognitive impairment (all p < 0.05).",high
ndro-mvp-v0.1.2-20260823,2026-08-23,PD-R-062,PD,38815233,core,,,,,,,,,,PD-R-062-O04,imaging result 4,imaging,decrease,significant,,"Compared with HC, subiculum volume was reduced in A+T+ but not A-T- participants (F = 2.62, p = 0.043).",high
ndro-mvp-v0.1.2-20260823,2026-08-23,PD-R-063,PD,37983933,core,PD-R-063-I01,anti-Parkinson pharmacotherapy,drug,t,,,,,high,PD-R-063-O01,other result 1,other,not_reported,not_reported,,RESULTS: A total of 384 patients with eligible medical records for three consecutive years were enrolled.,medium
ndro-mvp-v0.1.2-20260823,2026-08-23,PD-R-063,PD,37983933,core,PD-R-063-I01,anti-Parkinson pharmacotherapy,drug,t,,,,,high,PD-R-063-O02,other result 2,other,beneficial,significant,,"Patients treated with carbidopa/levodopa or levodopa/benserazide had significantly lower mean ΔLEDs than other groups (p < 0.01), followed by pramipexole and selegiline.",high
ndro-mvp-v0.1.2-20260823,2026-08-23,PD-R-063,PD,37983933,core,PD-R-063-I01,anti-Parkinson pharmacotherapy,drug,t,,,,,high,PD-R-063-O03,other result 3,other,beneficial,significant,,"Meanwhile, LEDc in the levodopa/benserazide, carbidopa/levodopa, and piribedil groups were significantly lower than those in pramipexole or selegiline groups ($0.088-0.135/day for levodopa/benserazide; $0.070-0.126/day for carbidopa/levodopa; $0.112-0.138/day for piribedil; $0.290-0.332/day for pramipexole; $0.229-0.544/day for selegiline; p < 0.01).",high
ndro-mvp-v0.1.2-20260823,2026-08-23,PD-R-063,PD,37983933,core,PD-R-063-I01,anti-Parkinson pharmacotherapy,drug,t,,,,,high,PD-R-063-O04,behavior result 4,behavior,beneficial,not_reported,,"CONCLUSIONS: Carbidopa/levodopa or levodopa/benserazide might exhibit better clinical improvement with less medical cost, while piribedil presented less clinical improvement but a higher risk of headache/dizziness, gastrointestinal, and neuropsychiatric symptoms.",medium
ndro-mvp-v0.1.2-20260823,2026-08-23,PD-R-064,PD,40280955,core,,,,,,,,,,PD-R-064-O01,clinical_motor result 1,clinical_motor,mixed,not_reported,,"Two subtypes were identified: the early-deterioration subtype, characterized by fronto-temporal atrophy, parietal thickening, widespread reductions in fractional anisotropy (FA) values, and increased subcortical iron content, which exhibited more severe baseline symptoms and a trend of faster memory decline; and the early-compensatory subtype, characterized by rostral middle frontal atrophy, parietal-occipital thickening, increased FA values, and normal iron content, which exhibited milder symptoms initially but experienced faster progression of both motor and non-motor symptoms.",medium
ndro-mvp-v0.1.2-20260823,2026-08-23,PD-R-067,PD,41177132,core,,,,,,,,,,PD-R-067-O01,other result 1,other,positive_association,significant,,RESULTS: TT values were significantly different when comparing HC to PD and PD-PS to PD-PI.,high
ndro-mvp-v0.1.2-20260823,2026-08-23,PD-R-067,PD,41177132,core,,,,,,,,,,PD-R-067-O02,other result 2,other,positive_association,significant,,"Significant differences were also found when comparing TT values among ""stable"" vs ""unstable"" trials, as well as when comparing TT values before and after LD administration.",high
ndro-mvp-v0.1.2-20260823,2026-08-23,PD-R-067,PD,41177132,core,,,,,,,,,,PD-R-067-O03,biomarker result 3,biomarker,positive_association,not_reported,,"CONCLUSIONS: TT may represent a reliable biomarker of PI in PD, resulting modified by LD.",medium
ndro-mvp-v0.1.2-20260823,2026-08-23,PD-R-067,PD,41177132,core,,,,,,,,,,PD-R-067-O04,other result 4,other,not_reported,not_reported,,Study results highlight dopaminergic mechanisms underlying PI in PD.,medium
ndro-mvp-v0.1.2-20260823,2026-08-23,PD-R-068,PD,37839283,core,PD-R-068-I01,NSAID exposure,experimental_exposure,f,,,,,high,,,,,,,,
ndro-mvp-v0.1.2-20260823,2026-08-23,PD-R-069,PD,39229982,core,PD-R-069-I01,plumbagin,drug,t,,,,,high,PD-R-069-O01,clinical_motor result 1,clinical_motor,beneficial,not_reported,,RESULTS: Plumbagin was found to alleviate rotenone-induced motor abnormalities and restore brain dopamine levels.,medium
ndro-mvp-v0.1.2-20260823,2026-08-23,PD-R-069,PD,39229982,core,PD-R-069-I01,plumbagin,drug,t,,,,,high,PD-R-069-O02,other result 2,other,not_reported,not_reported,,CONCLUSION: These findings underscore the potential therapeutic efficacy of plumbagin in mitigating behavioural deficits in rotenone-induced rodents.,medium
ndro-mvp-v0.1.2-20260823,2026-08-23,PD-R-071,PD,35628808,core,PD-R-071-I01,deep brain stimulation,device,t,,,,,high,PD-R-071-O01,feasibility result 1,feasibility,beneficial,not_reported,,Additional Benefit of Intraoperative Electroacupuncture in Improving Tolerance of Deep Brain Stimulation Surgical Procedure in Parkinsonian Patients.,medium
ndro-mvp-v0.1.2-20260823,2026-08-23,PD-R-071,PD,35628808,core,PD-R-071-I01,deep brain stimulation,device,t,,,,,high,PD-R-071-O02,other result 2,other,not_reported,not_reported,,RESULTS: The data of nine patients were analyzed in each group.,medium
ndro-mvp-v0.1.2-20260823,2026-08-23,PD-R-071,PD,35628808,core,PD-R-071-I01,deep brain stimulation,device,t,,,,,high,PD-R-071-O03,imaging result 3,imaging,increase,not_reported,,"Although pain and tiredness increased in both groups after placement of the stereotactic frame, the ESAS item ""lack of appetite"", as well as the ESAS total score and physical subscore increased after completion of the first burr hole until the end of the surgical procedure in the control group only.",medium
ndro-mvp-v0.1.2-20260823,2026-08-23,PD-R-071,PD,35628808,core,PD-R-071-I01,deep brain stimulation,device,t,,,,,high,PD-R-071-O04,other result 4,other,increase,significant,,ESAS total score and physical subscore were significantly higher at the end of the intervention in the control group compared to the EA group.,high
ndro-mvp-v0.1.2-20260823,2026-08-23,PD-R-071,PD,35628808,core,PD-R-071-I02,electroacupuncture,behavioral,t,,,,,high,,,,,,,,
ndro-mvp-v0.1.2-20260823,2026-08-23,PD-R-071,PD,35628808,core,PD-R-071-I03,EA in addition,drug,t,,,,,medium,,,,,,,,
ndro-mvp-v0.1.2-20260823,2026-08-23,PD-R-073,PD,41051687,core,,,,,,,,,,PD-R-073-O01,diagnostic_performance result 1,diagnostic_performance,not_reported,not_reported,,"RESULTS: The SVM model demonstrated the best external validation performance (AUC = 0.916, recall = 0.949, F1-score = 0.843).",medium
ndro-mvp-v0.1.2-20260823,2026-08-23,PD-R-073,PD,41051687,core,,,,,,,,,,PD-R-073-O02,other result 2,other,not_reported,not_reported,,"SHAP analysis revealed superoxide dismutase (SOD) contributed the most to the model prediction, followed by gender and uric acid (UA).",medium
ndro-mvp-v0.1.2-20260823,2026-08-23,PD-R-073,PD,41051687,core,,,,,,,,,,PD-R-073-O03,other result 3,other,negative_association,significant,,"Furthermore, albumin (ALB) and SOD showed significant negative correlations with PD severity.",high
ndro-mvp-v0.1.2-20260823,2026-08-23,PD-R-073,PD,41051687,core,,,,,,,,,,PD-R-073-O04,disease_progression result 4,disease_progression,not_reported,not_reported,,"CONCLUSION: The SVM-based diagnostic model effectively differentiates PD from controls using readily obtainable clinical biomarkers, offering promising clinical utility for PD screening, diagnosis, and progression monitoring.",medium
ndro-mvp-v0.1.2-20260823,2026-08-23,PD-R-074,PD,36637746,core,,,,,,,,,,PD-R-074-O01,molecular_cellular result 1,molecular_cellular,decrease,not_reported,,"In mice receiving the intranigral injection of recombinant human α-syn, we found that the glymphatic suppression via aquaporin-4 (AQP4) gene deletion or acetazolamide treatment reduced the clearance of injected α-syn from the brain.",medium
ndro-mvp-v0.1.2-20260823,2026-08-23,PD-R-074,PD,36637746,core,,,,,,,,,,PD-R-074-O02,molecular_cellular result 2,molecular_cellular,decrease,not_reported,,We also found that the overexpression of A53T-α-syn reduced the expression/polarization of AQP4 and suppressed the glymphatic activity of mice.,medium
ndro-mvp-v0.1.2-20260823,2026-08-23,PD-R-075,PD,40456474,core,PD-R-075-I01,Salvia miltiorrhiza Bunge extract,drug,t,,,,rotenone model control,high,PD-R-075-O01,Motor dysfunction,clinical_motor,beneficial,significant,,SME improved motor dysfunction in rotenone-exposed rats.,high
ndro-mvp-v0.1.2-20260823,2026-08-23,PD-R-075,PD,40456474,core,PD-R-075-I01,Salvia miltiorrhiza Bunge extract,drug,t,,,,rotenone model control,high,PD-R-075-O02,Dopaminergic neuron degeneration,histopathology,beneficial,not_reported,,SME mitigated dopaminergic neuron degeneration.,high
ndro-mvp-v0.1.2-20260823,2026-08-23,PD-R-075,PD,40456474,core,PD-R-075-I01,Salvia miltiorrhiza Bunge extract,drug,t,,,,rotenone model control,high,PD-R-075-O03,PINK1/Parkin pathway activation,molecular_cellular,increase,significant,,SME activated the PINK1/Parkin pathway.,high
ndro-mvp-v0.1.2-20260823,2026-08-23,PD-R-075,PD,40456474,core,PD-R-075-I01,Salvia miltiorrhiza Bunge extract,drug,t,,,,rotenone model control,high,PD-R-075-O04,Mitophagy and PC12 protection,molecular_cellular,beneficial,not_reported,,SME induced mitophagy and protected PC12 cells from rotenone damage.,high
ndro-mvp-v0.1.2-20260823,2026-08-23,PD-R-077,PD,36939184,core,,,,,,,,,,PD-R-077-O01,other result 1,other,beneficial,significant,,The early detection of Parkinson's disease (PD) can significantly improve treatment and quality of life in patients.,high
ndro-mvp-v0.1.2-20260823,2026-08-23,PD-R-077,PD,36939184,core,,,,,,,,,,PD-R-077-O02,biomarker result 2,biomarker,beneficial,not_reported,,"Therefore, its sensitive detection with fast and robust methods can improve its use as a biomarker.",medium
ndro-mvp-v0.1.2-20260823,2026-08-23,PD-R-077,PD,36939184,core,,,,,,,,,,PD-R-077-O03,biomarker result 3,biomarker,not_reported,not_reported,,"Moreover, we showed that SERS can allow us to identify CDA in aqueous media at low concentration, leading to the identification of some of its characteristic bands in pure water and in synthetic cerebrospinal fluid (SCSF) below 1 × 10-8 M, while its band identification in simulated urine (SUR) can be reached at 1 × 10-7 M.",medium
ndro-mvp-v0.1.2-20260823,2026-08-23,PD-R-077,PD,36939184,core,,,,,,,,,,PD-R-077-O04,biomarker result 4,biomarker,beneficial,significant,,"In conclusion, we show that CDA can be suitably detected by means of label-free SERS spectroscopy, which can significantly improve its sensitive detection for further analytical studies as a novel biomarker and further clinical diagnosis in PD patients.",high
ndro-mvp-v0.1.2-20260823,2026-08-23,PD-R-080,PD,36718788,core,PD-R-080-I01,deep brain stimulation,device,t,,,,,high,PD-R-080-O01,other result 1,other,beneficial,not_reported,,Christmas-Related Reduction in Beta Activity in Parkinson's Disease.,medium
ndro-mvp-v0.1.2-20260823,2026-08-23,PD-R-080,PD,36718788,core,PD-R-080-I01,deep brain stimulation,device,t,,,,,high,PD-R-080-O02,other result 2,other,beneficial,significant,,"RESULTS: Beta activity was significantly reduced on Christmas Eve in all patients (4.00-9.00 p.m.: -12.30 ± 10.78%, P = 0.015).",high
ndro-mvp-v0.1.2-20260823,2026-08-23,PD-R-080,PD,36718788,core,PD-R-080-I01,deep brain stimulation,device,t,,,,,high,PD-R-080-O03,biomarker result 3,biomarker,beneficial,not_reported,,CONCLUSIONS: We demonstrate that festive events can reduce beta biomarker activity.,medium
